country,year,iso_code,primary_energy_consumption,energy_cons_change_pct,energy_cons_change_twh,energy_per_capita,fossil_cons_change_pct,fossil_cons_change_twh,fossil_energy_per_capita,fossil_share_energy,low_carbon_cons_change_pct,low_carbon_cons_change_twh,low_carbon_energy_per_capita,low_carbon_share_energy,coverage_ratio_twh,coverage_pct ,coverage_band,shortfall_twh
Afghanistan,1980,AFG,7.791,,,623.929,,,,,,,,,0,0,Low,0
Afghanistan,1981,AFG,8.777,12.663,0.987,786.837,,,,,,,,,0,0,Low,0.987
Afghanistan,1982,AFG,9.348,6.505,0.571,926.651,,,,,,,,,0,0,Low,0.571
Afghanistan,1983,AFG,11.436,22.334,2.088,1149.196,,,,,,,,,0,0,Low,2.088
Afghanistan,1984,AFG,11.489,0.462,0.053,1121.573,,,,,,,,,0,0,Low,0.053
Afghanistan,1985,AFG,11.217,-2.365,-0.272,1067.071,,,,,,,,,0,0,Low,-0.272
Afghanistan,1986,AFG,11.462,2.185,0.245,1097.04,,,,,,,,,0,0,Low,0.245
Afghanistan,1987,AFG,18.483,61.246,7.02,1790.467,,,,,,,,,0,0,Low,7.02
Afghanistan,1988,AFG,32.596,76.359,14.113,3139.185,,,,,,,,,0,0,Low,14.113
Afghanistan,1989,AFG,32.052,-1.669,-0.544,3003.004,,,,,,,,,0,0,Low,-0.544
Afghanistan,1990,AFG,31.746,-0.955,-0.306,2968.316,,,,,,,,,0,0,Low,-0.306
Afghanistan,1991,AFG,13.903,-56.206,-17.843,1293.862,,,,,,,,,0,0,Low,-17.843
Afghanistan,1992,AFG,9.168,-34.058,-4.735,760.342,,,,,,,,,0,0,Low,-4.735
Afghanistan,1993,AFG,9.105,-0.681,-0.062,650.207,,,,,,,,,0,0,Low,-0.062
Afghanistan,1994,AFG,8.816,-3.179,-0.289,570.403,,,,,,,,,0,0,Low,-0.289
Afghanistan,1995,AFG,7.429,-15.733,-1.387,452.46,,,,,,,,,0,0,Low,-1.387
Afghanistan,1996,AFG,7.286,-1.926,-0.143,425.906,,,,,,,,,0,0,Low,-0.143
Afghanistan,1997,AFG,6.938,-4.774,-0.348,390.019,,,,,,,,,0,0,Low,-0.348
Afghanistan,1998,AFG,6.752,-2.677,-0.186,365.121,,,,,,,,,0,0,Low,-0.186
Afghanistan,1999,AFG,6.749,-0.053,-0.004,350.347,,,,,,,,,0,0,Low,-0.004
Afghanistan,2000,AFG,5.914,-12.374,-0.835,302.595,,,,,,,,,0,0,Low,-0.835
Afghanistan,2001,AFG,4.664,-21.13,-1.25,236.892,,,,,,,,,0,0,Low,-1.25
Afghanistan,2002,AFG,4.428,-5.058,-0.236,210.862,,,,,,,,,0,0,Low,-0.236
Afghanistan,2003,AFG,5.208,17.603,0.78,229.968,,,,,,,,,0,0,Low,0.78
Afghanistan,2004,AFG,4.81,-7.629,-0.397,204.231,,,,,,,,,0,0,Low,-0.397
Afghanistan,2005,AFG,6.153,27.918,1.343,252.069,,,,,,,,,0,0,Low,1.343
Afghanistan,2006,AFG,7.745,25.873,1.592,304.421,,,,,,,,,0,0,Low,1.592
Afghanistan,2007,AFG,9.177,18.484,1.432,354.28,,,,,,,,,0,0,Low,1.432
Afghanistan,2008,AFG,16.063,75.039,6.886,607.833,,,,,,,,,0,0,Low,6.886
Afghanistan,2009,AFG,26.702,66.229,10.639,975.048,,,,,,,,,0,0,Low,10.639
Afghanistan,2010,AFG,33.345,24.88,6.643,1182.892,,,,,,,,,0,0,Low,6.643
Afghanistan,2011,AFG,42.005,25.97,8.66,1436.114,,,,,,,,,0,0,Low,8.66
Afghanistan,2012,AFG,40.341,-3.961,-1.664,1324.121,,,,,,,,,0,0,Low,-1.664
Afghanistan,2013,AFG,33.459,-17.061,-6.883,1060.793,,,,,,,,,0,0,Low,-6.883
Afghanistan,2014,AFG,28.417,-15.07,-5.042,868.576,,,,,,,,,0,0,Low,-5.042
Afghanistan,2015,AFG,32.744,15.227,4.327,970.08,,,,,,,,,0,0,Low,4.327
Afghanistan,2016,AFG,29.884,-8.734,-2.86,862.791,,,,,,,,,0,0,Low,-2.86
Afghanistan,2017,AFG,29.56,-1.085,-0.324,829.312,,,,,,,,,0,0,Low,-0.324
Afghanistan,2018,AFG,33.908,14.71,4.348,924.251,,,,,,,,,0,0,Low,4.348
Afghanistan,2019,AFG,30.314,-10.598,-3.594,802.613,,,,,,,,,0,0,Low,-3.594
Afghanistan,2020,AFG,27.393,-9.636,-2.921,702.888,,,,,,,,,0,0,Low,-2.921
Afghanistan,2021,AFG,27.135,-0.942,-0.258,676.696,,,,,,,,,0,0,Low,-0.258
Albania,1980,ALB,47.765,,,16237.574,,,,,,,,,0,0,Low,0
Albania,1981,ALB,47.491,-0.575,-0.275,15870.437,,,,,,,,,0,0,Low,-0.275
Albania,1982,ALB,47.725,0.495,0.235,15693.041,,,,,,,,,0,0,Low,0.235
Albania,1983,ALB,49.627,3.985,1.902,16071.562,,,,,,,,,0,0,Low,1.902
Albania,1984,ALB,49.941,0.632,0.314,15946.768,,,,,,,,,0,0,Low,0.314
Albania,1985,ALB,49.839,-0.205,-0.102,15713.386,,,,,,,,,0,0,Low,-0.102
Albania,1986,ALB,48.672,-2.341,-1.167,15176.156,,,,,,,,,0,0,Low,-1.167
Albania,1987,ALB,48.838,0.34,0.166,15084.123,,,,,,,,,0,0,Low,0.166
Albania,1988,ALB,49.409,1.17,0.572,15142.146,,,,,,,,,0,0,Low,0.572
Albania,1989,ALB,46.991,-4.894,-2.418,14317.034,,,,,,,,,0,0,Low,-2.418
Albania,1990,ALB,33.658,-28.374,-13.333,10214.598,,,,,,,,,0,0,Low,-13.333
Albania,1991,ALB,28.23,-16.127,-5.428,8549.045,,,,,,,,,0,0,Low,-5.428
Albania,1992,ALB,24.674,-12.596,-3.556,7468.515,,,,,,,,,0,0,Low,-3.556
Albania,1993,ALB,21.638,-12.303,-3.036,6555.686,,,,,,,,,0,0,Low,-3.036
Albania,1994,ALB,20.567,-4.951,-1.071,6243.837,,,,,,,,,0,0,Low,-1.071
Albania,1995,ALB,22.728,10.504,2.16,6919.917,,,,,,,,,0,0,Low,2.16
Albania,1996,ALB,25.011,10.049,2.284,7645.64,,,,,,,,,0,0,Low,2.284
Albania,1997,ALB,22.844,-8.666,-2.168,7020.859,,,,,,,,,0,0,Low,-2.168
Albania,1998,ALB,24.572,7.564,1.728,7602.231,,,,,,,,,0,0,Low,1.728
Albania,1999,ALB,22.114,-10.002,-2.458,6892.834,,,,,,,,,0,0,Low,-2.458
Albania,2000,ALB,28.732,29.926,6.618,9029.438,,,,,,,,,0,0,Low,6.618
Albania,2001,ALB,27.233,-5.216,-1.499,8635.532,,,,,,,,,0,0,Low,-1.499
Albania,2002,ALB,29.497,8.315,2.264,9443.555,,,,,,,,,0,0,Low,2.264
Albania,2003,ALB,33.27,12.79,3.773,10756.612,,,,,,,,,0,0,Low,3.773
Albania,2004,ALB,35.487,6.662,2.216,11586.951,,,,,,,,,0,0,Low,2.216
Albania,2005,ALB,35.014,-1.333,-0.473,11545.616,,,,,,,,,0,0,Low,-0.473
Albania,2006,ALB,32.967,-5.844,-2.046,10976.728,,,,,,,,,0,0,Low,-2.046
Albania,2007,ALB,28.377,-13.925,-4.591,9534.874,,,,,,,,,0,0,Low,-4.591
Albania,2008,ALB,30.991,9.212,2.614,10499.328,,,,,,,,,0,0,Low,2.614
Albania,2009,ALB,33.773,8.977,2.782,11524.428,,,,,,,,,0,0,Low,2.782
Albania,2010,ALB,36.061,6.774,2.288,12377.504,,,,,,,,,0,0,Low,2.288
Albania,2011,ALB,31.486,-12.687,-4.575,10854.649,,,,,,,,,0,0,Low,-4.575
Albania,2012,ALB,30.81,-2.146,-0.676,10652.809,,,,,,,,,0,0,Low,-0.676
Albania,2013,ALB,38.665,25.496,7.855,13392.774,,,,,,,,,0,0,Low,7.855
Albania,2014,ALB,34.06,-11.911,-4.606,11809.461,,,,,,,,,0,0,Low,-4.606
Albania,2015,ALB,34.083,0.07,0.024,11824.314,,,,,,,,,0,0,Low,0.024
Albania,2016,ALB,39.827,16.852,5.744,13823.748,,,,,,,,,0,0,Low,5.744
Albania,2017,ALB,36.863,-7.443,-2.964,12802.36,,,,,,,,,0,0,Low,-2.964
Albania,2018,ALB,42.032,14.024,5.17,14609.701,,,,,,,,,0,0,Low,5.17
Albania,2019,ALB,33.296,-20.786,-8.737,11585.555,,,,,,,,,0,0,Low,-8.737
Albania,2020,ALB,31.988,-3.926,-1.307,11158.003,,,,,,,,,0,0,Low,-1.307
Albania,2021,ALB,40.253,25.835,8.264,14100.432,,,,,,,,,0,0,Low,8.264
Algeria,1965,DZA,24.833,,,2005.664,,,1910.132,95.237,,,95.531,4.763,0,0,Low,0
Algeria,1966,DZA,29.833,20.134,5,2365.146,21.704,5.133,2281.922,96.481,-11.25,-0.133,83.224,3.519,-0.0266,-2.66,Low,5.133
Algeria,1967,DZA,28.247,-5.313,-1.585,2190.21,-6.072,-1.748,2096.207,95.708,15.493,0.163,94.003,4.292,-0.102839117,-10.28391167,Low,-1.748
Algeria,1968,DZA,30.345,7.426,2.098,2300.435,6.085,1.645,2174.229,94.514,37.317,0.452,126.206,5.486,0.215443279,21.54432793,Low,1.646
Algeria,1969,DZA,33.539,10.526,3.194,2486.038,13.22,3.792,2406.913,96.817,-35.879,-0.597,79.125,3.183,-0.186912962,-18.69129618,Low,3.791
Algeria,1970,DZA,36.759,9.6,3.22,2664.477,7.921,2.572,2540.161,95.334,60.665,0.648,124.316,4.666,0.201242236,20.1242236,Low,2.572
Algeria,1971,DZA,39.733,8.09,2.974,2815.882,10.596,3.713,2746.726,97.544,-43.103,-0.739,69.156,2.456,-0.248486886,-24.84868863,Low,3.713
Algeria,1972,DZA,44.648,12.37,4.915,3092.01,11.423,4.427,2990.643,96.722,50,0.488,101.367,3.278,0.099287894,9.92878942,Low,4.427
Algeria,1973,DZA,53.251,19.268,8.603,3601.31,18.161,7.843,3450.926,95.824,51.919,0.76,150.384,4.176,0.088341276,8.83412763,Low,7.843
Algeria,1974,DZA,58.909,10.626,5.658,3887.454,12.566,6.412,3790.472,97.505,-33.91,-0.754,96.982,2.495,-0.133262637,-13.3262637,Low,6.412
Algeria,1975,DZA,70.37,19.455,11.461,4475.105,20.823,11.96,4413.426,98.622,-34.004,-0.5,61.68,1.378,-0.043626211,-4.362621063,Low,11.961
Algeria,1976,DZA,82.102,16.673,11.732,4975.73,16.646,11.552,4906.019,98.599,18.598,0.18,69.711,1.401,0.015342653,1.534265257,Low,11.552
Algeria,1977,DZA,90.213,9.879,8.11,5265.062,10.457,8.465,5218.639,99.118,-30.848,-0.355,46.424,0.882,-0.04377312,-4.377311961,Low,8.465
Algeria,1978,DZA,113.361,25.66,23.149,6429.067,25.951,23.205,6387.143,99.348,-7.063,-0.056,41.925,0.652,-0.002419111,-0.241911098,Low,23.205
Algeria,1979,DZA,148.54,31.032,35.179,8176.383,31.128,35.057,8129.018,99.421,16.4,0.121,47.365,0.579,0.003439552,0.343955201,Low,35.058
Algeria,1980,DZA,177.143,19.256,28.603,9452.979,19.436,28.703,9412.426,99.571,-11.684,-0.101,40.553,0.429,-0.003531098,-0.353109814,Low,28.704
Algeria,1981,DZA,215.186,21.476,38.043,11119.953,21.386,37.721,11064.026,99.497,42.412,0.322,55.927,0.503,0.008464106,0.846410641,Low,37.721
Algeria,1982,DZA,248.112,15.301,32.926,12405.545,15.222,32.592,12334.725,99.429,30.874,0.334,70.82,0.571,0.010143959,1.014395918,Low,32.592
Algeria,1983,DZA,270.967,9.211,22.855,13101.501,9.557,23.576,13067.9,99.744,-50.939,-0.722,33.599,0.256,-0.031590462,-3.159046161,Low,23.577
Algeria,1984,DZA,260.196,-3.975,-10.77,12162.377,-4.222,-11.412,12099.901,99.486,92.34,0.642,62.475,0.514,-0.059610028,-5.961002786,Low,-11.412
Algeria,1985,DZA,262.297,0.807,2.1,11850.976,0.59,1.527,11764.669,99.272,42.92,0.574,86.307,0.728,0.273333333,27.33333333,Low,1.526
Algeria,1986,DZA,277.491,5.793,15.194,12126.727,6.285,16.365,12094.42,99.734,-61.3,-1.171,32.306,0.266,-0.077069896,-7.706989601,Low,16.365
Algeria,1987,DZA,285.168,2.767,7.678,12090.516,2.508,6.941,12027.957,99.483,99.6,0.736,62.56,0.517,0.095858296,9.585829643,Low,6.942
Algeria,1988,DZA,305.422,7.102,20.254,12598.338,7.469,21.188,12576.017,99.823,-63.327,-0.934,22.321,0.177,-0.046114348,-4.611434778,Low,21.188
Algeria,1989,DZA,297.068,-2.735,-8.354,11935.479,-2.782,-8.481,11908.628,99.775,23.497,0.127,26.85,0.225,-0.015202298,-1.52022983,Low,-8.481
Algeria,1990,DZA,314.974,6.027,17.905,12343.162,6.132,18.175,12327.519,99.873,-40.265,-0.269,15.644,0.127,-0.015023736,-1.502373639,Low,18.174
Algeria,1991,DZA,312.095,-0.914,-2.879,11942.152,-1.064,-3.346,11908.999,99.722,117.037,0.467,33.152,0.278,-0.1622091,-16.22091004,Low,-3.346
Algeria,1992,DZA,320.227,2.606,8.132,11971.857,2.702,8.41,11949.858,99.816,-32.082,-0.278,21.999,0.184,-0.034185932,-3.418593212,Low,8.41
Algeria,1993,DZA,297.995,-6.943,-22.232,10893.888,-7.098,-22.687,10855.729,99.65,77.387,0.455,38.159,0.35,-0.020465995,-2.046599496,Low,-22.687
Algeria,1994,DZA,301.921,1.318,3.926,10807.21,1.508,4.479,10789.64,99.837,-52.975,-0.553,17.57,0.163,-0.140855833,-14.08558329,Low,4.479
Algeria,1995,DZA,313.145,3.717,11.224,10996.017,3.697,11.144,10975.977,99.818,16.265,0.08,20.04,0.182,0.007127584,0.712758375,Low,11.144
Algeria,1996,DZA,309.925,-1.028,-3.22,10692.724,-0.975,-3.049,10678.949,99.871,-30.052,-0.172,13.773,0.129,0.053416149,5.341614907,Low,-3.048
Algeria,1997,DZA,297.86,-3.893,-12.065,10105.152,-3.841,-11.888,10097.629,99.926,-44.444,-0.177,7.524,0.074,0.014670535,1.46705346,Low,-11.888
Algeria,1998,DZA,308.349,3.522,10.489,10304.176,3.385,10.075,10282.93,99.794,186.667,0.414,21.245,0.206,0.039469921,3.946992087,Low,10.075
Algeria,1999,DZA,311.434,1.001,3.085,10262.746,1.014,3.121,10242.966,99.807,-5.581,-0.035,19.781,0.193,-0.011345219,-1.13452188,Low,3.12
Algeria,2000,DZA,299.946,-3.689,-11.489,9746.524,-3.554,-11.048,9741.336,99.947,-73.399,-0.441,5.189,0.053,0.038384542,3.838454174,Low,-11.048
Algeria,2001,DZA,310.813,3.623,10.867,9961.64,3.611,10.824,9955.143,99.935,27.778,0.043,6.497,0.065,0.003956934,0.395693384,Low,10.824
Algeria,2002,DZA,321.951,3.583,11.138,10180.35,3.597,11.174,10175.09,99.948,-17.391,-0.036,5.261,0.052,-0.003232178,-0.323217813,Low,11.174
Algeria,2003,DZA,336.922,4.65,14.972,10510.461,4.466,14.369,10486.486,99.772,364.912,0.602,23.975,0.228,0.040208389,4.020838899,Low,14.37
Algeria,2004,DZA,349.778,3.816,12.856,10759.022,3.838,12.901,10736.774,99.793,-5.283,-0.045,22.248,0.207,-0.003500311,-0.350031114,Low,12.901
Algeria,2005,DZA,366.272,4.715,16.494,11113.723,4.477,15.627,11065.476,99.566,121.235,0.867,48.247,0.434,0.052564569,5.256456893,Low,15.627
Algeria,2006,DZA,379.22,3.535,12.949,11341.98,3.817,13.919,11323.462,99.837,-60.814,-0.971,18.518,0.163,-0.074986485,-7.498648544,Low,13.92
Algeria,2007,DZA,399.64,5.385,20.42,11759.701,5.388,20.4,11740.897,99.84,3.86,0.02,18.804,0.16,0.000979432,0.097943193,Low,20.4
Algeria,2008,DZA,423.557,5.985,23.917,12252.297,5.955,23.761,12229.293,99.812,25.221,0.156,23.004,0.188,0.006522557,0.652255718,Low,23.761
Algeria,2009,DZA,448.859,5.974,25.302,12753.12,5.947,25.143,12725.983,99.787,20.848,0.16,27.137,0.213,0.006323611,0.632361078,Low,25.142
Algeria,2010,DZA,438.995,-2.198,-9.864,12243.156,-2.102,-9.415,12229.061,99.885,-46.754,-0.45,14.096,0.115,0.045620438,4.562043796,Low,-9.414
Algeria,2011,DZA,464.488,5.807,25.493,12710.541,5.68,24.906,12680.638,99.765,117.528,0.587,29.903,0.235,0.023025929,2.302592869,Low,24.906
Algeria,2012,DZA,507.672,9.297,43.184,13624.909,9.309,43.136,13594.317,99.775,4.949,0.047,30.592,0.225,0.001088366,0.108836606,Low,43.137
Algeria,2013,DZA,536.977,5.772,29.305,14130.735,5.942,30.097,14121.583,99.935,-69.306,-0.792,9.152,0.065,-0.027026105,-2.702610476,Low,30.097
Algeria,2014,DZA,585.613,9.057,48.636,15108.635,9,48.296,15090.883,99.882,99.06,0.34,17.753,0.118,0.006990706,0.699070647,Low,48.296
Algeria,2015,DZA,617.518,5.448,31.905,15616.312,5.47,31.995,15601.193,99.903,-12.598,-0.09,15.119,0.097,-0.002820874,-0.282087447,Low,31.995
Algeria,2016,DZA,616.996,-0.085,-0.522,15295.143,-0.134,-0.824,15272.842,99.854,51.375,0.302,22.301,0.146,-0.578544061,-57.85440613,Low,-0.824
Algeria,2017,DZA,623.795,1.102,6.799,15164,0.999,6.158,15126.544,99.753,72.295,0.641,37.458,0.247,0.09427857,9.427857038,Low,6.158
Algeria,2018,DZA,669.62,7.346,45.825,15971.084,7.302,45.435,15925.02,99.712,26.079,0.39,46.065,0.288,0.008510638,0.85106383,Low,45.435
Algeria,2019,DZA,694.349,3.693,24.729,16259.053,3.686,24.612,16211.092,99.705,6.438,0.117,47.96,0.295,0.004731287,0.473128715,Low,24.612
Algeria,2020,DZA,648.899,-6.546,-45.45,14933.807,-6.551,-45.351,14888.941,99.7,-4.466,-0.099,44.866,0.3,0.002178218,0.217821782,Low,-45.351
Algeria,2021,DZA,707.627,9.05,58.729,16017.653,9.103,58.889,15977.151,99.747,-7.881,-0.16,40.502,0.253,-0.002724378,-0.272437808,Low,58.889
Algeria,2022,DZA,734.191,3.754,26.564,16350.52,3.765,26.578,16310.979,99.758,-0.409,-0.014,39.54,0.242,-0.000527029,-0.052702906,Low,26.578
Algeria,2023,DZA,705.003,-3.976,-29.188,15458.39,-4.003,-29.319,15416.595,99.73,7.75,0.131,41.795,0.27,-0.004488146,-0.448814581,Low,-29.319
American Samoa,1980,ASM,1.727,,,52482.699,,,,,,,,,0,0,Low,0
American Samoa,1981,ASM,2.03,17.535,0.303,59564.266,,,,,,,,,0,0,Low,0.303
American Samoa,1982,ASM,2.83,39.394,0.8,79960.078,,,,,,,,,0,0,Low,0.8
American Samoa,1983,ASM,1.784,-36.957,-1.046,48534.773,,,,,,,,,0,0,Low,-1.046
American Samoa,1984,ASM,2.036,14.105,0.252,53295.414,,,,,,,,,0,0,Low,0.252
American Samoa,1985,ASM,1.907,-6.317,-0.129,48047.848,,,,,,,,,0,0,Low,-0.129
American Samoa,1986,ASM,1.968,3.226,0.062,47731.242,,,,,,,,,0,0,Low,0.062
American Samoa,1987,ASM,2.044,3.818,0.075,47681.637,,,,,,,,,0,0,Low,0.075
American Samoa,1988,ASM,1.987,-2.785,-0.057,44580.254,,,,,,,,,0,0,Low,-0.057
American Samoa,1989,ASM,2.288,15.156,0.301,49401.184,,,,,,,,,0,0,Low,0.301
American Samoa,1990,ASM,2.406,5.18,0.119,50297.262,,,,,,,,,0,0,Low,0.119
American Samoa,1991,ASM,2.406,0,0,49091.547,,,,,,,,,0,0,Low,0
American Samoa,1992,ASM,2.475,2.862,0.069,49407.883,,,,,,,,,0,0,Low,0.069
American Samoa,1993,ASM,2.408,-2.715,-0.067,47034.465,,,,,,,,,0,0,Low,-0.067
American Samoa,1994,ASM,2.346,-2.588,-0.062,44839.875,,,,,,,,,0,0,Low,-0.062
American Samoa,1995,ASM,2.283,-2.656,-0.062,42741.773,,,,,,,,,0,0,Low,-0.062
American Samoa,1996,ASM,2.289,0.265,0.006,41988.812,,,,,,,,,0,0,Low,0.006
American Samoa,1997,ASM,2.346,2.458,0.056,42191.18,,,,,,,,,0,0,Low,0.056
American Samoa,1998,ASM,2.346,0,0,41423,,,,,,,,,0,0,Low,0
American Samoa,1999,ASM,2.346,0,0,40710.586,,,,,,,,,0,0,Low,0
American Samoa,2000,ASM,2.297,-2.08,-0.049,39429.848,,,,,,,,,0,0,Low,-0.049
American Samoa,2001,ASM,2.297,0,0,39368.348,,,,,,,,,0,0,Low,0
American Samoa,2002,ASM,2.335,1.661,0.038,40120.078,,,,,,,,,0,0,Low,0.038
American Samoa,2003,ASM,2.335,0,0,40284.816,,,,,,,,,0,0,Low,0
American Samoa,2004,ASM,2.335,0,0,40500.73,,,,,,,,,0,0,Low,0
American Samoa,2005,ASM,2.48,6.228,0.145,43305.367,,,,,,,,,0,0,Low,0.145
American Samoa,2006,ASM,2.522,1.695,0.042,44364.801,,,,,,,,,0,0,Low,0.042
American Samoa,2007,ASM,2.522,0,0,44722.695,,,,,,,,,0,0,Low,0
American Samoa,2008,ASM,2.529,0.274,0.007,45240.664,,,,,,,,,0,0,Low,0.007
American Samoa,2009,ASM,2.522,-0.273,-0.007,45543.09,,,,,,,,,0,0,Low,-0.007
American Samoa,2010,ASM,2.522,0,0,45970.539,,,,,,,,,0,0,Low,0
American Samoa,2011,ASM,1.439,-42.936,-1.083,26492.09,,,,,,,,,0,0,Low,-1.083
American Samoa,2012,ASM,1.446,0.448,0.006,26916.025,,,,,,,,,0,0,Low,0.006
American Samoa,2013,ASM,1.445,-0.06,-0.001,27255.666,,,,,,,,,0,0,Low,-0.001
American Samoa,2014,ASM,1.445,-0.001,0,27663.885,,,,,,,,,0,0,Low,0
American Samoa,2015,ASM,1.445,-0.008,0,28115.486,,,,,,,,,0,0,Low,0
American Samoa,2016,ASM,1.451,0.457,0.007,28760.439,,,,,,,,,0,0,Low,0.007
American Samoa,2017,ASM,1.453,0.099,0.001,29360.256,,,,,,,,,0,0,Low,0.001
American Samoa,2018,ASM,1.453,-0.011,0,29987.857,,,,,,,,,0,0,Low,0
American Samoa,2019,ASM,1.452,-0.02,0,30681.02,,,,,,,,,0,0,Low,0
American Samoa,2020,ASM,1.384,-4.712,-0.068,29946.838,,,,,,,,,0,0,Low,-0.068
American Samoa,2021,ASM,1.596,15.329,0.212,35426.699,,,,,,,,,0,0,Low,0.212
Angola,1980,AGO,17.105,,,2053.46,,,,,,,,,0,0,Low,0
Angola,1981,AGO,16.958,-0.861,-0.147,1964.693,,,,,,,,,0,0,Low,-0.147
Angola,1982,AGO,18.173,7.162,1.215,2031.118,,,,,,,,,0,0,Low,1.215
Angola,1983,AGO,19.43,6.917,1.257,2094.465,,,,,,,,,0,0,Low,1.257
Angola,1984,AGO,17.553,-9.657,-1.876,1825.113,,,,,,,,,0,0,Low,-1.876
Angola,1985,AGO,21.619,23.161,4.065,2168.256,,,,,,,,,0,0,Low,4.065
Angola,1986,AGO,21.351,-1.238,-0.268,2066.395,,,,,,,,,0,0,Low,-0.268
Angola,1987,AGO,22.02,3.133,0.669,2059.09,,,,,,,,,0,0,Low,0.669
Angola,1988,AGO,22.712,3.141,0.692,2053.443,,,,,,,,,0,0,Low,0.692
Angola,1989,AGO,21.975,-3.241,-0.736,1921.017,,,,,,,,,0,0,Low,-0.736
Angola,1990,AGO,23.331,6.168,1.356,1972.415,,,,,,,,,0,0,Low,1.356
Angola,1991,AGO,24.454,4.814,1.123,1999.737,,,,,,,,,0,0,Low,1.123
Angola,1992,AGO,24.814,1.471,0.36,1964.282,,,,,,,,,0,0,Low,0.36
Angola,1993,AGO,24.361,-1.825,-0.453,1868.421,,,,,,,,,0,0,Low,-0.453
Angola,1994,AGO,23.769,-2.432,-0.592,1765.603,,,,,,,,,0,0,Low,-0.592
Angola,1995,AGO,25.496,7.266,1.727,1832.598,,,,,,,,,0,0,Low,1.727
Angola,1996,AGO,24.504,-3.889,-0.991,1703.648,,,,,,,,,0,0,Low,-0.991
Angola,1997,AGO,27.524,12.325,3.02,1850.846,,,,,,,,,0,0,Low,3.02
Angola,1998,AGO,24.773,-9.997,-2.752,1612.08,,,,,,,,,0,0,Low,-2.752
Angola,1999,AGO,27.651,11.619,2.878,1742.254,,,,,,,,,0,0,Low,2.878
Angola,2000,AGO,32.448,17.349,4.797,1979.256,,,,,,,,,0,0,Low,4.797
Angola,2001,AGO,35.234,8.586,2.786,2079.732,,,,,,,,,0,0,Low,2.786
Angola,2002,AGO,37.546,6.563,2.312,2143.528,,,,,,,,,0,0,Low,2.312
Angola,2003,AGO,41.666,10.972,4.12,2298.902,,,,,,,,,0,0,Low,4.12
Angola,2004,AGO,46.077,10.586,4.411,2454.67,,,,,,,,,0,0,Low,4.411
Angola,2005,AGO,39.23,-14.86,-6.847,2016.852,,,,,,,,,0,0,Low,-6.847
Angola,2006,AGO,49.463,26.086,10.233,2453.247,,,,,,,,,0,0,Low,10.233
Angola,2007,AGO,56.855,14.943,7.392,2719.06,,,,,,,,,0,0,Low,7.392
Angola,2008,AGO,66.637,17.206,9.782,3072.024,,,,,,,,,0,0,Low,9.782
Angola,2009,AGO,75.825,13.788,9.188,3368.836,,,,,,,,,0,0,Low,9.188
Angola,2010,AGO,83.179,9.699,7.354,3560.094,,,,,,,,,0,0,Low,7.354
Angola,2011,AGO,87.199,4.833,4.02,3594.49,,,,,,,,,0,0,Low,4.02
Angola,2012,AGO,91.069,4.438,3.87,3615.524,,,,,,,,,0,0,Low,3.87
Angola,2013,AGO,101.919,11.914,10.85,3897.913,,,,,,,,,0,0,Low,10.85
Angola,2014,AGO,112.177,10.065,10.258,4135.047,,,,,,,,,0,0,Low,10.258
Angola,2015,AGO,116.999,4.299,4.822,4159.578,,,,,,,,,0,0,Low,4.822
Angola,2016,AGO,106.752,-8.759,-10.248,3661.551,,,,,,,,,0,0,Low,-10.248
Angola,2017,AGO,101.83,-4.61,-4.921,3370.896,,,,,,,,,0,0,Low,-4.921
Angola,2018,AGO,105.279,3.387,3.449,3366.393,,,,,,,,,0,0,Low,3.449
Angola,2019,AGO,118.654,12.705,13.375,3667.424,,,,,,,,,0,0,Low,13.375
Angola,2020,AGO,117.908,-0.629,-0.747,3527.16,,,,,,,,,0,0,Low,-0.747
Angola,2021,AGO,96.311,-18.316,-21.596,2791.332,,,,,,,,,0,0,Low,-21.596
Antarctica,1980,ATA,0.625,,,,,,,,,,,,0,0,Low,0
Antarctica,1981,ATA,0.623,-0.273,-0.002,,,,,,,,,,0,0,Low,-0.002
Antarctica,1982,ATA,0.623,0,0,,,,,,,,,,0,0,Low,0
Antarctica,1983,ATA,0.623,0,0,,,,,,,,,,0,0,Low,0
Antarctica,1984,ATA,0.812,30.356,0.189,,,,,,,,,,0,0,Low,0.189
Antarctica,1985,ATA,0.872,7.398,0.06,,,,,,,,,,0,0,Low,0.06
Antarctica,1986,ATA,0.81,-7.143,-0.062,,,,,,,,,,0,0,Low,-0.062
Antarctica,1987,ATA,0.81,0,0,,,,,,,,,,0,0,Low,0
Antarctica,1988,ATA,0.875,7.987,0.065,,,,,,,,,,0,0,Low,0.065
Antarctica,1989,ATA,0.81,-7.397,-0.065,,,,,,,,,,0,0,Low,-0.065
Antarctica,1990,ATA,0.872,7.692,0.062,,,,,,,,,,0,0,Low,0.062
Antarctica,1991,ATA,0.872,0,0,,,,,,,,,,0,0,Low,0
Antarctica,1992,ATA,0.875,0.274,0.002,,,,,,,,,,0,0,Low,0.002
Antarctica,1993,ATA,0.872,-0.273,-0.002,,,,,,,,,,0,0,Low,-0.002
Antarctica,1994,ATA,0.872,0,0,,,,,,,,,,0,0,Low,0
Antarctica,1995,ATA,0.935,7.143,0.062,,,,,,,,,,0,0,Low,0.062
Antarctica,1996,ATA,0.937,0.274,0.003,,,,,,,,,,0,0,Low,0.003
Antarctica,1997,ATA,0.935,-0.273,-0.003,,,,,,,,,,0,0,Low,-0.003
Antarctica,1998,ATA,0.935,0,0,,,,,,,,,,0,0,Low,0
Antarctica,1999,ATA,0.935,0,0,,,,,,,,,,0,0,Low,0
Antarctica,2000,ATA,0.93,-0.533,-0.005,,,,,,,,,,0,0,Low,-0.005
Antarctica,2001,ATA,0.955,2.74,0.025,,,,,,,,,,0,0,Low,0.025
Antarctica,2002,ATA,0.955,0,0,,,,,,,,,,0,0,Low,0
Antarctica,2003,ATA,0.955,0,0,,,,,,,,,,0,0,Low,0
Antarctica,2004,ATA,0.968,1.333,0.013,,,,,,,,,,0,0,Low,0.013
Antarctica,2005,ATA,0.974,0.606,0.006,,,,,,,,,,0,0,Low,0.006
Antarctica,2006,ATA,0.974,-0.005,0,,,,,,,,,,0,0,Low,0
Antarctica,2007,ATA,0.986,1.306,0.013,,,,,,,,,,0,0,Low,0.013
Antarctica,2008,ATA,0.049,-95.005,-0.937,,,,,,,,,,0,0,Low,-0.937
Antarctica,2009,ATA,0.067,36.785,0.018,,,,,,,,,,0,0,Low,0.018
Antarctica,2010,ATA,0.067,-0.007,0,,,,,,,,,,0,0,Low,0
Antarctica,2011,ATA,0.067,-0.07,0,,,,,,,,,,0,0,Low,0
Antarctica,2012,ATA,0.058,-14.616,-0.01,,,,,,,,,,0,0,Low,-0.01
Antarctica,2013,ATA,0.057,-0.26,0,,,,,,,,,,0,0,Low,0
Antarctica,2014,ATA,0.057,-0.008,0,,,,,,,,,,0,0,Low,0
Antarctica,2015,ATA,0.058,1.561,0.001,,,,,,,,,,0,0,Low,0.001
Antarctica,2016,ATA,0.058,-0.127,0,,,,,,,,,,0,0,Low,0
Antarctica,2017,ATA,0.055,-6.03,-0.004,,,,,,,,,,0,0,Low,-0.004
Antarctica,2018,ATA,0.055,0,0,,,,,,,,,,0,0,Low,0
Antarctica,2019,ATA,0.055,0,0,,,,,,,,,,0,0,Low,0
Antarctica,2020,ATA,0.046,-15.815,-0.009,,,,,,,,,,0,0,Low,-0.009
Antarctica,2021,ATA,0.049,6.416,0.003,,,,,,,,,,0,0,Low,0.003
Antigua and Barbuda,1980,ATG,1.701,,,26210.352,,,,,,,,,0,0,Low,0
Antigua and Barbuda,1981,ATG,1.515,-10.958,-0.186,23271.828,,,,,,,,,0,0,Low,-0.186
Antigua and Barbuda,1982,ATG,2.06,36,0.545,31574.982,,,,,,,,,0,0,Low,0.545
Antigua and Barbuda,1983,ATG,1.212,-41.176,-0.848,18522.42,,,,,,,,,0,0,Low,-0.848
Antigua and Barbuda,1984,ATG,1.337,10.301,0.125,20445.17,,,,,,,,,0,0,Low,0.125
Antigua and Barbuda,1985,ATG,1.333,-0.273,-0.004,20486.762,,,,,,,,,0,0,Low,-0.004
Antigua and Barbuda,1986,ATG,1.355,1.669,0.022,20936.727,,,,,,,,,0,0,Low,0.022
Antigua and Barbuda,1987,ATG,1.687,24.469,0.332,26204.977,,,,,,,,,0,0,Low,0.332
Antigua and Barbuda,1988,ATG,1.691,0.267,0.005,26427.367,,,,,,,,,0,0,Low,0.005
Antigua and Barbuda,1989,ATG,1.687,-0.267,-0.005,26499.725,,,,,,,,,0,0,Low,-0.005
Antigua and Barbuda,1990,ATG,1.749,3.694,0.062,27613.479,,,,,,,,,0,0,Low,0.062
Antigua and Barbuda,1991,ATG,1.743,-0.35,-0.006,27384.174,,,,,,,,,0,0,Low,-0.006
Antigua and Barbuda,1992,ATG,1.748,0.268,0.005,27023.164,,,,,,,,,0,0,Low,0.005
Antigua and Barbuda,1993,ATG,1.743,-0.267,-0.005,26470.938,,,,,,,,,0,0,Low,-0.005
Antigua and Barbuda,1994,ATG,1.866,7.054,0.123,27813.684,,,,,,,,,0,0,Low,0.123
Antigua and Barbuda,1995,ATG,1.989,6.615,0.123,29078.92,,,,,,,,,0,0,Low,0.123
Antigua and Barbuda,1996,ATG,1.995,0.268,0.005,28572.307,,,,,,,,,0,0,Low,0.005
Antigua and Barbuda,1997,ATG,2.05,2.773,0.055,28780.83,,,,,,,,,0,0,Low,0.055
Antigua and Barbuda,1998,ATG,2.05,0,0,28243.189,,,,,,,,,0,0,Low,0
Antigua and Barbuda,1999,ATG,2.05,0,0,27767.398,,,,,,,,,0,0,Low,0
Antigua and Barbuda,2000,ATG,2.136,4.201,0.086,28457.223,,,,,,,,,0,0,Low,0.086
Antigua and Barbuda,2001,ATG,2.136,0,0,28025.289,,,,,,,,,0,0,Low,0
Antigua and Barbuda,2002,ATG,2.29,7.207,0.154,29660.344,,,,,,,,,0,0,Low,0.154
Antigua and Barbuda,2003,ATG,2.407,5.107,0.117,30824.252,,,,,,,,,0,0,Low,0.117
Antigua and Barbuda,2004,ATG,2.497,3.718,0.089,31622.059,,,,,,,,,0,0,Low,0.089
Antigua and Barbuda,2005,ATG,2.535,1.529,0.038,31734.295,,,,,,,,,0,0,Low,0.038
Antigua and Barbuda,2006,ATG,2.613,3.065,0.078,32290.607,,,,,,,,,0,0,Low,0.078
Antigua and Barbuda,2007,ATG,2.738,4.799,0.125,33375.836,,,,,,,,,0,0,Low,0.125
Antigua and Barbuda,2008,ATG,2.801,2.296,0.063,33637.074,,,,,,,,,0,0,Low,0.063
Antigua and Barbuda,2009,ATG,2.935,4.772,0.134,34709.18,,,,,,,,,0,0,Low,0.134
Antigua and Barbuda,2010,ATG,2.837,-3.31,-0.097,33104.539,,,,,,,,,0,0,Low,-0.097
Antigua and Barbuda,2011,ATG,2.829,-0.281,-0.008,32616.084,,,,,,,,,0,0,Low,-0.008
Antigua and Barbuda,2012,ATG,2.908,2.766,0.078,33159.371,,,,,,,,,0,0,Low,0.078
Antigua and Barbuda,2013,ATG,2.908,0.01,0,32853.875,,,,,,,,,0,0,Low,0
Antigua and Barbuda,2014,ATG,2.973,2.245,0.065,33313,,,,,,,,,0,0,Low,0.065
Antigua and Barbuda,2015,ATG,3.043,2.358,0.07,33830.762,,,,,,,,,0,0,Low,0.07
Antigua and Barbuda,2016,ATG,3.088,1.456,0.044,34089.41,,,,,,,,,0,0,Low,0.044
Antigua and Barbuda,2017,ATG,2.937,-4.863,-0.15,32233.041,,,,,,,,,0,0,Low,-0.15
Antigua and Barbuda,2018,ATG,3.027,3.035,0.089,33026.227,,,,,,,,,0,0,Low,0.089
Antigua and Barbuda,2019,ATG,3.043,0.531,0.016,33027.516,,,,,,,,,0,0,Low,0.016
Antigua and Barbuda,2020,ATG,2.575,-15.375,-0.468,27785.227,,,,,,,,,0,0,Low,-0.468
Antigua and Barbuda,2021,ATG,2.747,6.681,0.172,29464.332,,,,,,,,,0,0,Low,0.172
Argentina,1965,ARG,328.528,,,14896.737,,,14732.473,98.897,,,164.265,1.103,0,0,Low,0
Argentina,1966,ARG,339.175,3.241,10.647,15139.622,3.263,10.6,14975.831,98.918,1.291,0.047,163.79,1.082,0.004414389,0.441438903,Low,10.6
Argentina,1967,ARG,349.032,2.906,9.857,15337.348,2.912,9.769,15172.235,98.923,2.399,0.088,165.111,1.077,0.008927666,0.892766562,Low,9.769
Argentina,1968,ARG,360.844,3.384,11.812,15612.201,3.227,11.141,15420.595,98.773,17.862,0.671,191.607,1.227,0.056806637,5.680663732,Low,11.141
Argentina,1969,ARG,372.911,3.344,12.066,15887.447,3.514,12.523,15718.227,98.935,-10.311,-0.457,169.222,1.065,-0.037875021,-3.787502072,Low,12.523
Argentina,1970,ARG,353.487,-5.209,-19.424,14825.712,-5.485,-20.236,14625.065,98.647,20.109,0.812,200.645,1.353,-0.041803954,-4.180395387,Low,-20.236
Argentina,1971,ARG,374.742,6.013,21.255,15470.247,6.102,21.279,15273.73,98.73,-0.51,-0.024,196.515,1.27,-0.001129146,-0.112914608,Low,21.279
Argentina,1972,ARG,379.448,1.256,4.706,15416.692,1.292,4.781,15226.303,98.765,-1.649,-0.074,190.389,1.235,-0.015724607,-1.572460688,Low,4.78
Argentina,1973,ARG,396.458,4.483,17.01,15845.259,3.373,12.641,15483.363,97.716,93.669,4.369,361.894,2.284,0.256848912,25.68489124,Low,12.641
Argentina,1974,ARG,412.278,3.99,15.82,16199.681,1.8,6.971,15496.195,95.657,99.243,8.849,703.487,4.343,0.559355247,55.93552465,Medium,6.971
Argentina,1975,ARG,402.571,-2.354,-9.707,15557.969,-3.679,-14.51,14680.415,94.359,27.646,4.804,877.553,5.641,-0.494900587,-49.49005872,Low,-14.511
Argentina,1976,ARG,422.714,5.004,20.143,16078.729,5.404,20.528,15229.681,94.719,-1.645,-0.385,849.049,5.281,-0.01911334,-1.911333962,Low,20.528
Argentina,1977,ARG,441.458,4.434,18.744,16525.492,4.786,19.164,15705.63,95.039,-2.355,-0.42,819.863,4.961,-0.02240717,-2.240717029,Low,19.164
Argentina,1978,ARG,442.127,0.151,0.669,16286.93,-2.087,-8.758,15132.868,92.914,43.37,9.427,1154.062,7.086,14.09118087,1409.118087,High,-8.758
Argentina,1979,ARG,474.656,7.357,32.529,17207.568,5.94,24.403,15777.248,91.688,25.567,8.126,1430.321,8.312,0.249807864,24.98078638,Low,24.403
Argentina,1980,ARG,472.019,-0.556,-2.637,16842.906,-3.426,-14.91,14997.139,89.041,30.765,12.273,1845.768,10.959,-4.654152446,-465.4152446,Low,-14.91
Argentina,1981,ARG,457.964,-2.978,-14.056,16085.102,-3.336,-14.019,14269.553,88.713,0.045,-0.036,1815.549,11.287,0.002561184,0.256118384,Low,-14.02
Argentina,1982,ARG,466.513,1.867,8.549,16129.603,0.627,2.547,14134.874,87.633,11.311,6.002,1994.73,12.367,0.702070418,70.20704176,Medium,2.547
Argentina,1983,ARG,485.764,4.127,19.251,16535.426,3.015,12.324,14335.764,86.697,12.266,6.927,2199.662,13.303,0.359825464,35.98254636,Low,12.324
Argentina,1984,ARG,487.344,0.325,1.58,16336.176,-1.452,-6.114,13912.129,85.161,12.082,7.695,2424.045,14.839,4.870253165,487.0253165,High,-6.115
Argentina,1985,ARG,481.619,-1.175,-5.725,15901.774,-2.705,-11.226,13332.522,83.843,7.734,5.501,2569.253,16.157,-0.960873362,-96.08733624,Low,-11.226
Argentina,1986,ARG,508.885,5.661,27.266,16549.99,6.512,26.294,13987.672,84.518,1.229,0.972,2562.32,15.482,0.035648793,3.564879337,Low,26.294
Argentina,1987,ARG,531.837,4.51,22.953,17037.08,4.246,18.262,14362.914,84.304,6.024,4.691,2674.165,15.696,0.204374156,20.43741559,Low,18.262
Argentina,1988,ARG,540.738,1.674,8.901,17062.936,6.783,30.413,15107.617,88.541,-25.641,-21.512,1955.317,11.459,-2.4168071,-241.68071,Low,30.413
Argentina,1989,ARG,521.441,-3.569,-19.297,16211.047,-2.29,-10.963,14543.697,89.715,-13.445,-8.334,1667.35,10.285,0.431880603,43.18806032,Low,-10.963
Argentina,1990,ARG,513.022,-1.615,-8.419,15718.703,-6.039,-28.25,13467.861,85.68,37.064,19.831,2250.843,14.32,-2.355505404,-235.5505404,Low,-28.25
Argentina,1991,ARG,521.347,1.623,8.326,15747.927,2.829,12.436,13653.088,86.698,-5.456,-4.111,2094.837,13.302,-0.493754504,-49.3754504,Low,12.437
Argentina,1992,ARG,559.309,7.282,37.962,16661.842,6.667,30.135,14362.695,86.201,11.028,7.827,2299.145,13.799,0.206179864,20.61798641,Low,30.135
Argentina,1993,ARG,577.843,3.314,18.533,16981.766,0.65,3.132,14261.009,83.978,19.86,15.401,2720.755,16.022,0.831004155,83.10041548,Medium,3.132
Argentina,1994,ARG,608.761,5.351,30.919,17651.035,3.942,19.129,14624.844,82.855,12.673,11.79,3026.191,17.145,0.38131893,38.13189301,Low,19.129
Argentina,1995,ARG,628.236,3.199,19.475,17977.289,4.965,25.044,15150.054,84.273,-5.424,-5.568,2827.236,15.727,-0.285905006,-28.59050064,Low,25.043
Argentina,1996,ARG,657.128,4.599,28.892,18568.533,7.43,39.339,16071.908,86.555,-10.465,-10.447,2496.624,13.445,-0.361587983,-36.15879828,Low,39.339
Argentina,1997,ARG,664.755,1.161,7.627,18560.299,-1.722,-9.796,15606.976,84.088,19.612,17.422,2953.324,15.912,2.284253311,228.4253311,High,-9.795
Argentina,1998,ARG,688.425,3.561,23.67,18999.846,5.233,29.254,16234.63,85.446,-5.297,-5.584,2765.213,14.554,-0.235910435,-23.59104351,Low,29.254
Argentina,1999,ARG,696.066,1.11,7.641,18990.684,3.988,23.461,16688.752,87.879,-15.712,-15.82,2301.931,12.121,-2.070409632,-207.0409632,Low,23.461
Argentina,2000,ARG,698.777,0.389,2.711,18849.811,-2.661,-16.276,16061.652,85.209,22.13,18.986,2788.158,14.791,7.003319808,700.3319808,High,-16.275
Argentina,2001,ARG,682.524,-2.326,-16.253,18210.119,-6.98,-41.562,14777.17,81.148,25.242,25.309,3432.95,18.852,-1.557189442,-155.7189442,Low,-41.562
Argentina,2002,ARG,654.474,-4.11,-28.051,17275.256,-3.977,-22.025,14038.02,81.261,-4.196,-6.026,3237.236,18.739,0.214823001,21.4823001,Low,-22.025
Argentina,2003,ARG,701.506,7.186,47.032,18326.521,8.942,47.556,15136.219,82.592,0.289,-0.524,3190.303,17.408,-0.011141351,-1.114135057,Low,47.556
Argentina,2004,ARG,744.817,6.174,43.312,19261.457,9.132,52.911,16351.621,84.893,-7.215,-9.599,2909.835,15.107,-0.221624492,-22.16244921,Low,52.911
Argentina,2005,ARG,790.507,6.134,45.69,20232.844,6.044,38.219,17161.695,84.821,7.145,7.471,3071.147,15.179,0.163514992,16.35149923,Low,38.219
Argentina,2006,ARG,830.543,5.064,40.035,21038.723,4.062,27.238,17675.01,84.012,11.348,12.798,3363.714,15.988,0.319670288,31.96702885,Low,27.237
Argentina,2007,ARG,865.645,4.226,35.103,21708.369,8.074,56.337,18910.846,87.113,-15.465,-21.234,2797.524,12.887,-0.604905564,-60.49055636,Low,56.337
Argentina,2008,ARG,877.178,1.332,11.533,21780.381,1.526,11.508,19009.867,87.28,0.593,0.025,2770.514,12.72,0.002167693,0.216769271,Low,11.508
Argentina,2009,ARG,852.511,-2.812,-24.667,20954.273,-4.649,-35.595,17943.129,85.63,10.505,10.927,3011.145,14.37,-0.4429805,-44.29805003,Low,-35.594
Argentina,2010,ARG,883.969,3.69,31.458,21507.703,4.353,31.778,18534.785,86.177,8.788,-0.319,2972.917,13.823,-0.010140505,-1.01405048,Low,31.777
Argentina,2011,ARG,909.091,2.842,25.122,21894.867,4.089,31.146,19097.164,87.222,-0.456,-6.025,2797.702,12.778,-0.239829631,-23.98296314,Low,31.147
Argentina,2012,ARG,943.706,3.808,34.615,22494.715,4.779,37.894,19803.955,88.038,0.245,-3.279,2690.76,11.962,-0.094727719,-9.47277192,Low,37.894
Argentina,2013,ARG,981.398,3.994,37.692,23152.588,3.247,26.973,20236.637,87.406,10.632,10.718,2915.951,12.594,0.284357423,28.43574233,Low,26.974
Argentina,2014,ARG,979.858,-0.157,-1.54,22881.006,-0.051,-0.439,20020.451,87.498,2.012,-1.102,2860.555,12.502,0.715584416,71.55844156,Medium,-0.438
Argentina,2015,ARG,996.94,1.743,17.082,23046.873,1.492,12.793,20115.785,87.282,4.936,4.29,2931.087,12.718,0.251141553,25.11415525,Low,12.792
Argentina,2016,ARG,992.424,-0.453,-4.516,22726.455,0.005,0.044,19927.385,87.684,-1.394,-4.56,2799.07,12.316,1.009743136,100.9743136,High,0.044
Argentina,2017,ARG,991.397,-0.103,-1.027,22503.818,-0.367,-3.191,19680.186,87.453,4.275,2.164,2823.634,12.547,-2.107108082,-210.7108082,Low,-3.191
Argentina,2018,ARG,984.346,-0.711,-7.052,22163.16,-1.343,-11.647,19258.883,86.896,2.548,4.595,2904.279,13.104,-0.651588202,-65.15882019,Low,-11.647
Argentina,2019,ARG,927.358,-5.789,-56.987,20725.168,-6.992,-59.811,17779.336,85.786,2.522,2.823,2945.832,14.214,-0.049537614,-4.953761384,Low,-59.81
Argentina,2020,ARG,869.829,-6.204,-57.53,19314.059,-7.293,-58.023,16376.283,84.789,-8.019,0.493,2937.775,15.211,-0.008569442,-0.856944203,Low,-58.023
Argentina,2021,ARG,958.463,10.19,88.634,21168.963,11.764,86.761,18205.441,86.001,2.399,1.873,2963.521,13.999,0.021131846,2.113184557,Low,86.761
Argentina,2022,ARG,1029.381,7.399,70.918,22618.625,7.393,60.942,19451.1,85.996,10.524,9.976,3167.525,14.004,0.140669506,14.06695056,Low,60.942
Argentina,2023,ARG,1019.741,-0.936,-9.64,22277.793,-3.573,-31.633,18648.033,83.707,12.499,21.993,3629.761,16.293,-2.281431535,-228.1431535,Low,-31.633
Armenia,1992,ARM,57.757,,,16157.746,,,,,,,,,0,0,Low,0
Armenia,1993,ARM,43.957,-23.893,-13.8,12714.077,,,,,,,,,0,0,Low,-13.8
Armenia,1994,ARM,39.296,-10.603,-4.661,11647.73,,,,,,,,,0,0,Low,-4.661
Armenia,1995,ARM,38.545,-1.911,-0.751,11600.216,,,,,,,,,0,0,Low,-0.751
Armenia,1996,ARM,49.341,28.01,10.796,14956.918,,,,,,,,,0,0,Low,10.796
Armenia,1997,ARM,41.582,-15.725,-7.759,12710.774,,,,,,,,,0,0,Low,-7.759
Armenia,1998,ARM,44.191,6.273,2.608,13636.756,,,,,,,,,0,0,Low,2.608
Armenia,1999,ARM,27.312,-38.195,-16.879,8518.906,,,,,,,,,0,0,Low,-16.879
Armenia,2000,ARM,29.374,7.549,2.062,9270.454,,,,,,,,,0,0,Low,2.062
Armenia,2001,ARM,28.887,-1.656,-0.487,9219.866,,,,,,,,,0,0,Low,-0.487
Armenia,2002,ARM,27.671,-4.21,-1.216,8911.608,,,,,,,,,0,0,Low,-1.216
Armenia,2003,ARM,30.428,9.964,2.757,9866.072,,,,,,,,,0,0,Low,2.757
Armenia,2004,ARM,31.559,3.718,1.131,10294.192,,,,,,,,,0,0,Low,1.131
Armenia,2005,ARM,36.559,15.842,5,11997.367,,,,,,,,,0,0,Low,5
Armenia,2006,ARM,36.503,-0.153,-0.056,12061.231,,,,,,,,,0,0,Low,-0.056
Armenia,2007,ARM,40.962,12.214,4.458,13633.888,,,,,,,,,0,0,Low,4.458
Armenia,2008,ARM,39.531,-3.492,-1.43,13250.285,,,,,,,,,0,0,Low,-1.43
Armenia,2009,ARM,35.321,-10.651,-4.21,11915.396,,,,,,,,,0,0,Low,-4.21
Armenia,2010,ARM,39.338,11.372,4.017,13351.512,,,,,,,,,0,0,Low,4.017
Armenia,2011,ARM,41.415,5.282,2.078,14139.787,,,,,,,,,0,0,Low,2.078
Armenia,2012,ARM,43.885,5.964,2.47,15057.879,,,,,,,,,0,0,Low,2.47
Armenia,2013,ARM,43.054,-1.895,-0.831,14838.981,,,,,,,,,0,0,Low,-0.831
Armenia,2014,ARM,43.884,1.929,0.83,15185.13,,,,,,,,,0,0,Low,0.83
Armenia,2015,ARM,40.66,-7.347,-3.224,14124.947,,,,,,,,,0,0,Low,-3.224
Armenia,2016,ARM,40.95,0.713,0.29,14289.046,,,,,,,,,0,0,Low,0.29
Armenia,2017,ARM,43.641,6.572,2.691,15302.439,,,,,,,,,0,0,Low,2.691
Armenia,2018,ARM,42.928,-1.634,-0.713,15133.982,,,,,,,,,0,0,Low,-0.713
Armenia,2019,ARM,45.635,6.304,2.706,16179.096,,,,,,,,,0,0,Low,2.706
Armenia,2020,ARM,47.937,5.044,2.302,17086.047,,,,,,,,,0,0,Low,2.302
Armenia,2021,ARM,49.357,2.963,1.42,17684.547,,,,,,,,,0,0,Low,1.42
Aruba,1986,ABW,0.426,,,6598.833,,,,,,,,,0,0,Low,0
Aruba,1987,ABW,0.426,0,0,6609.787,,,,,,,,,0,0,Low,0
Aruba,1988,ABW,1.632,283.126,1.206,25365.943,,,,,,,,,0,0,Low,1.206
Aruba,1989,ABW,2.17,32.932,0.538,33583.184,,,,,,,,,0,0,Low,0.538
Aruba,1990,ABW,2.292,5.621,0.122,34868.008,,,,,,,,,0,0,Low,0.122
Aruba,1991,ABW,2.5,9.087,0.208,36834.355,,,,,,,,,0,0,Low,0.208
Aruba,1992,ABW,2.746,9.843,0.246,39116.551,,,,,,,,,0,0,Low,0.246
Aruba,1993,ABW,2.79,1.602,0.044,38555.004,,,,,,,,,0,0,Low,0.044
Aruba,1994,ABW,3.062,9.72,0.271,40968.719,,,,,,,,,0,0,Low,0.271
Aruba,1995,ABW,3.465,13.18,0.404,44960.535,,,,,,,,,0,0,Low,0.404
Aruba,1996,ABW,2.284,-34.092,-1.181,28751.375,,,,,,,,,0,0,Low,-1.181
Aruba,1997,ABW,3.693,61.722,1.41,45111.688,,,,,,,,,0,0,Low,1.41
Aruba,1998,ABW,3.693,0,0,43778.629,,,,,,,,,0,0,Low,0
Aruba,1999,ABW,3.693,0,0,42512.855,,,,,,,,,0,0,Low,0
Aruba,2000,ABW,4.417,19.602,0.724,49568.207,,,,,,,,,0,0,Low,0.724
Aruba,2001,ABW,4.571,3.471,0.153,50392.613,,,,,,,,,0,0,Low,0.153
Aruba,2002,ABW,4.725,3.371,0.154,51469.32,,,,,,,,,0,0,Low,0.154
Aruba,2003,ABW,5.261,11.36,0.537,56750.387,,,,,,,,,0,0,Low,0.537
Aruba,2004,ABW,5.487,4.284,0.225,58649.285,,,,,,,,,0,0,Low,0.225
Aruba,2005,ABW,5.925,7.99,0.438,62704.926,,,,,,,,,0,0,Low,0.438
Aruba,2006,ABW,5.914,-0.191,-0.011,61848.48,,,,,,,,,0,0,Low,-0.011
Aruba,2007,ABW,6.094,3.048,0.18,62959.137,,,,,,,,,0,0,Low,0.18
Aruba,2008,ABW,5.725,-6.061,-0.369,58413.715,,,,,,,,,0,0,Low,-0.369
Aruba,2009,ABW,5.708,-0.303,-0.017,57522.297,,,,,,,,,0,0,Low,-0.017
Aruba,2010,ABW,5.358,-6.127,-0.35,53389.605,,,,,,,,,0,0,Low,-0.35
Aruba,2011,ABW,4.262,-20.444,-1.095,42076.207,,,,,,,,,0,0,Low,-1.095
Aruba,2012,ABW,5.34,25.288,1.078,52292.039,,,,,,,,,0,0,Low,1.078
Aruba,2013,ABW,5.172,-3.157,-0.169,50264.645,,,,,,,,,0,0,Low,-0.169
Aruba,2014,ABW,5.245,1.425,0.074,50628.816,,,,,,,,,0,0,Low,0.074
Aruba,2015,ABW,5.399,2.925,0.153,51778.613,,,,,,,,,0,0,Low,0.153
Aruba,2016,ABW,5.246,-2.826,-0.153,50017.652,,,,,,,,,0,0,Low,-0.153
Aruba,2017,ABW,5.432,3.537,0.186,51509.809,,,,,,,,,0,0,Low,0.186
Aruba,2018,ABW,5.248,-3.393,-0.184,49515.113,,,,,,,,,0,0,Low,-0.184
Aruba,2019,ABW,5.441,3.682,0.193,51107.844,,,,,,,,,0,0,Low,0.193
Aruba,2020,ABW,4.637,-14.781,-0.804,43496.941,,,,,,,,,0,0,Low,-0.804
Aruba,2021,ABW,4.911,5.909,0.274,46090.324,,,,,,,,,0,0,Low,0.274
Australia,1965,AUS,425.76,,,37480.715,,,35395.805,94.437,,,2084.91,5.563,0,0,Low,0
Australia,1966,AUS,446.102,4.778,20.341,38481.324,5.322,21.399,36529.594,94.928,-4.467,-1.058,1951.732,5.072,-0.052013175,-5.201317536,Low,21.399
Australia,1967,AUS,473.093,6.051,26.992,40061.688,6.187,26.201,38078.816,95.05,3.496,0.79,1982.873,4.95,0.029267931,2.926793124,Low,26.202
Australia,1968,AUS,501.694,6.045,28.601,41713.023,6.139,27.607,39683.492,95.135,4.264,0.994,2029.534,4.865,0.03475403,3.475402958,Low,27.607
Australia,1969,AUS,522.428,4.133,20.734,42583.41,3.89,18.568,40417.199,94.913,8.899,2.166,2166.213,5.087,0.104466094,10.44660943,Low,18.568
Australia,1970,AUS,570.102,9.125,47.673,45263.98,8.741,43.341,42810.016,94.579,16.359,4.332,2453.965,5.421,0.090869045,9.086904537,Low,43.341
Australia,1971,AUS,598.808,5.035,28.706,46083.969,4.59,24.747,43400.629,94.177,12.834,3.959,2683.344,5.823,0.137915418,13.79154184,Low,24.747
Australia,1972,AUS,626.095,4.557,27.287,47073.68,4.805,27.097,44437.891,94.401,0.534,0.19,2635.79,5.599,0.006963023,0.696302268,Low,27.097
Australia,1973,AUS,669.356,6.91,43.261,49533.055,6.922,40.91,46764.816,94.411,6.681,2.351,2768.236,5.589,0.05434456,5.434455977,Low,40.91
Australia,1974,AUS,711.901,6.356,42.545,51912.836,5.943,37.559,48821.367,94.045,13.301,4.986,3091.466,5.955,0.11719356,11.71935598,Low,37.559
Australia,1975,AUS,723.9,1.686,11.999,52128.41,1.316,8.81,48845.879,93.703,7.508,3.19,3282.531,6.297,0.265855488,26.5855488,Low,8.809
Australia,1976,AUS,749.088,3.479,25.188,53361.164,4.036,27.374,50269.727,94.207,-4.806,-2.186,3091.437,5.793,-0.086787359,-8.678735906,Low,27.374
Australia,1977,AUS,785.969,4.923,36.88,55375.77,5.507,38.859,52457.586,94.73,-4.542,-1.979,2918.178,5.27,-0.053660521,-5.366052061,Low,38.859
Australia,1978,AUS,811.221,3.213,25.252,56508.172,2.953,21.983,53395.305,94.491,7.925,3.269,3112.864,5.509,0.129455093,12.94550927,Low,21.983
Australia,1979,AUS,841.291,3.707,30.071,57938.066,4.083,31.299,54945.078,94.834,-2.76,-1.228,2992.988,5.166,-0.040836687,-4.083668651,Low,31.299
Australia,1980,AUS,844.247,0.351,2.956,57407.051,0.673,5.366,54615.762,95.138,-5.54,-2.41,2791.287,4.862,-0.815290934,-81.52909337,Low,5.366
Australia,1981,AUS,857.794,1.605,13.547,57454.168,1.532,12.304,54621.473,95.07,3.023,1.243,2832.694,4.93,0.091754632,9.175463202,Low,12.304
Australia,1982,AUS,849.919,-0.918,-7.874,56032.07,-0.612,-4.991,53433.984,95.363,-6.895,-2.883,2598.085,4.637,0.366141732,36.61417323,Low,-4.991
Australia,1983,AUS,841.572,-0.982,-8.348,54707.613,-0.761,-6.164,52287.727,95.577,-5.507,-2.184,2419.888,4.423,0.26161955,26.16195496,Low,-6.164
Australia,1984,AUS,871.355,3.539,29.784,55929.691,3.33,26.788,53348.02,95.384,8.063,2.996,2581.669,4.616,0.100590921,10.05909213,Low,26.788
Australia,1985,AUS,896.293,2.862,24.938,56778.852,2.705,22.481,54075.297,95.238,6.115,2.457,2703.562,4.762,0.09852434,9.852434036,Low,22.481
Australia,1986,AUS,912.411,1.798,16.118,56981.902,1.857,15.853,54300.055,95.294,0.62,0.265,2681.848,4.706,0.016441246,1.644124581,Low,15.853
Australia,1987,AUS,937.538,2.754,25.127,57661.828,3.026,26.313,55093.676,95.546,-2.775,-1.186,2568.149,4.454,-0.047200223,-4.720022287,Low,26.313
Australia,1988,AUS,981.314,4.669,43.776,59380.375,4.556,40.812,56674.305,95.443,6.97,2.964,2706.073,4.557,0.067708333,6.770833333,Low,40.812
Australia,1989,AUS,1029.713,4.932,48.399,61304.891,5.166,48.385,58641.629,95.656,-0.012,0.013,2663.257,4.344,0.000268601,0.026860059,Low,48.386
Australia,1990,AUS,1051.079,2.075,21.366,61654.105,2.034,20.032,58951.844,95.617,3.023,1.335,2702.262,4.383,0.062482449,6.248244875,Low,20.031
Australia,1991,AUS,1043.94,-0.679,-7.14,60444.344,-0.962,-9.672,57630.379,95.345,5.538,2.532,2813.959,4.655,-0.354621849,-35.46218487,Low,-9.672
Australia,1992,AUS,1060.42,1.579,16.48,60725.57,1.584,15.767,57901.609,95.35,1.497,0.713,2823.96,4.65,0.043264563,4.326456311,Low,15.767
Australia,1993,AUS,1084.443,2.265,24.022,61505.934,2.244,22.692,58633.574,95.33,2.707,1.331,2872.36,4.67,0.055407543,5.540754309,Low,22.691
Australia,1994,AUS,1125.551,3.791,41.109,63213.672,4.034,41.706,60402.938,95.554,-1.196,-0.598,2810.73,4.446,-0.014546693,-1.454669294,Low,41.707
Australia,1995,AUS,1154.299,2.554,28.747,64117.02,2.776,29.855,61398.641,95.76,-2.281,-1.107,2718.386,4.24,-0.038508366,-3.850836609,Low,29.854
Australia,1996,AUS,1188.137,2.931,33.838,65239.766,2.935,32.44,62475.82,95.763,2.808,1.397,2763.942,4.237,0.041284946,4.128494592,Low,32.441
Australia,1997,AUS,1217.288,2.454,29.151,66120.109,2.551,29.021,63378.875,95.854,0.236,0.13,2741.234,4.146,0.004459538,0.445953827,Low,29.021
Australia,1998,AUS,1246.33,2.386,29.042,67001.016,2.501,29.186,64295.676,95.962,-0.324,-0.143,2705.337,4.038,-0.004923903,-0.492390331,Low,29.185
Australia,1999,AUS,1297.347,4.093,51.017,69004.562,4.125,49.331,66238.219,95.991,3.343,1.686,2766.347,4.009,0.033047808,3.304780759,Low,49.331
Australia,2000,AUS,1305.259,0.61,7.912,68632.961,0.631,7.857,65895.281,96.011,0.218,0.055,2737.685,3.989,0.006951466,0.695146613,Low,7.857
Australia,2001,AUS,1315.385,0.776,10.126,68338.281,0.9,11.275,65693.062,96.129,-1.566,-1.15,2645.212,3.871,-0.11356903,-11.35690302,Low,11.276
Australia,2002,AUS,1341.745,2.004,26.36,68892.781,1.94,24.525,66184.305,96.069,4.006,1.835,2708.486,3.931,0.06961305,6.961305008,Low,24.525
Australia,2003,AUS,1360.862,1.425,19.117,69082.789,1.337,17.229,66309.148,95.985,3.988,1.888,2773.653,4.015,0.098760266,9.876026573,Low,17.229
Australia,2004,AUS,1404.444,3.203,43.582,70486.32,3.179,41.529,67641.094,95.963,3.751,2.053,2845.223,4.037,0.047106604,4.710660364,Low,41.529
Australia,2005,AUS,1410.35,0.421,5.906,69917.164,0.131,1.761,66901.25,95.686,8.179,4.145,3015.914,4.314,0.701828649,70.18286488,Medium,1.761
Australia,2006,AUS,1470.838,4.289,60.488,71863.758,4.376,59.057,68821.477,95.767,4.497,1.43,3042.29,4.233,0.023641053,2.364105277,Low,59.058
Australia,2007,AUS,1506.167,2.402,35.329,72304.695,2.676,37.7,69429.336,96.023,-2.926,-2.371,2875.358,3.977,-0.067112004,-6.71120043,Low,37.7
Australia,2008,AUS,1531.745,1.698,25.578,72089.344,2.011,29.086,69435.5,96.319,-4.081,-3.508,2653.844,3.681,-0.137149113,-13.71491125,Low,29.086
Australia,2009,AUS,1509.545,-1.449,-22.201,69689.844,-1.694,-24.99,66957.82,96.08,7.561,2.79,2732.027,3.92,-0.125670015,-12.56700149,Low,-24.991
Australia,2010,AUS,1508.839,-0.047,-0.706,68523.875,-0.455,-6.601,65568.57,95.687,12.755,5.895,2955.301,4.313,-8.349858357,-834.9858357,Low,-6.601
Australia,2011,AUS,1558.602,3.298,49.764,69714.188,1.813,26.177,65748.539,94.312,36.249,23.587,3965.651,5.688,0.473977172,47.39771723,Low,26.177
Australia,2012,AUS,1536.113,-1.443,-22.489,67583.031,-1.443,-21.206,63738.773,94.312,-1.299,-1.283,3844.253,5.688,0.057050113,5.705011339,Low,-21.206
Australia,2013,AUS,1555.586,1.268,19.473,67307.039,0.383,5.548,62923.895,93.488,15.626,13.925,4383.148,6.512,0.715092692,71.50926924,Medium,5.548
Australia,2014,AUS,1566.458,0.699,10.872,66744.195,1.287,18.71,62761.852,94.033,-6.987,-7.838,3982.348,5.967,-0.720934511,-72.09345107,Low,18.71
Australia,2015,AUS,1601.271,2.222,34.812,67223.109,1.878,27.664,62999.273,93.717,6.761,7.149,4223.832,6.283,0.205360221,20.53602206,Low,27.663
Australia,2016,AUS,1606.503,0.327,5.232,66396.188,-0.64,-9.61,61624.492,92.813,14.176,14.842,4771.693,7.187,2.8367737,283.67737,High,-9.61
Australia,2017,AUS,1601.646,-0.302,-4.857,65133.145,0.173,2.577,60740.344,93.256,-5.892,-7.434,4392.792,6.744,1.530574429,153.0574429,High,2.577
Australia,2018,AUS,1624.987,1.457,23.341,65053.539,-0.214,-3.201,59666.559,91.719,24.681,26.542,5386.981,8.281,1.137140654,113.7140654,High,-3.201
Australia,2019,AUS,1679.844,3.376,54.857,66247.297,2.705,40.321,60367.379,91.124,10.991,14.536,5879.921,8.876,0.264979857,26.49798567,Low,40.321
Australia,2020,AUS,1585.126,-5.638,-94.717,61750.023,-7.681,-117.578,55051.242,89.152,15.351,22.86,6698.785,10.848,-0.24135055,-24.13505495,Low,-117.577
Australia,2021,AUS,1589.075,0.249,3.949,61304.32,-2.085,-29.464,53381.383,87.076,19.897,33.413,7922.935,12.924,8.4611294,846.11294,High,-29.464
Australia,2022,AUS,1661.016,4.527,71.941,63452.266,3.333,46.126,54620.742,86.082,13.088,25.815,8831.524,13.918,0.358835713,35.88357126,Low,46.126
Australia,2023,AUS,1672.456,0.689,11.44,63256.879,-0.556,-7.95,53779.406,85.017,8.729,19.39,9477.472,14.983,1.69493007,169.493007,High,-7.95
Austria,1965,AUT,189.498,,,26066.176,,,19524.502,74.904,,,6541.673,25.096,0,0,Low,0
Austria,1966,AUT,198.325,4.658,8.827,27090.182,3.619,5.136,20090.027,74.16,7.76,3.69,7000.156,25.84,0.418035573,41.80355727,Low,5.137
Austria,1967,AUT,200.363,1.028,2.038,27165.602,0.648,0.953,20070.238,73.881,2.118,1.085,7095.364,26.119,0.532384691,53.23846909,Medium,0.953
Austria,1968,AUT,214.242,6.926,13.878,28897.621,8.402,12.438,21644.561,74.901,2.752,1.44,7253.062,25.099,0.103761349,10.37613489,Low,12.438
Austria,1969,AUT,221.926,3.587,7.685,29831.541,7.492,12.023,23186.455,77.725,-8.067,-4.338,6645.085,22.275,-0.564476252,-56.44762524,Low,12.023
Austria,1970,AUT,254.149,14.52,32.223,34044.027,10.844,18.704,25611.236,75.23,27.346,13.518,8432.793,24.77,0.419514012,41.95140117,Low,18.705
Austria,1971,AUT,253.084,-0.419,-1.065,33751.086,6.356,12.151,27118.223,80.348,-20.994,-13.217,6632.865,19.652,12.41032864,1241.032864,High,12.152
Austria,1972,AUT,261.826,3.454,8.742,34715.312,3.619,7.359,27937.443,80.476,2.779,1.382,6777.869,19.524,0.158087394,15.80873942,Low,7.36
Austria,1973,AUT,281.51,7.518,19.684,37118.832,6.645,14.002,29629.223,79.823,11.115,5.682,7489.612,20.177,0.288660841,28.86608413,Low,14.002
Austria,1974,AUT,282.962,0.516,1.452,37246.43,-3.963,-8.906,28406.164,76.265,18.236,10.358,8840.264,23.735,7.133608815,713.3608815,High,-8.906
Austria,1975,AUT,281.064,-0.671,-1.899,37094.656,-2.364,-5.101,27808.289,74.966,4.768,3.202,9286.367,25.034,-1.686150606,-168.6150606,Low,-5.101
Austria,1976,AUT,290.894,3.497,9.83,38460.152,9.198,19.38,30419.934,79.095,-13.572,-9.55,8040.218,20.905,-0.971515768,-97.15157681,Low,19.38
Austria,1977,AUT,291.598,0.242,0.704,38538.719,-5.291,-12.174,28799.48,74.729,21.177,12.878,9739.236,25.271,18.29261364,1829.261364,High,-12.174
Austria,1978,AUT,304.19,4.318,12.592,40235.43,5.752,12.533,30480.5,75.755,0.08,0.059,9754.929,24.245,0.004685515,0.468551461,Low,12.533
Austria,1979,AUT,322.217,5.926,18.027,42692.008,3.773,8.695,31684.107,74.216,12.654,9.332,11007.9,25.784,0.517667943,51.76679425,Medium,8.695
Austria,1980,AUT,320.874,-0.417,-1.343,42513.559,-1.814,-4.339,31108.863,73.174,3.606,2.996,11404.694,26.826,-2.230826508,-223.0826508,Low,-4.339
Austria,1981,AUT,311.52,-2.915,-9.354,41171.953,-6.172,-14.491,29116.539,70.719,5.968,5.137,12055.418,29.281,-0.549176823,-54.91768227,Low,-14.491
Austria,1982,AUT,301.322,-3.274,-10.198,39797.918,-4.695,-10.343,27731.283,69.68,0.159,0.145,12066.638,30.32,-0.014218474,-1.421847421,Low,-10.343
Austria,1983,AUT,300.495,-0.274,-0.826,39752.715,0.015,0.031,27780.08,69.882,-0.939,-0.858,11972.639,30.118,1.03874092,103.874092,High,0.032
Austria,1984,AUT,297.469,-1.007,-3.027,39355.172,3.849,8.082,28851.346,73.31,-12.274,-11.109,10503.83,26.69,3.669970268,366.9970268,High,8.082
Austria,1985,AUT,315.806,6.164,18.337,41761.547,1.705,3.718,29329.434,70.231,18.134,14.619,12432.113,29.769,0.797240552,79.72405519,Medium,3.718
Austria,1986,AUT,316.435,0.199,0.629,41816.344,-0.383,-0.85,29197.152,69.822,1.491,1.479,12619.191,30.178,2.351351351,235.1351351,High,-0.85
Austria,1987,AUT,334.019,5.557,17.584,44110.18,2.509,5.544,29909.434,67.806,12.744,12.041,14200.749,32.194,0.684770246,68.47702457,Medium,5.543
Austria,1988,AUT,329.132,-1.463,-4.887,43399.539,-2.247,-5.09,29193.416,67.267,0.158,0.202,14206.123,32.733,-0.041334152,-4.133415183,Low,-5.089
Austria,1989,AUT,330.973,0.559,1.841,43438.27,1.045,2.313,29360.508,67.591,-0.452,-0.472,14077.761,32.409,-0.256382401,-25.63824009,Low,2.313
Austria,1990,AUT,333.824,0.861,2.851,43473.848,5.943,13.296,30865.15,70.997,-9.77,-10.445,12608.698,29.003,-3.663626798,-366.3626798,Low,13.296
Austria,1991,AUT,349.4,4.666,15.576,45051.105,6.542,15.504,32558.141,72.269,0.054,0.072,12492.961,27.731,0.004622496,0.462249615,Low,15.504
Austria,1992,AUT,344.792,-1.319,-4.608,43974.008,-5.943,-15.006,30290.568,68.883,10.739,10.398,13683.438,31.117,-2.256510417,-225.6510417,Low,-15.006
Austria,1993,AUT,352.443,2.219,7.651,44583.27,0.865,2.055,30303.471,67.97,5.225,5.597,14279.802,32.03,0.731538361,73.1538361,Medium,2.054
Austria,1994,AUT,349.408,-0.861,-3.035,44031.754,0.166,0.397,30238.568,68.674,-3.017,-3.432,13793.188,31.326,1.130807249,113.0807249,High,0.397
Austria,1995,AUT,367.661,5.224,18.253,46262.477,5.07,12.165,31723.951,68.574,5.437,6.088,14538.525,31.426,0.333534214,33.35342136,Low,12.165
Austria,1996,AUT,375.696,2.185,8.035,47209.656,6.865,17.309,33856.094,71.714,-8.002,-9.274,13353.565,28.286,-1.154200373,-115.4200373,Low,17.309
Austria,1997,AUT,380.569,1.297,4.872,47767.598,-0.427,-1.151,33673.223,70.494,5.66,6.023,14094.372,29.506,1.236247947,123.6247947,High,-1.151
Austria,1998,AUT,389.247,2.28,8.679,48803.195,1.885,5.057,34270.203,70.221,3.21,3.622,14532.994,29.779,0.417329185,41.73291854,Low,5.057
Austria,1999,AUT,392.804,0.914,3.556,49153.414,-2.243,-6.132,33436.324,68.024,8.44,9.688,15717.087,31.976,2.724409449,272.4409449,High,-6.132
Austria,2000,AUT,395.171,0.603,2.367,49332.055,-0.309,-0.825,33253.867,67.408,2.562,3.192,16078.19,32.592,1.348542459,134.8542459,High,-0.825
Austria,2001,AUT,406.593,2.891,11.423,50573.637,5.827,15.522,35063.773,69.332,-2.61,-4.1,15509.863,30.668,-0.358924976,-35.89249759,Low,15.523
Austria,2002,AUT,406.828,0.058,0.235,50356.289,0.724,2.041,35145.586,69.794,-0.806,-1.806,15210.699,30.206,-7.685106383,-768.5106383,Low,2.041
Austria,2003,AUT,407.704,0.215,0.875,50209.152,7.349,20.867,37537.383,74.762,-15.852,-19.991,12671.771,25.238,-22.84685714,-2284.685714,Low,20.866
Austria,2004,AUT,422.457,3.619,14.754,51700.691,0.796,2.425,37599.379,72.725,12.621,12.329,14101.312,27.275,0.835637793,83.56377931,Medium,2.425
Austria,2005,AUT,431.35,2.105,8.893,52430.82,1.795,5.516,38014.77,72.505,4.641,3.376,14416.047,27.495,0.379624424,37.96244237,Low,5.517
Austria,2006,AUT,425.865,-1.272,-5.485,51509.012,-2.134,-6.673,37020.414,71.872,4.733,1.187,14488.603,28.128,-0.216408387,-21.64083865,Low,-6.672
Austria,2007,AUT,420.066,-1.362,-5.799,50642.531,-4.273,-13.079,35323.309,69.75,7.021,7.28,15319.22,30.25,-1.25538886,-125.538886,Low,-13.079
Austria,2008,AUT,424.56,1.07,4.495,51021.918,0.313,0.917,35321.387,69.228,3.808,3.578,15700.529,30.772,0.795995551,79.59955506,Medium,0.917
Austria,2009,AUT,409.772,-3.483,-14.788,49116.078,-7.679,-22.569,32523.871,66.218,7.628,7.782,16592.205,33.782,-0.52623749,-52.62374899,Low,-22.57
Austria,2010,AUT,421.558,2.876,11.786,50408.578,6.709,18.205,34623.395,68.686,-3.652,-6.419,15785.184,31.314,-0.544629221,-54.46292211,Low,18.205
Austria,2011,AUT,395.869,-6.094,-25.689,47176.66,-4.715,-13.652,32879.441,69.694,-8.324,-12.038,14297.22,30.306,0.46860524,46.86052396,Low,-13.651
Austria,2012,AUT,414.402,4.682,18.533,49160.137,-3.513,-9.693,31579.602,64.238,23.1,28.227,17580.533,35.762,1.523066962,152.3066962,High,-9.694
Austria,2013,AUT,410.852,-0.857,-3.55,48452.184,-0.158,-0.42,31344.254,64.691,-1.646,-3.13,17107.934,35.309,0.881690141,88.16901408,Medium,-0.42
Austria,2014,AUT,394.889,-3.885,-15.963,46207.137,-5.362,-14.253,29432.529,63.697,-0.66,-1.711,16774.605,36.303,0.107185366,10.71853662,Low,-14.252
Austria,2015,AUT,396.383,0.378,1.494,45864.832,3.575,8.993,30144.947,65.726,-4.349,-7.499,15719.883,34.274,-5.019410977,-501.9410977,Low,8.993
Austria,2016,AUT,409.651,3.347,13.268,46889.66,1.727,4.499,30335.359,64.695,6.635,8.769,16554.303,35.305,0.660913476,66.0913476,Medium,4.499
Austria,2017,AUT,417.569,1.933,7.918,47464.48,3.27,8.667,31110.197,65.544,-0.078,-0.75,16354.286,34.456,-0.094720889,-9.472088911,Low,8.668
Austria,2018,AUT,408.402,-2.195,-9.167,46196.625,-2.055,-5.625,30322.547,65.638,-2.095,-3.542,15874.077,34.362,0.38638595,38.63859496,Low,-5.625
Austria,2019,AUT,427.96,4.789,19.558,48194.07,3.015,8.083,31098.203,64.527,8.285,11.475,17095.865,35.473,0.586716433,58.67164332,Medium,8.083
Austria,2020,AUT,400.144,-6.5,-27.816,44920.742,-10.435,-28.816,27766.033,61.811,0.404,1,17154.707,38.189,-0.035950532,-3.595053207,Low,-28.816
Austria,2021,AUT,406.033,1.472,5.889,45508.77,5.336,13.197,29200.68,64.165,-4.068,-7.308,16308.09,35.835,-1.240957718,-124.0957718,Low,13.197
Austria,2022,AUT,379.769,-6.468,-26.264,42481.578,-6.806,-17.732,27159.941,63.933,-5.714,-8.533,15321.636,36.067,0.32489339,32.48933902,Low,-17.731
Austria,2023,AUT,384.811,1.328,5.042,42952.613,-5.034,-12.222,25737.123,59.92,12.427,17.263,17215.49,40.08,3.423839746,342.3839746,High,-12.221
Azerbaijan,1985,AZE,234.951,,,34094.559,,,33531.336,98.348,,,563.22,1.652,0,0,Low,0
Azerbaijan,1986,AZE,252.834,7.612,17.884,36072.141,8.39,19.387,35732.816,99.059,-38.721,-1.503,339.328,0.941,-0.084041601,-8.404160143,Low,19.387
Azerbaijan,1987,AZE,245.023,-3.09,-7.812,34352.094,-3.119,-7.812,34018.645,99.029,0,0,333.45,0.971,0,0,Low,-7.812
Azerbaijan,1988,AZE,245.204,0.074,0.182,33769.352,0.204,0.495,33484.992,99.158,-13.187,-0.314,284.358,0.842,-1.725274725,-172.5274725,Low,0.496
Azerbaijan,1989,AZE,250.052,1.977,4.848,34025.863,1.994,4.848,33744.898,99.174,0,0,280.963,0.826,0,0,Low,4.848
Azerbaijan,1990,AZE,260.551,4.199,10.499,35077.656,3.089,7.661,34417.613,98.118,137.446,2.838,660.042,1.882,0.270311458,27.03114582,Low,7.661
Azerbaijan,1991,AZE,250.351,-3.915,-10.2,33210.719,-4.107,-10.5,32520.611,97.922,6.11,0.3,690.11,2.078,-0.029411765,-2.941176471,Low,-10.5
Azerbaijan,1992,AZE,214.394,-14.363,-35.957,28049.744,-14.653,-35.922,27373.764,97.59,-0.682,-0.035,675.98,2.41,0.000973385,0.097338488,Low,-35.922
Azerbaijan,1993,AZE,185.98,-13.253,-28.414,24028.104,-14.539,-30.421,23101.287,96.143,38.843,2.007,926.816,3.857,-0.070634194,-7.063419441,Low,-30.421
Azerbaijan,1994,AZE,170.865,-8.127,-15.116,21844.428,-7.468,-13.353,21152.613,96.833,-24.567,-1.762,691.814,3.167,0.116565229,11.65652289,Low,-13.354
Azerbaijan,1995,AZE,160.648,-5.979,-10.217,20362.68,-5.685,-9.406,19779.477,97.136,-14.973,-0.81,583.202,2.864,0.079279632,7.927963199,Low,-9.407
Azerbaijan,1996,AZE,131.741,-17.994,-28.907,16573.02,-18.489,-28.851,16001.271,96.55,-1.221,-0.056,571.749,3.45,0.001937247,0.193724703,Low,-28.851
Azerbaijan,1997,AZE,126.155,-4.24,-5.586,15769.196,-4.799,-6.104,15136.405,95.987,11.386,0.517,632.79,4.013,-0.092552811,-9.25528106,Low,-6.103
Azerbaijan,1998,AZE,126.645,0.389,0.491,15749.731,-0.179,-0.216,15032.282,95.445,13.96,0.707,717.45,4.555,1.439918534,143.9918534,High,-0.216
Azerbaijan,1999,AZE,126.353,-0.23,-0.292,15596.4,0.847,1.024,15046.717,96.476,-22.809,-1.316,549.683,3.524,4.506849315,450.6849315,High,1.024
Azerbaijan,2000,AZE,132.055,4.513,5.702,16123.289,4.61,5.619,15569.463,96.565,1.859,0.083,553.826,3.435,0.014556296,1.455629604,Low,5.619
Azerbaijan,2001,AZE,127.227,-3.656,-4.828,15361.87,-3.226,-4.114,14900.381,96.996,-15.189,-0.714,461.489,3.004,0.147887324,14.78873239,Low,-4.114
Azerbaijan,2002,AZE,125.609,-1.272,-1.619,15003.191,-2.992,-3.693,14298.943,95.306,55.265,2.074,704.247,4.694,-1.281037678,-128.1037678,Low,-3.693
Azerbaijan,2003,AZE,136.035,8.301,10.427,16075.374,7.651,9.159,15228.88,94.734,22.277,1.267,846.493,5.266,0.121511461,12.15114606,Low,9.16
Azerbaijan,2004,AZE,153.898,13.131,17.863,17986.783,13.259,17.087,17058.92,94.841,11.538,0.776,927.863,5.159,0.043441751,4.344175111,Low,17.087
Azerbaijan,2005,AZE,166.837,8.408,12.939,19273.648,8.4,12.261,18278.164,94.835,9.234,0.678,995.485,5.165,0.052399722,5.239972177,Low,12.261
Azerbaijan,2006,AZE,164.092,-1.646,-2.746,18724.746,-0.817,-1.293,17907.168,95.634,-16.329,-1.452,817.578,4.366,0.528769119,52.87691187,Medium,-1.294
Azerbaijan,2007,AZE,151.071,-7.935,-13.02,17015.564,-7.991,-12.54,16262.671,95.575,-6.116,-0.48,752.894,4.425,0.036866359,3.686635945,Low,-12.54
Azerbaijan,2008,AZE,151.163,0.061,0.092,16796.51,0.35,0.505,16099.592,95.851,-5.584,-0.412,696.918,4.149,-4.47826087,-447.826087,Low,0.504
Azerbaijan,2009,AZE,130.168,-13.889,-20.995,14273.418,-14.615,-21.176,13565.871,95.043,3.517,0.181,707.546,4.957,-0.0086211,-0.862110026,Low,-21.176
Azerbaijan,2010,AZE,128.439,-1.328,-1.729,13904.573,-3.915,-4.843,12868.885,92.551,49.18,3.114,1035.688,7.449,-1.801041064,-180.1041064,Low,-4.843
Azerbaijan,2011,AZE,145.739,13.469,17.3,15572.064,16.392,19.485,14783.35,94.935,-22.369,-2.185,788.716,5.065,-0.126300578,-12.6300578,Low,19.485
Azerbaijan,2012,AZE,150.091,2.986,4.352,15823.058,4.872,6.74,15296.674,96.673,-31.946,-2.389,526.385,3.327,-0.548943015,-54.89430147,Low,6.741
Azerbaijan,2013,AZE,154.212,2.746,4.121,16039.534,3.334,4.837,15594.72,97.227,-14.459,-0.716,444.814,2.773,-0.173744237,-17.37442368,Low,4.837
Azerbaijan,2014,AZE,157.241,1.965,3.03,16140.756,2.33,3.493,15749.371,97.575,-10.644,-0.464,391.385,2.425,-0.153135314,-15.31353135,Low,3.494
Azerbaijan,2015,AZE,171.826,9.275,14.585,17420.43,8.912,13.673,16941.422,97.25,24.837,0.912,479.008,2.75,0.062529997,6.252999657,Low,13.673
Azerbaijan,2016,AZE,170.192,-0.951,-1.634,17059.744,-1.549,-2.588,16490.473,96.663,21.124,0.954,569.269,3.337,-0.583843329,-58.38433293,Low,-2.588
Azerbaijan,2017,AZE,166.954,-1.903,-3.238,16576.758,-1.603,-2.636,16072.636,96.959,-10.158,-0.602,504.123,3.041,0.185917233,18.59172329,Low,-2.636
Azerbaijan,2018,AZE,176.167,5.518,9.213,17352.01,5.579,9.031,16833.99,97.015,4.242,0.182,518.02,2.985,0.019754694,1.975469445,Low,9.031
Azerbaijan,2019,AZE,185.891,5.52,9.724,18166.221,5.94,10.151,17694.033,97.401,-8.052,-0.427,472.188,2.599,-0.04391197,-4.391197038,Low,10.151
Azerbaijan,2020,AZE,184.929,-0.518,-0.962,17980.494,0.202,0.365,17639.721,98.105,-27.558,-1.327,340.771,1.895,1.379417879,137.9417879,High,0.365
Azerbaijan,2021,AZE,197.549,6.825,12.621,19155.395,6.665,12.092,18764.215,97.958,15.812,0.529,391.182,2.042,0.04191427,4.191426987,Low,12.092
Azerbaijan,2022,AZE,210.286,6.447,12.737,20301.668,6.153,11.907,19832.1,97.687,21.181,0.83,469.569,2.313,0.065164481,6.516448143,Low,11.907
Azerbaijan,2023,AZE,227.849,8.352,17.562,21881.906,8.342,17.136,21373.877,97.678,9.137,0.426,508.029,2.322,0.024256918,2.425691835,Low,17.136
Bahamas,1980,BHS,17.676,,,78995.352,,,,,,,,,0,0,Low,0
Bahamas,1981,BHS,18.257,3.288,0.581,80086.273,,,,,,,,,0,0,Low,0.581
Bahamas,1982,BHS,15.739,-13.793,-2.518,67787.148,,,,,,,,,0,0,Low,-2.518
Bahamas,1983,BHS,11.962,-24,-3.777,50557.742,,,,,,,,,0,0,Low,-3.777
Bahamas,1984,BHS,10.732,-10.281,-1.23,44498.23,,,,,,,,,0,0,Low,-1.23
Bahamas,1985,BHS,9.443,-12.006,-1.288,38396.613,,,,,,,,,0,0,Low,-1.288
Bahamas,1986,BHS,9.506,0.667,0.063,37902.086,,,,,,,,,0,0,Low,0.063
Bahamas,1987,BHS,10.608,11.583,1.101,41496.191,,,,,,,,,0,0,Low,1.101
Bahamas,1988,BHS,9.873,-6.92,-0.734,37907.949,,,,,,,,,0,0,Low,-0.734
Bahamas,1989,BHS,11.291,14.353,1.417,42524.871,,,,,,,,,0,0,Low,1.417
Bahamas,1990,BHS,12.012,6.389,0.721,44375.27,,,,,,,,,0,0,Low,0.721
Bahamas,1991,BHS,10.654,-11.301,-1.357,38593.031,,,,,,,,,0,0,Low,-1.357
Bahamas,1992,BHS,9.014,-15.395,-1.64,31967.479,,,,,,,,,0,0,Low,-1.64
Bahamas,1993,BHS,9.518,5.593,0.504,33030.215,,,,,,,,,0,0,Low,0.504
Bahamas,1994,BHS,10.574,11.093,1.056,35966.133,,,,,,,,,0,0,Low,1.056
Bahamas,1995,BHS,12.637,19.508,2.063,42184.473,,,,,,,,,0,0,Low,2.063
Bahamas,1996,BHS,14.246,12.734,1.609,46717.66,,,,,,,,,0,0,Low,1.609
Bahamas,1997,BHS,13.885,-2.533,-0.361,44765.137,,,,,,,,,0,0,Low,-0.361
Bahamas,1998,BHS,15.769,13.562,1.883,49993.695,,,,,,,,,0,0,Low,1.883
Bahamas,1999,BHS,13.869,-12.043,-1.899,43303.824,,,,,,,,,0,0,Low,-1.899
Bahamas,2000,BHS,16.463,18.7,2.594,50650.191,,,,,,,,,0,0,Low,2.594
Bahamas,2001,BHS,16.778,1.916,0.315,50899.527,,,,,,,,,0,0,Low,0.315
Bahamas,2002,BHS,17.402,3.715,0.623,52098.809,,,,,,,,,0,0,Low,0.623
Bahamas,2003,BHS,12.155,-30.15,-5.247,35908.117,,,,,,,,,0,0,Low,-5.247
Bahamas,2004,BHS,13.473,10.839,1.317,39267.469,,,,,,,,,0,0,Low,1.317
Bahamas,2005,BHS,12.954,-3.847,-0.518,37244.637,,,,,,,,,0,0,Low,-0.518
Bahamas,2006,BHS,15.046,16.149,2.092,42663.531,,,,,,,,,0,0,Low,2.092
Bahamas,2007,BHS,17.327,15.162,2.281,48444.41,,,,,,,,,0,0,Low,2.281
Bahamas,2008,BHS,16.932,-2.281,-0.395,46670.273,,,,,,,,,0,0,Low,-0.395
Bahamas,2009,BHS,12.729,-24.821,-4.203,34584.957,,,,,,,,,0,0,Low,-4.203
Bahamas,2010,BHS,13.263,4.191,0.533,35531.059,,,,,,,,,0,0,Low,0.533
Bahamas,2011,BHS,11.71,-11.709,-1.553,30982.486,,,,,,,,,0,0,Low,-1.553
Bahamas,2012,BHS,13.534,15.576,1.824,35422.555,,,,,,,,,0,0,Low,1.824
Bahamas,2013,BHS,12.594,-6.943,-0.94,32656.572,,,,,,,,,0,0,Low,-0.94
Bahamas,2014,BHS,12.364,-1.831,-0.231,31772.066,,,,,,,,,0,0,Low,-0.231
Bahamas,2015,BHS,11.819,-4.405,-0.545,30096.48,,,,,,,,,0,0,Low,-0.545
Bahamas,2016,BHS,12.373,4.69,0.554,31247.096,,,,,,,,,0,0,Low,0.554
Bahamas,2017,BHS,14.755,19.247,2.382,36977.281,,,,,,,,,0,0,Low,2.382
Bahamas,2018,BHS,16.027,8.621,1.272,39876.789,,,,,,,,,0,0,Low,1.272
Bahamas,2019,BHS,16.035,0.052,0.008,39636.066,,,,,,,,,0,0,Low,0.008
Bahamas,2020,BHS,13.536,-15.583,-2.499,33301.77,,,,,,,,,0,0,Low,-2.499
Bahamas,2021,BHS,14.46,6.821,0.923,35447.574,,,,,,,,,0,0,Low,0.923
Bahrain,1980,BHR,40.174,,,110794.172,,,,,,,,,0,0,Low,0
Bahrain,1981,BHR,46.285,15.211,6.111,122630.242,,,,,,,,,0,0,Low,6.111
Bahrain,1982,BHR,49.353,6.629,3.068,126213.508,,,,,,,,,0,0,Low,3.068
Bahrain,1983,BHR,51.83,5.019,2.477,128046.125,,,,,,,,,0,0,Low,2.477
Bahrain,1984,BHR,50.3,-2.953,-1.531,119982.117,,,,,,,,,0,0,Low,-1.531
Bahrain,1985,BHR,59.786,18.859,9.486,137633.359,,,,,,,,,0,0,Low,9.486
Bahrain,1986,BHR,64.765,8.328,4.979,143857.922,,,,,,,,,0,0,Low,4.979
Bahrain,1987,BHR,77.904,20.287,13.139,166970.438,,,,,,,,,0,0,Low,13.139
Bahrain,1988,BHR,67.1,-13.869,-10.804,138824.094,,,,,,,,,0,0,Low,-10.804
Bahrain,1989,BHR,68.611,2.252,1.511,137123.156,,,,,,,,,0,0,Low,1.511
Bahrain,1990,BHR,75.094,9.449,6.483,145128.422,,,,,,,,,0,0,Low,6.483
Bahrain,1991,BHR,84.05,11.927,8.956,156980.109,,,,,,,,,0,0,Low,8.956
Bahrain,1992,BHR,70.512,-16.107,-13.538,127168.414,,,,,,,,,0,0,Low,-13.538
Bahrain,1993,BHR,84.209,19.424,13.696,146765.969,,,,,,,,,0,0,Low,13.696
Bahrain,1994,BHR,82.967,-1.475,-1.242,139849.062,,,,,,,,,0,0,Low,-1.242
Bahrain,1995,BHR,83.113,0.177,0.147,135597.828,,,,,,,,,0,0,Low,0.147
Bahrain,1996,BHR,83.316,0.244,0.202,131670.078,,,,,,,,,0,0,Low,0.202
Bahrain,1997,BHR,98.161,17.817,14.845,150403.062,,,,,,,,,0,0,Low,14.845
Bahrain,1998,BHR,103.041,4.972,4.88,153224.422,,,,,,,,,0,0,Low,4.88
Bahrain,1999,BHR,105.72,2.6,2.679,152743.703,,,,,,,,,0,0,Low,2.679
Bahrain,2000,BHR,111.877,5.824,6.157,157253.031,,,,,,,,,0,0,Low,6.157
Bahrain,2001,BHR,115.79,3.498,3.913,158559.688,,,,,,,,,0,0,Low,3.913
Bahrain,2002,BHR,123.547,6.699,7.757,165096.562,,,,,,,,,0,0,Low,7.757
Bahrain,2003,BHR,129.081,4.48,5.534,165859.016,,,,,,,,,0,0,Low,5.534
Bahrain,2004,BHR,133.713,3.588,4.632,160432.516,,,,,,,,,0,0,Low,4.632
Bahrain,2005,BHR,150.004,12.184,16.291,166315.328,,,,,,,,,0,0,Low,16.291
Bahrain,2006,BHR,160.051,6.697,10.046,164833.391,,,,,,,,,0,0,Low,10.046
Bahrain,2007,BHR,164.328,2.672,4.277,157924.5,,,,,,,,,0,0,Low,4.277
Bahrain,2008,BHR,172.081,4.719,7.754,154979.234,,,,,,,,,0,0,Low,7.754
Bahrain,2009,BHR,170.371,-0.994,-1.71,144448.344,,,,,,,,,0,0,Low,-1.71
Bahrain,2010,BHR,172.235,1.094,1.864,141914.094,,,,,,,,,0,0,Low,1.864
Bahrain,2011,BHR,170.415,-1.057,-1.82,140596.469,,,,,,,,,0,0,Low,-1.82
Bahrain,2012,BHR,183.07,7.426,12.655,149451.375,,,,,,,,,0,0,Low,12.655
Bahrain,2013,BHR,203.592,11.21,20.522,161365.531,,,,,,,,,0,0,Low,20.522
Bahrain,2014,BHR,201.824,-0.869,-1.769,153929.594,,,,,,,,,0,0,Low,-1.769
Bahrain,2015,BHR,203.605,0.883,1.782,149472.797,,,,,,,,,0,0,Low,1.782
Bahrain,2016,BHR,203.153,-0.222,-0.453,144113.938,,,,,,,,,0,0,Low,-0.453
Bahrain,2017,BHR,209.008,2.882,5.855,143466.25,,,,,,,,,0,0,Low,5.855
Bahrain,2018,BHR,211.637,1.258,2.629,142291.5,,,,,,,,,0,0,Low,2.629
Bahrain,2019,BHR,232.196,9.714,20.559,155398.469,,,,,,,,,0,0,Low,20.559
Bahrain,2020,BHR,230.628,-0.675,-1.568,156095.797,,,,,,,,,0,0,Low,-1.568
Bahrain,2021,BHR,235.749,2.22,5.12,161111.203,,,,,,,,,0,0,Low,5.12
Bangladesh,1971,BGD,13.407,,,196.075,,,188.507,96.14,,,7.568,3.86,0,0,Low,0
Bangladesh,1972,BGD,15.191,13.305,1.784,219.053,13.839,1.784,211.591,96.593,0,0,7.462,3.407,0,0,Low,1.784
Bangladesh,1973,BGD,19.48,28.239,4.29,273.811,26.091,3.828,260.054,94.976,89.143,0.461,13.757,5.024,0.107459207,10.74592075,Low,3.829
Bangladesh,1974,BGD,20.747,6.5,1.266,284.403,8.251,1.527,274.552,96.537,-26.586,-0.26,9.85,3.463,-0.205371248,-20.5371248,Low,1.526
Bangladesh,1975,BGD,21.331,2.818,0.585,285.556,0.069,0.014,268.297,93.956,79.424,0.571,17.259,6.044,0.976068376,97.60683761,Medium,0.014
Bangladesh,1976,BGD,24.893,16.698,3.562,325.91,16.917,3.39,306.785,94.132,13.303,0.172,19.125,5.868,0.048287479,4.828747894,Low,3.39
Bangladesh,1977,BGD,25.438,2.19,0.545,325.556,3.046,0.714,309.018,94.92,-11.538,-0.169,16.538,5.08,-0.310091743,-31.00917431,Low,0.714
Bangladesh,1978,BGD,27.024,6.234,1.586,337.767,5.722,1.382,319.066,94.463,15.789,0.204,18.701,5.537,0.128625473,12.86254729,Low,1.382
Bangladesh,1979,BGD,29.795,10.254,2.771,363.76,9.917,2.531,342.568,94.174,16.008,0.24,21.191,5.826,0.086611332,8.661133165,Low,2.531
Bangladesh,1980,BGD,34.75,16.632,4.955,414.041,17.703,4.967,393.501,95.039,-0.681,-0.012,20.54,4.961,-0.002421796,-0.242179617,Low,4.967
Bangladesh,1981,BGD,36.84,6.012,2.089,427.599,5.95,1.965,406.148,94.983,7.204,0.124,21.451,5.017,0.059358545,5.935854476,Low,1.965
Bangladesh,1982,BGD,40.641,10.319,3.802,458.937,11.726,4.103,441.474,96.195,-16.32,-0.302,17.464,3.805,-0.079431878,-7.943187796,Low,4.104
Bangladesh,1983,BGD,40.19,-1.11,-0.451,441.43,-2.205,-0.862,419.929,95.129,26.577,0.411,21.501,4.871,-0.911308204,-91.1308204,Low,-0.862
Bangladesh,1984,BGD,43.443,8.092,3.252,464.456,6.689,2.557,436.098,93.894,35.498,0.695,28.358,6.106,0.213714637,21.37146371,Low,2.557
Bangladesh,1985,BGD,48.274,11.122,4.832,503.07,12.99,5.299,480.297,95.473,-17.614,-0.467,22.772,4.527,-0.096647351,-9.664735099,Low,5.299
Bangladesh,1986,BGD,52.537,8.83,4.262,534.605,11.103,5.117,521.065,97.467,-39.107,-0.855,13.54,2.533,-0.200610042,-20.06100422,Low,5.117
Bangladesh,1987,BGD,57.985,10.37,5.448,577.017,10.252,5.25,561.804,97.364,14.889,0.198,15.213,2.637,0.036343612,3.634361233,Low,5.25
Bangladesh,1988,BGD,64.576,11.368,6.592,628.855,10.849,6.125,609.418,96.909,30.561,0.467,19.437,3.091,0.070843447,7.08434466,Low,6.125
Bangladesh,1989,BGD,69.614,7.801,5.038,663.665,6.893,4.313,637.73,96.092,36.296,0.724,25.935,3.908,0.143707821,14.37078206,Low,4.314
Bangladesh,1990,BGD,73.856,6.094,4.242,689.296,6.501,4.349,664.9,96.461,-3.913,-0.106,24.396,3.539,-0.024988213,-2.498821311,Low,4.348
Bangladesh,1991,BGD,71.255,-3.523,-2.602,652.259,-3.461,-2.466,629.576,96.522,-5.204,-0.136,22.683,3.478,0.052267487,5.226748655,Low,-2.466
Bangladesh,1992,BGD,77.711,9.06,6.456,698.383,9.567,6.58,677.23,96.971,-5.012,-0.124,21.153,3.029,-0.019206939,-1.920693928,Low,6.58
Bangladesh,1993,BGD,85.436,9.941,7.725,753.277,10.989,8.281,737.426,97.896,-23.618,-0.556,15.851,2.104,-0.07197411,-7.197411003,Low,8.281
Bangladesh,1994,BGD,90.69,6.15,5.254,784.415,5.437,4.548,762.752,97.238,39.309,0.707,21.663,2.762,0.134564142,13.45641416,Low,4.547
Bangladesh,1995,BGD,107.109,18.104,16.419,909.293,20.211,17.823,899.954,98.973,-56.08,-1.405,9.338,1.027,-0.085571594,-8.557159389,Low,17.824
Bangladesh,1996,BGD,112.202,4.756,5.094,935.981,3.781,4.009,917.752,98.052,98.656,1.085,18.229,1.948,0.212995681,21.29956812,Low,4.009
Bangladesh,1997,BGD,117.891,5.07,5.688,966.007,5.224,5.747,948.586,98.197,-2.706,-0.059,17.421,1.803,-0.010372714,-1.037271449,Low,5.747
Bangladesh,1998,BGD,125.559,6.505,7.668,1009.72,6.251,7.237,989.151,97.963,20.306,0.432,20.569,2.037,0.056338028,5.633802817,Low,7.236
Bangladesh,1999,BGD,126.985,1.136,1.426,1001.819,1.236,1.521,982.386,98.06,-3.699,-0.095,19.433,1.94,-0.066619916,-6.661991585,Low,1.521
Bangladesh,2000,BGD,136.121,7.194,9.135,1053.621,7.536,9.384,1036.478,98.373,-10.083,-0.248,17.143,1.627,-0.027148331,-2.71483306,Low,9.383
Bangladesh,2001,BGD,155.585,14.299,19.464,1181.624,14.011,18.762,1159.468,98.125,32.577,0.702,22.156,1.875,0.036066584,3.606658446,Low,18.762
Bangladesh,2002,BGD,156.023,0.282,0.438,1163.138,0.766,1.169,1146.839,98.599,-24.566,-0.731,16.299,1.401,-1.668949772,-166.8949772,Low,1.169
Bangladesh,2003,BGD,164.916,5.7,8.893,1208.146,5.788,8.904,1192.214,98.681,0.105,-0.012,15.931,1.319,-0.001349376,-0.134937591,Low,8.905
Bangladesh,2004,BGD,175.367,6.338,10.452,1263.547,6.429,10.462,1247.956,98.766,0.142,-0.011,15.591,1.234,-0.00105243,-0.105243016,Low,10.463
Bangladesh,2005,BGD,190.132,8.419,14.765,1349.293,8.53,14.774,1334.004,98.867,0.198,-0.009,15.289,1.133,-0.00060955,-0.060954961,Low,14.774
Bangladesh,2006,BGD,205.741,8.209,15.608,1442.489,8.305,15.611,1427.406,98.954,0.483,-0.003,15.083,1.046,-0.000192209,-0.019220912,Low,15.611
Bangladesh,2007,BGD,211.576,2.836,5.836,1467.894,2.868,5.839,1452.992,98.985,0.478,-0.003,14.903,1.015,-0.000514051,-0.051405072,Low,5.839
Bangladesh,2008,BGD,222.774,5.293,11.198,1531.924,5.074,10.626,1513.217,98.779,27.443,0.572,18.707,1.221,0.05108055,5.10805501,Low,10.626
Bangladesh,2009,BGD,245.258,10.092,22.483,1671.756,10.886,23.954,1663.236,99.49,-53.777,-1.471,8.519,0.51,-0.065427212,-6.542721167,Low,23.954
Bangladesh,2010,BGD,251.009,2.345,5.751,1691.533,1.983,4.838,1676.961,99.139,74.081,0.913,14.572,0.861,0.158754999,15.87549991,Low,4.838
Bangladesh,2011,BGD,271.52,8.172,20.512,1807.593,8.001,19.911,1789.195,98.982,28.578,0.601,18.397,1.018,0.029299922,2.9299922,Low,19.911
Bangladesh,2012,BGD,294.953,8.63,23.432,1939.322,8.789,23.62,1922.385,99.127,-6.227,-0.188,16.936,0.873,-0.008023216,-0.802321611,Low,23.62
Bangladesh,2013,BGD,306.461,3.902,11.508,1989.617,3.951,11.551,1973.171,99.173,-1.069,-0.043,16.446,0.827,-0.003736531,-0.373653111,Low,11.551
Bangladesh,2014,BGD,318.42,3.902,11.959,2041.658,4.051,12.311,2027.673,99.315,-13.39,-0.352,13.985,0.685,-0.029433899,-2.943389916,Low,12.311
Bangladesh,2015,BGD,385.018,20.915,66.598,2439.447,20.75,65.62,2419.427,99.179,45.716,0.979,20.021,0.821,0.014700141,1.470014115,Low,65.619
Bangladesh,2016,BGD,386.638,0.421,1.62,2419.747,0.471,1.798,2401.081,99.229,-5.059,-0.177,18.666,0.771,-0.109259259,-10.92592593,Low,1.797
Bangladesh,2017,BGD,402.839,4.19,16.2,2489.824,4.077,15.642,2467.938,99.121,19.444,0.559,21.887,0.879,0.034506173,3.450617284,Low,15.641
Bangladesh,2018,BGD,430.201,6.792,27.363,2628.243,6.951,27.755,2609.008,99.268,-10.577,-0.393,19.234,0.732,-0.01436246,-1.436246026,Low,27.756
Bangladesh,2019,BGD,482.462,12.148,52.261,2914.894,12.23,52.229,2895.676,99.341,1.407,0.033,19.218,0.659,0.000631446,0.063144601,Low,52.228
Bangladesh,2020,BGD,457.292,-5.217,-25.171,2731.388,-5.229,-25.061,2713.045,99.328,-3.101,-0.11,18.344,0.672,0.004370108,0.437010846,Low,-25.061
Bangladesh,2021,BGD,492.381,7.673,35.089,2907.366,7.65,34.747,2887.213,99.307,11.549,0.342,20.153,0.693,0.009746644,0.974664425,Low,34.747
Bangladesh,2022,BGD,517.975,5.198,25.594,3025.794,5.052,24.703,3000.652,99.169,26.581,0.891,25.142,0.831,0.034812847,3.481284676,Low,24.703
Bangladesh,2023,BGD,508.489,-1.831,-9.485,2940.021,-2.007,-10.307,2910.384,98.992,19.538,0.822,29.636,1.008,-0.086663152,-8.666315235,Low,-10.307
Barbados,1980,BRB,4.281,,,16882.145,,,,,,,,,0,0,Low,0
Barbados,1981,BRB,4.455,4.072,0.174,17492.801,,,,,,,,,0,0,Low,0.174
Barbados,1982,BRB,4.517,1.389,0.062,17669.283,,,,,,,,,0,0,Low,0.062
Barbados,1983,BRB,4.765,5.481,0.248,18575.059,,,,,,,,,0,0,Low,0.248
Barbados,1984,BRB,4.591,-3.641,-0.173,17844.879,,,,,,,,,0,0,Low,-0.173
Barbados,1985,BRB,5.074,10.519,0.483,19674.043,,,,,,,,,0,0,Low,0.483
Barbados,1986,BRB,5.322,4.879,0.248,20597.217,,,,,,,,,0,0,Low,0.248
Barbados,1987,BRB,5.067,-4.786,-0.255,19589.445,,,,,,,,,0,0,Low,-0.255
Barbados,1988,BRB,4.771,-5.837,-0.296,18438.674,,,,,,,,,0,0,Low,-0.296
Barbados,1989,BRB,5.193,8.839,0.422,20068.867,,,,,,,,,0,0,Low,0.422
Barbados,1990,BRB,5.502,5.939,0.308,21252.285,,,,,,,,,0,0,Low,0.308
Barbados,1991,BRB,5.563,1.115,0.061,21444.262,,,,,,,,,0,0,Low,0.061
Barbados,1992,BRB,5.876,5.635,0.313,22581.994,,,,,,,,,0,0,Low,0.313
Barbados,1993,BRB,5.727,-2.545,-0.15,21941.893,,,,,,,,,0,0,Low,-0.15
Barbados,1994,BRB,5.431,-5.161,-0.296,20752.266,,,,,,,,,0,0,Low,-0.296
Barbados,1995,BRB,5.637,3.784,0.206,21489.178,,,,,,,,,0,0,Low,0.206
Barbados,1996,BRB,5.061,-10.214,-0.576,19257.598,,,,,,,,,0,0,Low,-0.576
Barbados,1997,BRB,6.093,20.392,1.032,23147.008,,,,,,,,,0,0,Low,1.032
Barbados,1998,BRB,6.189,1.571,0.096,23473.729,,,,,,,,,0,0,Low,0.096
Barbados,1999,BRB,6.479,4.691,0.29,24525.236,,,,,,,,,0,0,Low,0.29
Barbados,2000,BRB,6.965,7.506,0.486,26318.064,,,,,,,,,0,0,Low,0.486
Barbados,2001,BRB,6.97,0.06,0.004,26262.209,,,,,,,,,0,0,Low,0.004
Barbados,2002,BRB,7.016,0.673,0.047,26331.5,,,,,,,,,0,0,Low,0.047
Barbados,2003,BRB,7.091,1.066,0.075,26508.631,,,,,,,,,0,0,Low,0.075
Barbados,2004,BRB,7.144,0.745,0.053,26606.236,,,,,,,,,0,0,Low,0.053
Barbados,2005,BRB,7.199,0.774,0.055,26715.061,,,,,,,,,0,0,Low,0.055
Barbados,2006,BRB,7.216,0.227,0.016,26681.957,,,,,,,,,0,0,Low,0.016
Barbados,2007,BRB,6.884,-4.591,-0.331,25360.926,,,,,,,,,0,0,Low,-0.331
Barbados,2008,BRB,8.118,17.912,1.233,29773.459,,,,,,,,,0,0,Low,1.233
Barbados,2009,BRB,7.651,-5.755,-0.467,27941.865,,,,,,,,,0,0,Low,-0.467
Barbados,2010,BRB,7.373,-3.624,-0.277,26839.543,,,,,,,,,0,0,Low,-0.277
Barbados,2011,BRB,7.738,4.951,0.365,28088.297,,,,,,,,,0,0,Low,0.365
Barbados,2012,BRB,7.273,-6.013,-0.465,26331.783,,,,,,,,,0,0,Low,-0.465
Barbados,2013,BRB,7.386,1.553,0.113,26676.488,,,,,,,,,0,0,Low,0.113
Barbados,2014,BRB,6.423,-13.034,-0.963,23147.074,,,,,,,,,0,0,Low,-0.963
Barbados,2015,BRB,6.833,6.374,0.409,24569.877,,,,,,,,,0,0,Low,0.409
Barbados,2016,BRB,6.971,2.025,0.138,25016.707,,,,,,,,,0,0,Low,0.138
Barbados,2017,BRB,6.609,-5.197,-0.362,23670.777,,,,,,,,,0,0,Low,-0.362
Barbados,2018,BRB,7.019,6.21,0.41,25095.537,,,,,,,,,0,0,Low,0.41
Barbados,2019,BRB,7.053,0.481,0.034,25172.027,,,,,,,,,0,0,Low,0.034
Barbados,2020,BRB,6.057,-14.122,-0.996,21577.828,,,,,,,,,0,0,Low,-0.996
Barbados,2021,BRB,6.475,6.901,0.418,23025.998,,,,,,,,,0,0,Low,0.418
Belarus,1985,BLR,408.044,,,40267.93,,,40262.094,99.986,,,5.836,0.014,0,0,Low,0
Belarus,1986,BLR,465.838,14.164,57.795,45662.93,14.166,57.795,45657.129,99.987,0,0,5.797,0.013,0,0,Low,57.795
Belarus,1987,BLR,472.619,1.456,6.781,46016.68,1.456,6.781,46010.918,99.987,0,0,5.758,0.013,0,0,Low,6.781
Belarus,1988,BLR,479.405,1.436,6.786,46393.352,1.436,6.786,46387.629,99.988,0,0,5.723,0.012,0,0,Low,6.786
Belarus,1989,BLR,463.661,-3.284,-15.744,44635.926,-3.285,-15.744,44630.234,99.987,0,0,5.693,0.013,0,0,Low,-15.744
Belarus,1990,BLR,465.972,0.499,2.312,44682.48,0.499,2.312,44676.812,99.987,0,0,5.671,0.013,0,0,Low,2.312
Belarus,1991,BLR,464.906,-0.229,-1.066,44456.219,-0.228,-1.06,44451.129,99.989,-10,-0.006,5.09,0.011,0.005628518,0.562851782,Low,-1.06
Belarus,1992,BLR,403.156,-13.282,-61.75,38484.066,-13.283,-61.748,38479.266,99.988,-5.556,-0.003,4.799,0.012,4.86E-05,0.0048583,Low,-61.747
Belarus,1993,BLR,337.112,-16.382,-66.044,32165.705,-16.385,-66.049,32160.344,99.983,11.765,0.006,5.361,0.017,-9.08E-05,-0.009084853,Low,-66.05
Belarus,1994,BLR,281.814,-16.404,-55.299,26902.42,-16.406,-55.299,26897.057,99.98,0,0,5.363,0.02,0,0,Low,-55.299
Belarus,1995,BLR,250.706,-11.038,-31.107,23964.195,-11.042,-31.11,23958.543,99.976,5.263,0.003,5.653,0.024,-9.64E-05,-0.009644132,Low,-31.11
Belarus,1996,BLR,257.138,2.566,6.432,24638.461,2.571,6.444,24633.928,99.982,-20,-0.012,4.533,0.018,-0.001865672,-0.186567164,Low,6.444
Belarus,1997,BLR,260.101,1.152,2.963,25007.492,1.147,2.948,25001.521,99.976,31.25,0.015,5.97,0.024,0.005062437,0.506243672,Low,2.948
Belarus,1998,BLR,254.351,-2.211,-5.75,24557.221,-2.219,-5.771,24549.229,99.967,33.333,0.021,7.994,0.033,-0.003652174,-0.365217391,Low,-5.771
Belarus,1999,BLR,247.417,-2.726,-6.934,24001.736,-2.717,-6.907,23996.287,99.977,-32.143,-0.027,5.45,0.023,0.003893856,0.389385636,Low,-6.907
Belarus,2000,BLR,254.999,3.065,7.582,24862.215,3.056,7.559,24854.432,99.969,42.105,0.024,7.784,0.031,0.003165392,0.316539172,Low,7.558
Belarus,2001,BLR,247.911,-2.779,-7.088,24302.158,-2.784,-7.096,24293.52,99.964,11.111,0.008,8.64,0.036,-0.001128668,-0.112866817,Low,-7.096
Belarus,2002,BLR,256.476,3.455,8.565,25305.004,3.457,8.568,25296.654,99.967,-3.333,-0.003,8.352,0.033,-0.000350263,-0.03502627,Low,8.568
Belarus,2003,BLR,254.552,-0.75,-1.924,25288.58,-0.749,-1.921,25280.51,99.968,-3.448,-0.003,8.067,0.032,0.001559252,0.155925156,Low,-1.921
Belarus,2004,BLR,285.033,11.975,30.482,28504.162,11.972,30.465,28494.363,99.966,21.465,0.017,9.801,0.034,0.000557706,0.055770619,Low,30.465
Belarus,2005,BLR,284.106,-0.325,-0.927,28595.994,-0.328,-0.935,28585.334,99.963,8.791,0.008,10.664,0.037,-0.008629989,-0.862998921,Low,-0.935
Belarus,2006,BLR,302.112,6.338,18.006,30594.541,6.339,18.003,30583.52,99.964,2.703,0.003,11.02,0.036,0.000166611,0.016661113,Low,18.003
Belarus,2007,BLR,294.727,-2.445,-7.385,29994.607,-2.458,-7.423,29979.699,99.95,31.579,0.038,14.908,0.05,-0.005145565,-0.514556534,Low,-7.423
Belarus,2008,BLR,298.614,1.319,3.887,30508.727,1.268,3.734,30478.078,99.9,210.444,0.153,30.647,0.1,0.039361976,3.936197582,Low,3.734
Belarus,2009,BLR,282.515,-5.391,-16.099,28953.039,-5.483,-16.355,28896.02,99.803,120.58,0.256,57.02,0.197,-0.015901609,-1.59016088,Low,-16.355
Belarus,2010,BLR,306.201,8.384,23.686,31465.189,8.319,23.456,31384.383,99.743,52.036,0.23,80.808,0.257,0.009710377,0.971037744,Low,23.456
Belarus,2011,BLR,300.684,-1.802,-5.517,30976.078,-1.794,-5.479,30898.939,99.751,-11.708,-0.038,77.137,0.249,0.006887801,0.688780134,Low,-5.479
Belarus,2012,BLR,325.236,8.165,24.552,33551.121,8.15,24.445,33462.785,99.737,11.435,0.108,88.335,0.263,0.004398827,0.439882698,Low,24.444
Belarus,2013,BLR,294.205,-9.541,-31.031,30358.176,-9.588,-31.103,30262.42,99.685,-3.23,0.072,95.756,0.315,-0.00232026,-0.232026038,Low,-31.103
Belarus,2014,BLR,294.863,0.223,0.657,30417.848,0.235,0.688,30325.256,99.696,0.637,-0.03,92.592,0.304,-0.0456621,-4.566210046,Low,0.687
Belarus,2015,BLR,266.962,-9.462,-27.901,27520.088,-9.511,-27.958,27421.707,99.643,-3.943,0.057,98.382,0.357,-0.002042938,-0.204293753,Low,-27.958
Belarus,2016,BLR,272.798,2.186,5.836,28099.965,2.12,5.64,27981.426,99.578,12.825,0.196,118.539,0.422,0.033584647,3.358464702,Low,5.64
Belarus,2017,BLR,277.84,1.848,5.042,28620.061,1.5,4.074,28401.738,99.237,67.153,0.969,218.319,0.763,0.192185641,19.21856406,Low,4.073
Belarus,2018,BLR,307.215,10.573,29.375,31686.135,10.725,29.572,31487.777,99.374,-12.137,-0.196,198.356,0.626,-0.00667234,-0.667234043,Low,29.571
Belarus,2019,BLR,308.79,0.513,1.575,31919.717,0.376,1.148,31676.77,99.239,22.239,0.427,242.943,0.761,0.271111111,27.11111111,Low,1.148
Belarus,2020,BLR,286.544,-7.204,-22.246,29743.822,-7.697,-23.586,29360.775,98.712,40.245,1.34,383.047,1.288,-0.060235548,-6.023554796,Low,-23.586
Belarus,2021,BLR,306.055,6.809,19.511,31953.428,1.798,5.085,30062.072,94.081,417.054,14.426,1891.354,5.919,0.739377787,73.93777869,Medium,5.085
Belarus,2022,BLR,294.333,-3.83,-11.723,30868.787,-3.11,-8.956,29259.064,94.785,-15.312,-2.767,1609.725,5.215,0.236031732,23.60317325,Low,-8.956
Belarus,2023,BLR,296.066,0.589,1.734,31170.637,-5.525,-15.413,27749.463,89.024,115.909,17.146,3421.171,10.976,9.888119954,988.8119954,High,-15.412
Belgium,1965,BEL,412.941,,,43873.48,,,43788.027,99.805,,,85.454,0.195,0,0,Low,0
Belgium,1966,BEL,397.859,-3.652,-15.082,42029.812,-3.683,-15.179,41934.609,99.773,12.132,0.097,95.199,0.227,-0.006431508,-0.643150776,Low,-15.179
Belgium,1967,BEL,417.655,4.976,19.796,43893.309,4.969,19.727,43791.316,99.768,8.852,0.069,101.993,0.232,0.003485553,0.348555264,Low,19.727
Belgium,1968,BEL,465.417,11.436,47.762,48702.848,11.481,47.838,48609.234,99.808,-8.133,-0.076,93.613,0.192,-0.001591223,-0.159122315,Low,47.838
Belgium,1969,BEL,510.775,9.746,45.358,53249.504,9.797,45.51,53172.094,99.855,-17.377,-0.152,77.411,0.145,-0.003351118,-0.335111777,Low,45.51
Belgium,1970,BEL,539.591,5.642,28.816,56035.934,5.621,28.67,55943.594,99.835,20.238,0.147,92.338,0.165,0.005101333,0.510133259,Low,28.669
Belgium,1971,BEL,529.334,-1.901,-10.257,54760.258,-1.812,-9.764,54719.27,99.925,-55.776,-0.493,40.991,0.075,0.048064736,4.806473628,Low,-9.764
Belgium,1972,BEL,562.733,6.31,33.398,58011.93,6.283,33.231,57953.844,99.9,42.537,0.167,58.088,0.1,0.005000299,0.500029942,Low,33.231
Belgium,1973,BEL,570.326,1.349,7.593,58627.34,1.257,7.065,58515.125,99.809,90.052,0.528,112.212,0.191,0.069537732,6.953773212,Low,7.065
Belgium,1974,BEL,550.783,-3.427,-19.543,56495.953,-3.501,-19.926,56344.719,99.732,36.639,0.383,151.234,0.268,-0.01959781,-1.959780996,Low,-19.926
Belgium,1975,BEL,518.019,-5.949,-32.763,53057.082,-9.347,-51.345,51002.91,96.128,1321.371,18.581,2054.173,3.872,-0.567133657,-56.71336569,Low,-51.344
Belgium,1976,BEL,549.579,6.092,31.56,56231.352,4.545,22.634,53266.039,94.727,44.709,8.926,2965.309,5.273,0.282826362,28.28263625,Low,22.634
Belgium,1977,BEL,550.602,0.186,1.023,56262.16,-1.023,-5.323,52652.246,93.584,21.643,6.346,3609.911,6.416,6.203323558,620.3323558,High,-5.323
Belgium,1978,BEL,574.714,4.379,24.112,58643.09,4.356,22.445,54868.148,93.563,4.722,1.667,3774.942,6.437,0.0691357,6.913570007,Low,22.445
Belgium,1979,BEL,591.323,2.89,16.609,60252.176,3.634,19.539,56781.16,94.239,-8.002,-2.93,3471.016,5.761,-0.17641038,-17.64103799,Low,19.539
Belgium,1980,BEL,566.106,-4.264,-25.216,57595.586,-5.121,-28.539,53791.762,93.396,9.794,3.323,3803.817,6.604,-0.131781409,-13.17814086,Low,-28.539
Belgium,1981,BEL,538.297,-4.912,-27.809,54685.023,-5.478,-28.965,50769.469,92.84,3.078,1.155,3915.556,7.16,-0.041533317,-4.153331655,Low,-28.964
Belgium,1982,BEL,514.88,-4.35,-23.417,52233.176,-6.093,-30.452,47609.375,91.148,18.565,7.035,4623.8,8.852,-0.30042277,-30.04227698,Low,-30.452
Belgium,1983,BEL,498.969,-3.09,-15.911,50571.922,-8.48,-39.797,43531.461,86.078,52.49,23.887,7040.461,13.922,-1.501288417,-150.1288417,Low,-39.798
Belgium,1984,BEL,521.477,4.511,22.508,52815.266,2.826,12.137,44729.492,84.69,14.936,10.371,8085.773,15.31,0.460769504,46.07695042,Low,12.137
Belgium,1985,BEL,544.368,4.39,22.891,55094.988,0.799,3.528,45055.184,81.777,24.266,19.363,10039.806,18.223,0.845878293,84.58782928,Medium,3.528
Belgium,1986,BEL,561.724,3.188,17.356,56809.66,0.759,3.379,45363.75,79.852,14.067,13.976,11445.916,20.148,0.805254667,80.5254667,Medium,3.38
Belgium,1987,BEL,578.68,3.019,16.956,58451.152,2.075,9.309,46247.23,79.121,6.744,7.646,12203.921,20.879,0.450931824,45.09318235,Low,9.31
Belgium,1988,BEL,590.204,1.991,11.524,59508.434,1.831,8.384,47009.688,78.997,2.597,3.141,12498.741,21.003,0.272561611,27.25616106,Low,8.383
Belgium,1989,BEL,594.57,0.74,4.366,59832.984,2.111,9.843,47909.453,80.072,-4.419,-5.476,11923.532,19.928,-1.254237288,-125.4237288,Low,9.842
Belgium,1990,BEL,621.353,4.504,26.782,62387.531,4.692,22.337,50044.438,80.215,3.732,4.446,12343.086,19.785,0.16600702,16.60070196,Low,22.336
Belgium,1991,BEL,642.88,3.465,21.527,64371.195,4.25,21.185,52027.84,80.825,0.277,0.342,12343.357,19.175,0.015887026,1.58870256,Low,21.185
Belgium,1992,BEL,641.509,-0.213,-1.37,64045.539,-0.633,-3.291,51546.68,80.484,1.558,1.92,12498.864,19.516,-1.401459854,-140.1459854,Low,-3.29
Belgium,1993,BEL,631.183,-1.61,-10.326,62843.426,-1.096,-5.657,50843.379,80.905,-3.719,-4.669,12000.045,19.095,0.452159597,45.21595971,Low,-5.657
Belgium,1994,BEL,663.908,5.185,32.725,65934.656,7.079,36.147,54304.809,82.362,-2.851,-3.422,11629.845,17.638,-0.104568373,-10.45683728,Low,36.147
Belgium,1995,BEL,672.12,1.237,8.212,66578.133,1.082,5.916,54750.828,82.235,1.941,2.296,11827.304,17.765,0.279590843,27.95908427,Low,5.916
Belgium,1996,BEL,713.881,6.213,41.762,70519.133,6.597,36.461,58201.008,82.532,4.457,5.3,12318.131,17.468,0.126909631,12.69096308,Low,36.462
Belgium,1997,BEL,721.262,1.034,7.38,71026.164,-0.72,-4.245,57601.645,81.099,9.338,11.625,13424.516,18.901,1.575203252,157.5203252,High,-4.245
Belgium,1998,BEL,735.386,1.958,14.125,72177.797,2.928,17.126,59092.246,81.87,-2.234,-3.002,13085.55,18.13,-0.212530973,-21.25309735,Low,17.127
Belgium,1999,BEL,730.141,-0.713,-5.245,71412.859,-2.265,-13.639,57551.996,80.591,6.272,8.394,13860.864,19.409,-1.600381316,-160.0381316,Low,-13.639
Belgium,2000,BEL,743.348,1.809,13.207,72420.406,2.559,15.057,58793.934,81.184,-1.336,-1.85,13626.474,18.816,-0.140077232,-14.00772318,Low,15.057
Belgium,2001,BEL,736.859,-0.873,-6.49,71475.5,-0.099,-0.595,58480.18,81.818,-3.612,-5.895,12995.319,18.182,0.908320493,90.83204931,Medium,-0.595
Belgium,2002,BEL,733.474,-0.459,-3.384,70828.992,-0.926,-5.582,57679.59,81.435,2.265,2.197,13149.394,18.565,-0.649231678,-64.92316785,Low,-5.581
Belgium,2003,BEL,761.691,3.847,28.216,73221.562,4.826,28.826,60190.098,82.203,0.151,-0.609,13031.47,17.797,-0.021583499,-2.158349872,Low,28.825
Belgium,2004,BEL,764.62,0.385,2.929,73126.234,0.483,3.025,60170.812,82.283,0.49,-0.096,12955.424,17.717,-0.032775691,-3.277569136,Low,3.025
Belgium,2005,BEL,756.118,-1.112,-8.502,71894.961,-1.648,-10.369,58836.945,81.837,1.828,1.867,13058.016,18.163,-0.219595389,-21.95953893,Low,-10.369
Belgium,2006,BEL,758.241,0.281,2.123,71647.289,0.472,2.922,58746.125,81.994,-0.209,-0.798,12901.159,18.006,-0.375883184,-37.58831842,Low,2.921
Belgium,2007,BEL,763.469,0.689,5.228,71662.344,0.016,0.098,58365.289,81.445,4.266,5.13,13297.061,18.555,0.981254782,98.12547819,Medium,0.098
Belgium,2008,BEL,775.734,1.606,12.265,72317.906,2.793,17.366,59586.902,82.396,-3.34,-5.101,12731.016,17.604,-0.415898899,-41.58988993,Low,17.366
Belgium,2009,BEL,715.849,-7.72,-59.885,66274,-10.664,-68.164,52864.445,79.766,8.403,8.279,13409.555,20.234,-0.138248309,-13.82483093,Low,-68.164
Belgium,2010,BEL,764.721,6.827,48.872,70300.141,7.288,41.616,56317.941,80.111,8.352,7.256,13982.202,19.889,0.148469471,14.84694713,Low,41.616
Belgium,2011,BEL,713.592,-6.686,-51.129,65134.078,-9.111,-55.817,50823.25,78.029,3.317,4.688,14310.829,21.971,-0.091689648,-9.168964775,Low,-55.817
Belgium,2012,BEL,684.924,-4.017,-28.669,62090.016,-2.364,-13.163,49282.625,79.373,-9.564,-15.506,12807.386,20.627,0.540862953,54.0862953,Medium,-13.163
Belgium,2013,BEL,701.93,2.483,17.006,63218.379,1.552,8.435,49722.242,78.652,6.408,8.571,13496.139,21.348,0.503998589,50.39985887,Medium,8.435
Belgium,2014,BEL,650.872,-7.274,-51.058,58234.559,-5.228,-28.865,46812.809,80.387,-13.104,-22.193,11421.747,19.613,0.434662541,43.46625406,Low,-28.865
Belgium,2015,BEL,657.449,1.011,6.577,58448.711,4.221,22.087,48478.523,82.942,-14.116,-15.51,9970.187,17.058,-2.358218033,-235.8218033,Low,22.087
Belgium,2016,BEL,709.505,7.918,52.056,62694.617,1.174,6.401,48750.539,77.759,44.242,45.655,13944.072,22.241,0.877036269,87.70362686,Medium,6.401
Belgium,2017,BEL,716.058,0.924,6.553,62897.684,1.08,5.957,48984.09,77.879,1.042,0.596,13913.593,22.121,0.09095071,9.09507096,Low,5.957
Belgium,2018,BEL,714.225,-0.256,-1.833,62385.402,5.402,30.123,51340.969,82.296,-19.377,-31.956,11044.434,17.704,17.43371522,1743.371522,High,30.123
Belgium,2019,BEL,738.434,3.389,24.209,64152.695,-3.249,-19.095,49405.621,77.013,33.677,43.304,14747.075,22.987,1.788756248,178.8756248,High,-19.095
Belgium,2020,BEL,664.012,-10.078,-74.422,57431.945,-11.182,-63.591,43686.953,76.067,-4.388,-10.832,13744.991,23.933,0.145548359,14.55483594,Low,-63.59
Belgium,2021,BEL,738.345,11.195,74.333,63587.875,7.209,36.413,46635.91,73.341,24.354,37.921,16951.967,26.659,0.51015027,51.01502697,Medium,36.412
Belgium,2022,BEL,694.486,-5.94,-43.859,59582.27,-5.911,-32.011,43711.547,73.363,-5.44,-11.848,15870.72,26.637,0.270138398,27.0138398,Low,-32.011
Belgium,2023,BEL,642.063,-7.548,-52.423,54942.238,-5.875,-29.934,41036.965,74.691,-11.159,-22.489,13905.276,25.309,0.428991092,42.89910917,Low,-29.934
Belize,1980,BLZ,1.053,,,7253.045,,,,,,,,,0,0,Low,0
Belize,1981,BLZ,0.993,-5.681,-0.06,6673.85,,,,,,,,,0,0,Low,-0.06
Belize,1982,BLZ,0.935,-5.843,-0.058,6133.928,,,,,,,,,0,0,Low,-0.058
Belize,1983,BLZ,0.936,0.083,0.001,5995.432,,,,,,,,,0,0,Low,0.001
Belize,1984,BLZ,0.995,6.356,0.059,6230.044,,,,,,,,,0,0,Low,0.059
Belize,1985,BLZ,0.993,-0.231,-0.002,6074.397,,,,,,,,,0,0,Low,-0.002
Belize,1986,BLZ,1.209,21.737,0.216,7228.544,,,,,,,,,0,0,Low,0.216
Belize,1987,BLZ,0.989,-18.156,-0.219,5785.219,,,,,,,,,0,0,Low,-0.219
Belize,1988,BLZ,0.757,-23.454,-0.232,4331.175,,,,,,,,,0,0,Low,-0.232
Belize,1989,BLZ,1.089,43.867,0.332,6095.838,,,,,,,,,0,0,Low,0.332
Belize,1990,BLZ,1.433,31.562,0.344,7848.883,,,,,,,,,0,0,Low,0.344
Belize,1991,BLZ,1.624,13.291,0.19,8707.274,,,,,,,,,0,0,Low,0.19
Belize,1992,BLZ,1.361,-16.178,-0.263,7151.608,,,,,,,,,0,0,Low,-0.263
Belize,1993,BLZ,1.358,-0.259,-0.004,6990.589,,,,,,,,,0,0,Low,-0.004
Belize,1994,BLZ,1.295,-4.584,-0.062,6527.682,,,,,,,,,0,0,Low,-0.062
Belize,1995,BLZ,1.602,23.672,0.307,7869.031,,,,,,,,,0,0,Low,0.307
Belize,1996,BLZ,1.431,-10.682,-0.171,6818.001,,,,,,,,,0,0,Low,-0.171
Belize,1997,BLZ,2.21,54.462,0.779,10178.639,,,,,,,,,0,0,Low,0.779
Belize,1998,BLZ,2.173,-1.656,-0.037,9663.354,,,,,,,,,0,0,Low,-0.037
Belize,1999,BLZ,2.261,4.006,0.087,9712.191,,,,,,,,,0,0,Low,0.087
Belize,2000,BLZ,2.413,6.766,0.153,10038.552,,,,,,,,,0,0,Low,0.153
Belize,2001,BLZ,2.657,10.076,0.243,10707.64,,,,,,,,,0,0,Low,0.243
Belize,2002,BLZ,2.571,-3.229,-0.086,10042.477,,,,,,,,,0,0,Low,-0.086
Belize,2003,BLZ,2.522,-1.894,-0.049,9553.475,,,,,,,,,0,0,Low,-0.049
Belize,2004,BLZ,2.43,-3.655,-0.092,8929.146,,,,,,,,,0,0,Low,-0.092
Belize,2005,BLZ,2.602,7.077,0.172,9279.945,,,,,,,,,0,0,Low,0.172
Belize,2006,BLZ,2.993,15.042,0.391,10366.804,,,,,,,,,0,0,Low,0.391
Belize,2007,BLZ,2.824,-5.646,-0.169,9503.804,,,,,,,,,0,0,Low,-0.169
Belize,2008,BLZ,2.731,-3.289,-0.093,8935.545,,,,,,,,,0,0,Low,-0.093
Belize,2009,BLZ,2.847,4.218,0.115,9060.757,,,,,,,,,0,0,Low,0.115
Belize,2010,BLZ,3.38,18.726,0.533,10492.445,,,,,,,,,0,0,Low,0.533
Belize,2011,BLZ,2.948,-12.768,-0.432,8946.38,,,,,,,,,0,0,Low,-0.432
Belize,2012,BLZ,3.063,3.891,0.115,9087.132,,,,,,,,,0,0,Low,0.115
Belize,2013,BLZ,3.338,8.972,0.275,9683.304,,,,,,,,,0,0,Low,0.275
Belize,2014,BLZ,3.32,-0.545,-0.018,9421.46,,,,,,,,,0,0,Low,-0.018
Belize,2015,BLZ,3.67,10.556,0.35,10197.744,,,,,,,,,0,0,Low,0.35
Belize,2016,BLZ,3.674,0.117,0.004,10002.819,,,,,,,,,0,0,Low,0.004
Belize,2017,BLZ,4.083,11.126,0.409,10896.961,,,,,,,,,0,0,Low,0.409
Belize,2018,BLZ,3.647,-10.673,-0.436,9546.048,,,,,,,,,0,0,Low,-0.436
Belize,2019,BLZ,3.846,5.442,0.198,9883.737,,,,,,,,,0,0,Low,0.198
Belize,2020,BLZ,2.854,-25.791,-0.992,7226.434,,,,,,,,,0,0,Low,-0.992
Belize,2021,BLZ,2.975,4.252,0.121,7437.571,,,,,,,,,0,0,Low,0.121
Benin,1980,BEN,1.913,,,498.895,,,,,,,,,0,0,Low,0
Benin,1981,BEN,1.927,0.737,0.014,488.847,,,,,,,,,0,0,Low,0.014
Benin,1982,BEN,1.36,-29.424,-0.567,335.41,,,,,,,,,0,0,Low,-0.567
Benin,1983,BEN,1.973,45.073,0.613,472.926,,,,,,,,,0,0,Low,0.613
Benin,1984,BEN,1.956,-0.866,-0.017,455.555,,,,,,,,,0,0,Low,-0.017
Benin,1985,BEN,2.256,15.368,0.301,510.526,,,,,,,,,0,0,Low,0.301
Benin,1986,BEN,2.198,-2.569,-0.058,483.005,,,,,,,,,0,0,Low,-0.058
Benin,1987,BEN,1.742,-20.78,-0.457,371.425,,,,,,,,,0,0,Low,-0.457
Benin,1988,BEN,2.159,23.993,0.418,446.925,,,,,,,,,0,0,Low,0.418
Benin,1989,BEN,2.225,3.047,0.066,446.851,,,,,,,,,0,0,Low,0.066
Benin,1990,BEN,2.557,14.903,0.332,498.065,,,,,,,,,0,0,Low,0.332
Benin,1991,BEN,2.988,16.878,0.432,564.573,,,,,,,,,0,0,Low,0.432
Benin,1992,BEN,3.32,11.108,0.332,608.354,,,,,,,,,0,0,Low,0.332
Benin,1993,BEN,3.651,9.961,0.331,639.831,,,,,,,,,0,0,Low,0.331
Benin,1994,BEN,3.82,4.627,0.169,644.885,,,,,,,,,0,0,Low,0.169
Benin,1995,BEN,4.123,7.929,0.303,681.846,,,,,,,,,0,0,Low,0.303
Benin,1996,BEN,4.501,9.163,0.378,725.445,,,,,,,,,0,0,Low,0.378
Benin,1997,BEN,4.869,8.177,0.368,762.258,,,,,,,,,0,0,Low,0.368
Benin,1998,BEN,5.248,7.801,0.38,797.12,,,,,,,,,0,0,Low,0.38
Benin,1999,BEN,2.577,-50.908,-2.672,379.54,,,,,,,,,0,0,Low,-2.672
Benin,2000,BEN,6.865,166.434,4.288,980.964,,,,,,,,,0,0,Low,4.288
Benin,2001,BEN,7.813,13.814,0.948,1083.346,,,,,,,,,0,0,Low,0.948
Benin,2002,BEN,8.952,14.575,1.139,1204.546,,,,,,,,,0,0,Low,1.139
Benin,2003,BEN,10.394,16.104,1.442,1357.004,,,,,,,,,0,0,Low,1.442
Benin,2004,BEN,10.959,5.439,0.565,1388.154,,,,,,,,,0,0,Low,0.565
Benin,2005,BEN,10.288,-6.124,-0.671,1262.393,,,,,,,,,0,0,Low,-0.671
Benin,2006,BEN,14.049,36.564,3.762,1672.019,,,,,,,,,0,0,Low,3.762
Benin,2007,BEN,16.59,18.082,2.54,1918.382,,,,,,,,,0,0,Low,2.54
Benin,2008,BEN,16.966,2.267,0.376,1904.89,,,,,,,,,0,0,Low,0.376
Benin,2009,BEN,18.842,11.06,1.876,2054.215,,,,,,,,,0,0,Low,1.876
Benin,2010,BEN,21.61,14.687,2.767,2287.769,,,,,,,,,0,0,Low,2.767
Benin,2011,BEN,20.145,-6.777,-1.464,2071.188,,,,,,,,,0,0,Low,-1.464
Benin,2012,BEN,19.12,-5.091,-1.026,1909.264,,,,,,,,,0,0,Low,-1.026
Benin,2013,BEN,19.481,1.889,0.361,1889.734,,,,,,,,,0,0,Low,0.361
Benin,2014,BEN,20.596,5.723,1.115,1940.265,,,,,,,,,0,0,Low,1.115
Benin,2015,BEN,22.778,10.599,2.183,2083.499,,,,,,,,,0,0,Low,2.183
Benin,2016,BEN,27.779,21.952,5,2467.009,,,,,,,,,0,0,Low,5
Benin,2017,BEN,29.458,6.047,1.68,2540.225,,,,,,,,,0,0,Low,1.68
Benin,2018,BEN,32.679,10.933,3.221,2736.8,,,,,,,,,0,0,Low,3.221
Benin,2019,BEN,29.696,-9.13,-2.984,2416.162,,,,,,,,,0,0,Low,-2.984
Benin,2020,BEN,31.843,7.232,2.148,2518.621,,,,,,,,,0,0,Low,2.148
Benin,2021,BEN,32.295,1.419,0.452,2484.818,,,,,,,,,0,0,Low,0.452
Bermuda,1980,BMU,2.338,,,43631.586,,,,,,,,,0,0,Low,0
Bermuda,1981,BMU,2.025,-13.395,-0.313,37543.93,,,,,,,,,0,0,Low,-0.313
Bermuda,1982,BMU,2.147,6.061,0.123,39502.887,,,,,,,,,0,0,Low,0.123
Bermuda,1983,BMU,2.27,5.714,0.123,41439.27,,,,,,,,,0,0,Low,0.123
Bermuda,1984,BMU,2.215,-2.436,-0.055,40111.98,,,,,,,,,0,0,Low,-0.055
Bermuda,1985,BMU,2.147,-3.043,-0.067,38601.09,,,,,,,,,0,0,Low,-0.067
Bermuda,1986,BMU,2.022,-5.847,-0.126,36096.062,,,,,,,,,0,0,Low,-0.126
Bermuda,1987,BMU,2.915,44.183,0.893,51699.355,,,,,,,,,0,0,Low,0.893
Bermuda,1988,BMU,3.182,9.137,0.266,56055.496,,,,,,,,,0,0,Low,0.266
Bermuda,1989,BMU,3.845,20.84,0.663,67292.586,,,,,,,,,0,0,Low,0.663
Bermuda,1990,BMU,2.729,-29.027,-1.116,47463.18,,,,,,,,,0,0,Low,-1.116
Bermuda,1991,BMU,2.391,-12.389,-0.338,41290.523,,,,,,,,,0,0,Low,-0.338
Bermuda,1992,BMU,1.868,-21.873,-0.523,32011.799,,,,,,,,,0,0,Low,-0.523
Bermuda,1993,BMU,2.17,16.196,0.302,36931.121,,,,,,,,,0,0,Low,0.302
Bermuda,1994,BMU,2.091,-3.63,-0.079,35364.73,,,,,,,,,0,0,Low,-0.079
Bermuda,1995,BMU,2.145,2.567,0.054,36060.488,,,,,,,,,0,0,Low,0.054
Bermuda,1996,BMU,2.213,3.181,0.068,36976.926,,,,,,,,,0,0,Low,0.068
Bermuda,1997,BMU,2.207,-0.268,-0.006,36638.637,,,,,,,,,0,0,Low,-0.006
Bermuda,1998,BMU,2.207,0,0,36411.398,,,,,,,,,0,0,Low,0
Bermuda,1999,BMU,2.207,0,0,36184.664,,,,,,,,,0,0,Low,0
Bermuda,2000,BMU,2.412,9.291,0.205,39297.879,,,,,,,,,0,0,Low,0.205
Bermuda,2001,BMU,2.447,1.43,0.034,39604.938,,,,,,,,,0,0,Low,0.034
Bermuda,2002,BMU,2.575,5.236,0.128,41429.879,,,,,,,,,0,0,Low,0.128
Bermuda,2003,BMU,2.569,-0.227,-0.006,41114.773,,,,,,,,,0,0,Low,-0.006
Bermuda,2004,BMU,2.66,3.546,0.091,42390.039,,,,,,,,,0,0,Low,0.091
Bermuda,2005,BMU,2.801,5.302,0.141,44480.98,,,,,,,,,0,0,Low,0.141
Bermuda,2006,BMU,3.164,12.942,0.363,50145.137,,,,,,,,,0,0,Low,0.363
Bermuda,2007,BMU,3.675,16.147,0.511,58163.746,,,,,,,,,0,0,Low,0.511
Bermuda,2008,BMU,3.515,-4.338,-0.159,55556.035,,,,,,,,,0,0,Low,-0.159
Bermuda,2009,BMU,2.766,-21.314,-0.749,43647.02,,,,,,,,,0,0,Low,-0.749
Bermuda,2010,BMU,3.257,17.744,0.491,51318.156,,,,,,,,,0,0,Low,0.491
Bermuda,2011,BMU,2.105,-35.372,-1.152,33119.836,,,,,,,,,0,0,Low,-1.152
Bermuda,2012,BMU,2.276,8.148,0.172,35803.332,,,,,,,,,0,0,Low,0.172
Bermuda,2013,BMU,2.287,0.448,0.01,35994.32,,,,,,,,,0,0,Low,0.01
Bermuda,2014,BMU,2.961,29.509,0.675,46727.742,,,,,,,,,0,0,Low,0.675
Bermuda,2015,BMU,2.49,-15.907,-0.471,39425.172,,,,,,,,,0,0,Low,-0.471
Bermuda,2016,BMU,3.17,27.277,0.679,50238.902,,,,,,,,,0,0,Low,0.679
Bermuda,2017,BMU,3.126,-1.359,-0.043,49395.461,,,,,,,,,0,0,Low,-0.043
Bermuda,2018,BMU,3.234,3.453,0.108,50863.379,,,,,,,,,0,0,Low,0.108
Bermuda,2019,BMU,3.232,-0.062,-0.002,50639.293,,,,,,,,,0,0,Low,-0.002
Bermuda,2020,BMU,2.957,-8.531,-0.276,46161.586,,,,,,,,,0,0,Low,-0.276
Bermuda,2021,BMU,2.985,0.967,0.029,46490.223,,,,,,,,,0,0,Low,0.029
Bhutan,1980,BTN,0.04,,,95.292,,,,,,,,,0,0,Low,0
Bhutan,1981,BTN,0.145,266.476,0.105,338.318,,,,,,,,,0,0,Low,0.105
Bhutan,1982,BTN,0.149,3.008,0.004,337.803,,,,,,,,,0,0,Low,0.004
Bhutan,1983,BTN,0.147,-1.728,-0.003,321.901,,,,,,,,,0,0,Low,-0.003
Bhutan,1984,BTN,0.152,3.381,0.005,322.778,,,,,,,,,0,0,Low,0.005
Bhutan,1985,BTN,0.164,7.95,0.012,338.118,,,,,,,,,0,0,Low,0.012
Bhutan,1986,BTN,0.799,387.646,0.635,1600.505,,,,,,,,,0,0,Low,0.635
Bhutan,1987,BTN,2.754,244.684,1.955,5357.044,,,,,,,,,0,0,Low,1.955
Bhutan,1988,BTN,3.477,26.281,0.724,6572.8,,,,,,,,,0,0,Low,0.724
Bhutan,1989,BTN,3.538,1.729,0.06,6500.185,,,,,,,,,0,0,Low,0.06
Bhutan,1990,BTN,3.73,5.455,0.193,6680.068,,,,,,,,,0,0,Low,0.193
Bhutan,1991,BTN,3.798,1.823,0.068,6690.798,,,,,,,,,0,0,Low,0.068
Bhutan,1992,BTN,3.858,1.563,0.059,7066.251,,,,,,,,,0,0,Low,0.059
Bhutan,1993,BTN,3.873,0.39,0.015,7435.905,,,,,,,,,0,0,Low,0.015
Bhutan,1994,BTN,4.14,6.886,0.267,7941.443,,,,,,,,,0,0,Low,0.267
Bhutan,1995,BTN,4.421,6.79,0.281,8379.913,,,,,,,,,0,0,Low,0.281
Bhutan,1996,BTN,4.847,9.633,0.426,9016.825,,,,,,,,,0,0,Low,0.426
Bhutan,1997,BTN,4.884,0.763,0.037,8929.931,,,,,,,,,0,0,Low,0.037
Bhutan,1998,BTN,4.776,-2.212,-0.108,8571.275,,,,,,,,,0,0,Low,-0.108
Bhutan,1999,BTN,4.825,1.026,0.049,8449.229,,,,,,,,,0,0,Low,0.049
Bhutan,2000,BTN,4.973,3.08,0.149,8469.052,,,,,,,,,0,0,Low,0.149
Bhutan,2001,BTN,5.49,10.393,0.517,9100.751,,,,,,,,,0,0,Low,0.517
Bhutan,2002,BTN,6.073,10.62,0.583,9810.103,,,,,,,,,0,0,Low,0.583
Bhutan,2003,BTN,6.764,11.38,0.691,10658.221,,,,,,,,,0,0,Low,0.691
Bhutan,2004,BTN,6.51,-3.764,-0.255,10014.694,,,,,,,,,0,0,Low,-0.255
Bhutan,2005,BTN,7.376,13.313,0.867,11119.834,,,,,,,,,0,0,Low,0.867
Bhutan,2006,BTN,11.948,61.987,4.572,17746.779,,,,,,,,,0,0,Low,4.572
Bhutan,2007,BTN,14.93,24.954,2.982,21903.543,,,,,,,,,0,0,Low,2.982
Bhutan,2008,BTN,15.43,3.347,0.5,22370.271,,,,,,,,,0,0,Low,0.5
Bhutan,2009,BTN,16.001,3.705,0.572,22935.088,,,,,,,,,0,0,Low,0.572
Bhutan,2010,BTN,17.133,7.072,1.132,24284.154,,,,,,,,,0,0,Low,1.132
Bhutan,2011,BTN,16.67,-2.7,-0.463,23369.613,,,,,,,,,0,0,Low,-0.463
Bhutan,2012,BTN,16.197,-2.839,-0.473,22460.117,,,,,,,,,0,0,Low,-0.473
Bhutan,2013,BTN,17.942,10.771,1.745,24615.076,,,,,,,,,0,0,Low,1.745
Bhutan,2014,BTN,17.178,-4.256,-0.764,23328.471,,,,,,,,,0,0,Low,-0.764
Bhutan,2015,BTN,17.99,4.728,0.812,24203.82,,,,,,,,,0,0,Low,0.812
Bhutan,2016,BTN,18.514,2.909,0.523,24692.543,,,,,,,,,0,0,Low,0.523
Bhutan,2017,BTN,18.395,-0.642,-0.119,24327.346,,,,,,,,,0,0,Low,-0.119
Bhutan,2018,BTN,17.634,-4.136,-0.761,23138.41,,,,,,,,,0,0,Low,-0.761
Bhutan,2019,BTN,20.915,18.605,3.281,27251.602,,,,,,,,,0,0,Low,3.281
Bhutan,2020,BTN,20.543,-1.775,-0.371,26593.059,,,,,,,,,0,0,Low,-0.371
Bhutan,2021,BTN,21.603,5.158,1.06,27785.357,,,,,,,,,0,0,Low,1.06
Bolivia,1980,BOL,21.848,,,3808.848,,,,,,,,,0,0,Low,0
Bolivia,1981,BOL,25.067,14.735,3.219,4275.483,,,,,,,,,0,0,Low,3.219
Bolivia,1982,BOL,21.826,-12.931,-3.241,3643.002,,,,,,,,,0,0,Low,-3.241
Bolivia,1983,BOL,22.676,3.896,0.85,3704.841,,,,,,,,,0,0,Low,0.85
Bolivia,1984,BOL,21.862,-3.59,-0.814,3496.816,,,,,,,,,0,0,Low,-0.814
Bolivia,1985,BOL,19.681,-9.975,-2.181,3082.092,,,,,,,,,0,0,Low,-2.181
Bolivia,1986,BOL,19.98,1.518,0.299,3063.462,,,,,,,,,0,0,Low,0.299
Bolivia,1987,BOL,19.647,-1.665,-0.333,2949.407,,,,,,,,,0,0,Low,-0.333
Bolivia,1988,BOL,22.57,14.875,2.922,3317.092,,,,,,,,,0,0,Low,2.922
Bolivia,1989,BOL,25.571,13.298,3.001,3679.752,,,,,,,,,0,0,Low,3.001
Bolivia,1990,BOL,27.038,5.737,1.467,3810.216,,,,,,,,,0,0,Low,1.467
Bolivia,1991,BOL,26.605,-1.6,-0.433,3672.283,,,,,,,,,0,0,Low,-0.433
Bolivia,1992,BOL,28.728,7.977,2.122,3885.046,,,,,,,,,0,0,Low,2.122
Bolivia,1993,BOL,28.343,-1.341,-0.385,3756.717,,,,,,,,,0,0,Low,-0.385
Bolivia,1994,BOL,31.658,11.696,3.315,4114.723,,,,,,,,,0,0,Low,3.315
Bolivia,1995,BOL,36.279,14.598,4.621,4626.537,,,,,,,,,0,0,Low,4.621
Bolivia,1996,BOL,35.537,-2.045,-0.742,4448.006,,,,,,,,,0,0,Low,-0.742
Bolivia,1997,BOL,39.856,12.153,4.319,4897.691,,,,,,,,,0,0,Low,4.319
Bolivia,1998,BOL,36.969,-7.242,-2.886,4461.145,,,,,,,,,0,0,Low,-2.886
Bolivia,1999,BOL,41.528,12.332,4.559,4920.966,,,,,,,,,0,0,Low,4.559
Bolivia,2000,BOL,43.588,4.959,2.059,5072.653,,,,,,,,,0,0,Low,2.059
Bolivia,2001,BOL,37.301,-14.423,-6.287,4264.886,,,,,,,,,0,0,Low,-6.287
Bolivia,2002,BOL,40.686,9.075,3.385,4571.173,,,,,,,,,0,0,Low,3.385
Bolivia,2003,BOL,54.696,34.434,14.01,6038.837,,,,,,,,,0,0,Low,14.01
Bolivia,2004,BOL,56.726,3.71,2.029,6154.922,,,,,,,,,0,0,Low,2.029
Bolivia,2005,BOL,55.573,-2.031,-1.152,5926.305,,,,,,,,,0,0,Low,-1.152
Bolivia,2006,BOL,61.17,10.071,5.597,6410.186,,,,,,,,,0,0,Low,5.597
Bolivia,2007,BOL,65.725,7.446,4.555,6767.981,,,,,,,,,0,0,Low,4.555
Bolivia,2008,BOL,67.461,2.642,1.736,6827.641,,,,,,,,,0,0,Low,1.736
Bolivia,2009,BOL,66.488,-1.443,-0.973,6614.823,,,,,,,,,0,0,Low,-0.973
Bolivia,2010,BOL,67.463,1.467,0.976,6598.983,,,,,,,,,0,0,Low,0.976
Bolivia,2011,BOL,69.828,3.505,2.364,6716.623,,,,,,,,,0,0,Low,2.364
Bolivia,2012,BOL,82.855,18.656,13.027,7838.919,,,,,,,,,0,0,Low,13.027
Bolivia,2013,BOL,83.945,1.316,1.09,7813.69,,,,,,,,,0,0,Low,1.09
Bolivia,2014,BOL,84.832,1.057,0.887,7770.678,,,,,,,,,0,0,Low,0.887
Bolivia,2015,BOL,88.928,4.827,4.095,8018.658,,,,,,,,,0,0,Low,4.095
Bolivia,2016,BOL,92.096,3.563,3.168,8176.835,,,,,,,,,0,0,Low,3.168
Bolivia,2017,BOL,90.779,-1.43,-1.317,7938.303,,,,,,,,,0,0,Low,-1.317
Bolivia,2018,BOL,93.881,3.417,3.102,8088.342,,,,,,,,,0,0,Low,3.102
Bolivia,2019,BOL,93.078,-0.855,-0.803,7903.12,,,,,,,,,0,0,Low,-0.803
Bolivia,2020,BOL,78.069,-16.125,-15.009,6540.533,,,,,,,,,0,0,Low,-15.009
Bolivia,2021,BOL,85.307,9.271,7.238,7062.148,,,,,,,,,0,0,Low,7.238
Bosnia and Herzegovina,1992,BIH,43.597,,,10196.318,,,,,,,,,0,0,Low,0
Bosnia and Herzegovina,1993,BIH,31.492,-27.765,-12.104,7986.918,,,,,,,,,0,0,Low,-12.104
Bosnia and Herzegovina,1994,BIH,33.129,5.197,1.637,8805.438,,,,,,,,,0,0,Low,1.637
Bosnia and Herzegovina,1995,BIH,54.931,65.809,21.802,14646.124,,,,,,,,,0,0,Low,21.802
Bosnia and Herzegovina,1996,BIH,34.169,-37.796,-20.762,8743.871,,,,,,,,,0,0,Low,-20.762
Bosnia and Herzegovina,1997,BIH,48.741,42.648,14.572,12041.526,,,,,,,,,0,0,Low,14.572
Bosnia and Herzegovina,1998,BIH,57.563,18.1,8.822,13988.424,,,,,,,,,0,0,Low,8.822
Bosnia and Herzegovina,1999,BIH,58.392,1.44,0.829,14060.222,,,,,,,,,0,0,Low,0.829
Bosnia and Herzegovina,2000,BIH,64.674,10.758,6.282,15474.596,,,,,,,,,0,0,Low,6.282
Bosnia and Herzegovina,2001,BIH,64.34,-0.515,-0.333,15337.629,,,,,,,,,0,0,Low,-0.333
Bosnia and Herzegovina,2002,BIH,64.667,0.508,0.327,15402.803,,,,,,,,,0,0,Low,0.327
Bosnia and Herzegovina,2003,BIH,56.421,-12.752,-8.246,13485.733,,,,,,,,,0,0,Low,-8.246
Bosnia and Herzegovina,2004,BIH,58.27,3.278,1.849,14065.254,,,,,,,,,0,0,Low,1.849
Bosnia and Herzegovina,2005,BIH,53.846,-7.593,-4.424,13151.445,,,,,,,,,0,0,Low,-4.424
Bosnia and Herzegovina,2006,BIH,55.036,2.21,1.19,13561.985,,,,,,,,,0,0,Low,1.19
Bosnia and Herzegovina,2007,BIH,52.572,-4.477,-2.464,13117.112,,,,,,,,,0,0,Low,-2.464
Bosnia and Herzegovina,2008,BIH,59.439,13.062,6.867,15073.022,,,,,,,,,0,0,Low,6.867
Bosnia and Herzegovina,2009,BIH,71.468,20.238,12.029,18430.324,,,,,,,,,0,0,Low,12.029
Bosnia and Herzegovina,2010,BIH,76.505,7.048,5.037,20074.406,,,,,,,,,0,0,Low,5.037
Bosnia and Herzegovina,2011,BIH,74.126,-3.11,-2.379,19803.189,,,,,,,,,0,0,Low,-2.379
Bosnia and Herzegovina,2012,BIH,72.109,-2.722,-2.018,19624.715,,,,,,,,,0,0,Low,-2.018
Bosnia and Herzegovina,2013,BIH,73.227,1.552,1.119,20242.201,,,,,,,,,0,0,Low,1.119
Bosnia and Herzegovina,2014,BIH,70.906,-3.17,-2.321,19855.676,,,,,,,,,0,0,Low,-2.321
Bosnia and Herzegovina,2015,BIH,71.015,0.153,0.109,20149.869,,,,,,,,,0,0,Low,0.109
Bosnia and Herzegovina,2016,BIH,72.588,2.215,1.573,20852.678,,,,,,,,,0,0,Low,1.573
Bosnia and Herzegovina,2017,BIH,72.034,-0.763,-0.554,20939.965,,,,,,,,,0,0,Low,-0.554
Bosnia and Herzegovina,2018,BIH,73.247,1.684,1.213,21542.352,,,,,,,,,0,0,Low,1.213
Bosnia and Herzegovina,2019,BIH,69.548,-5.05,-3.699,20694.338,,,,,,,,,0,0,Low,-3.699
Bosnia and Herzegovina,2020,BIH,64.592,-7.125,-4.956,19464.836,,,,,,,,,0,0,Low,-4.956
Bosnia and Herzegovina,2021,BIH,75.276,16.54,10.684,23013.498,,,,,,,,,0,0,Low,10.684
Botswana,1980,BWA,4.322,,,4605.283,,,,,,,,,0,0,Low,0
Botswana,1981,BWA,4.532,4.838,0.209,4611.092,,,,,,,,,0,0,Low,0.209
Botswana,1982,BWA,4.228,-6.694,-0.303,4133.062,,,,,,,,,0,0,Low,-0.303
Botswana,1983,BWA,4.238,0.233,0.01,3995.412,,,,,,,,,0,0,Low,0.01
Botswana,1984,BWA,4.233,-0.112,-0.005,3851.339,,,,,,,,,0,0,Low,-0.005
Botswana,1985,BWA,5.529,30.609,1.296,4855.548,,,,,,,,,0,0,Low,1.296
Botswana,1986,BWA,5.879,6.333,0.35,4985.509,,,,,,,,,0,0,Low,0.35
Botswana,1987,BWA,6.197,5.401,0.318,5077.798,,,,,,,,,0,0,Low,0.318
Botswana,1988,BWA,7.172,15.742,0.975,5686.498,,,,,,,,,0,0,Low,0.975
Botswana,1989,BWA,8.103,12.973,0.93,6224.804,,,,,,,,,0,0,Low,0.93
Botswana,1990,BWA,8.951,10.474,0.849,6672.773,,,,,,,,,0,0,Low,0.849
Botswana,1991,BWA,9.369,4.67,0.418,6786.519,,,,,,,,,0,0,Low,0.418
Botswana,1992,BWA,11.365,21.302,1.996,7999.798,,,,,,,,,0,0,Low,1.996
Botswana,1993,BWA,11.028,-2.968,-0.337,7541.652,,,,,,,,,0,0,Low,-0.337
Botswana,1994,BWA,10.978,-0.456,-0.05,7301.158,,,,,,,,,0,0,Low,-0.05
Botswana,1995,BWA,11.11,1.205,0.132,7197.263,,,,,,,,,0,0,Low,0.132
Botswana,1996,BWA,10.526,-5.255,-0.584,6652.957,,,,,,,,,0,0,Low,-0.584
Botswana,1997,BWA,10.849,3.065,0.323,6699.427,,,,,,,,,0,0,Low,0.323
Botswana,1998,BWA,11.631,7.207,0.782,7024.547,,,,,,,,,0,0,Low,0.782
Botswana,1999,BWA,11.004,-5.39,-0.627,6505.033,,,,,,,,,0,0,Low,-0.627
Botswana,2000,BWA,14.349,30.402,3.345,8308.661,,,,,,,,,0,0,Low,3.345
Botswana,2001,BWA,15.084,5.123,0.735,8561.099,,,,,,,,,0,0,Low,0.735
Botswana,2002,BWA,15.829,4.937,0.745,8817.649,,,,,,,,,0,0,Low,0.745
Botswana,2003,BWA,16.18,2.216,0.351,8856.523,,,,,,,,,0,0,Low,0.351
Botswana,2004,BWA,15.935,-1.511,-0.245,8571.5,,,,,,,,,0,0,Low,-0.245
Botswana,2005,BWA,16.937,6.288,1.002,8948.104,,,,,,,,,0,0,Low,1.002
Botswana,2006,BWA,18.093,6.825,1.156,9380.948,,,,,,,,,0,0,Low,1.156
Botswana,2007,BWA,18.578,2.681,0.485,9445.073,,,,,,,,,0,0,Low,0.485
Botswana,2008,BWA,19.326,4.024,0.748,9627.653,,,,,,,,,0,0,Low,0.748
Botswana,2009,BWA,18.072,-6.487,-1.254,8820.021,,,,,,,,,0,0,Low,-1.254
Botswana,2010,BWA,18.618,3.023,0.546,8901.267,,,,,,,,,0,0,Low,0.546
Botswana,2011,BWA,19.529,4.891,0.911,9151.255,,,,,,,,,0,0,Low,0.911
Botswana,2012,BWA,19.301,-1.169,-0.228,8872.199,,,,,,,,,0,0,Low,-0.228
Botswana,2013,BWA,19.16,-0.731,-0.141,8641.081,,,,,,,,,0,0,Low,-0.141
Botswana,2014,BWA,19.244,0.437,0.084,8513.395,,,,,,,,,0,0,Low,0.084
Botswana,2015,BWA,23.448,21.849,4.205,10171.935,,,,,,,,,0,0,Low,4.205
Botswana,2016,BWA,25.793,9.999,2.345,10964.355,,,,,,,,,0,0,Low,2.345
Botswana,2017,BWA,23.73,-7.999,-2.063,9879.757,,,,,,,,,0,0,Low,-2.063
Botswana,2018,BWA,23.527,-0.856,-0.203,9597.184,,,,,,,,,0,0,Low,-0.203
Botswana,2019,BWA,23.667,0.597,0.141,9467.984,,,,,,,,,0,0,Low,0.141
Botswana,2020,BWA,22.518,-4.855,-1.149,8843.107,,,,,,,,,0,0,Low,-1.149
Botswana,2021,BWA,24.293,7.884,1.775,9385.398,,,,,,,,,0,0,Low,1.775
Brazil,1965,BRA,273.87,,,3236.321,,,2344.756,72.451,,,891.565,27.549,0,0,Low,0
Brazil,1966,BRA,298.78,9.096,24.911,3435.072,8.991,17.84,2486.366,72.382,9.371,7.07,948.706,27.618,0.283810365,28.38103649,Low,17.841
Brazil,1967,BRA,309.579,3.614,10.799,3465.827,3.239,7.005,2499.544,72.12,4.598,3.794,966.283,27.88,0.351328827,35.13288267,Low,7.005
Brazil,1968,BRA,353.486,14.183,43.907,3856.523,17.863,39.882,2870.959,74.444,4.663,4.024,985.564,25.556,0.091648257,9.164825654,Low,39.883
Brazil,1969,BRA,385.812,9.145,32.326,4104.366,9.877,25.992,3075.967,74.944,7.011,6.334,1028.399,25.056,0.195941348,19.59413475,Low,25.992
Brazil,1970,BRA,453.364,17.509,67.552,4704.415,14.278,41.283,3428.714,72.883,34.347,26.269,1275.7,27.117,0.388870796,38.88707958,Low,41.283
Brazil,1971,BRA,505.227,11.44,51.863,5115.379,12.575,41.552,3766.228,73.626,7.745,10.312,1349.152,26.374,0.198831537,19.88315369,Low,41.551
Brazil,1972,BRA,576.983,14.203,71.756,5701.726,13.052,48.552,4155.645,72.884,17.707,23.204,1546.081,27.116,0.323373655,32.33736552,Low,48.552
Brazil,1973,BRA,679.622,17.789,102.639,6555.825,19.484,81.935,4846.895,73.933,11.708,20.705,1708.93,26.067,0.201726439,20.17264393,Low,81.934
Brazil,1974,BRA,757.394,11.443,77.772,7133.958,10.919,54.866,5249.527,73.585,12.194,22.906,1884.432,26.415,0.294527593,29.45275935,Low,54.866
Brazil,1975,BRA,799.321,5.536,41.928,7353.427,3.994,22.259,5331.962,72.51,9.393,19.669,2021.464,27.49,0.469113719,46.91137188,Low,22.259
Brazil,1976,BRA,875.158,9.488,75.837,7864.011,7.711,44.69,5609.638,71.333,13.564,31.147,2254.373,28.667,0.410709812,41.07098118,Low,44.69
Brazil,1977,BRA,933.365,6.651,58.207,8191.736,3.632,22.674,5678.004,69.314,16.489,35.533,2513.731,30.686,0.610459223,61.04592231,Medium,22.674
Brazil,1978,BRA,1032.268,10.596,98.903,8848.187,10.154,65.688,6108.458,69.036,14.461,33.214,2739.728,30.964,0.335823989,33.58239892,Low,65.689
Brazil,1979,BRA,1126.455,9.124,94.186,9430.557,6.669,47.524,6364.005,67.483,16.099,46.663,3066.552,32.517,0.495434566,49.54345656,Low,47.523
Brazil,1980,BRA,1153.122,2.367,26.667,9429.53,-1.768,-13.442,6106.232,64.756,11.859,40.109,3323.298,35.244,1.504068699,150.4068699,High,-13.442
Brazil,1981,BRA,1130.038,-2.002,-23.084,9028.166,-3.636,-27.153,5748.82,63.676,0.189,4.069,3279.346,36.324,-0.176269277,-17.62692774,Low,-27.153
Brazil,1982,BRA,1188.162,5.144,58.124,9277.8,2.711,19.508,5771.102,62.203,11.738,38.616,3506.698,37.797,0.66437272,66.43727204,Medium,19.508
Brazil,1983,BRA,1201.787,1.147,13.625,9175.53,-4.109,-30.365,5410.946,58.971,13.075,43.99,3764.583,41.029,3.228623853,322.8623853,High,-30.365
Brazil,1984,BRA,1279.698,6.483,77.912,9557.922,2.888,20.468,5446.156,56.981,13.22,57.444,4111.765,43.019,0.737293357,73.72933566,Medium,20.468
Brazil,1985,BRA,1371.653,7.186,91.955,10027.937,5.697,41.545,5634.639,56.189,11.005,50.41,4393.297,43.811,0.548202925,54.82029253,Medium,41.545
Brazil,1986,BRA,1446.851,5.482,75.198,10361.041,7.35,56.649,5924.902,57.184,6.824,18.548,4436.14,42.816,0.246655496,24.66554962,Low,56.65
Brazil,1987,BRA,1486.949,2.771,40.099,10437.202,3.178,26.29,5992.04,57.41,2.055,13.808,4445.163,42.59,0.344347739,34.43477393,Low,26.291
Brazil,1988,BRA,1532.864,3.088,45.915,10552.992,0.473,4.041,5904.858,55.954,6.386,41.874,4648.134,44.046,0.911989546,91.19895459,Medium,4.041
Brazil,1989,BRA,1576.284,2.833,43.42,10650.324,2.005,17.196,5911.348,55.504,4.651,26.225,4738.976,44.496,0.603984339,60.3984339,Medium,17.195
Brazil,1990,BRA,1565.992,-0.653,-10.293,10391.007,-1.441,-12.61,5721.654,55.064,-1.165,2.317,4669.352,44.936,-0.22510444,-22.51044399,Low,-12.61
Brazil,1991,BRA,1616.594,3.231,50.603,10542.793,2.134,18.398,5743.503,54.478,4.077,32.204,4799.289,45.522,0.636404956,63.64049562,Medium,18.399
Brazil,1992,BRA,1639.306,1.405,22.711,10515.058,0.439,3.867,5673.835,53.959,1.791,18.845,4841.223,46.041,0.829774118,82.97741183,Medium,3.866
Brazil,1993,BRA,1715.203,4.63,75.898,10825.511,4.596,40.653,5839.453,53.942,4.81,35.245,4986.058,46.058,0.464373238,46.43732378,Low,40.653
Brazil,1994,BRA,1798.857,4.877,83.653,11174.377,5.955,55.094,6089.569,54.496,4.221,28.56,5084.808,45.504,0.34141035,34.14103499,Low,55.093
Brazil,1995,BRA,1912.793,6.334,113.936,11697.941,7.109,69.688,6421.354,54.893,5.232,44.248,5276.587,45.107,0.388358377,38.83583766,Low,69.688
Brazil,1996,BRA,2025.349,5.884,112.556,12198.168,6.785,71.242,6752.896,55.36,4.523,41.314,5445.271,44.64,0.367052845,36.70528448,Low,71.242
Brazil,1997,BRA,2153.253,6.315,127.904,12775.408,7.854,88.062,7174.826,56.161,3.07,39.842,5600.582,43.839,0.311499249,31.14992494,Low,88.062
Brazil,1998,BRA,2229.139,3.524,75.886,13032.864,3.208,38.799,7297.089,55.99,3.238,37.086,5735.776,44.01,0.488706744,48.87067443,Low,38.8
Brazil,1999,BRA,2254.618,1.143,25.479,12995.942,1.276,15.922,7285.965,56.063,0.863,9.557,5709.979,43.937,0.375093214,37.5093214,Low,15.922
Brazil,2000,BRA,2356.764,4.531,102.146,13400.32,5.958,75.306,7615.244,56.829,0.476,26.84,5785.077,43.171,0.262761146,26.27611458,Low,75.306
Brazil,2001,BRA,2297.833,-2.5,-58.931,12893.828,2.389,32.002,7694.904,59.679,-8.082,-90.933,5198.924,40.321,1.543041863,154.3041863,High,32.002
Brazil,2002,BRA,2350.13,2.276,52.296,13021.791,-0.31,-4.246,7574.812,58.17,6.897,56.543,5446.98,41.83,1.0812108,108.12108,High,-4.247
Brazil,2003,BRA,2394.621,1.893,44.491,13111.923,-0.509,-6.964,7447.397,56.799,4.438,51.455,5664.525,43.201,1.156526039,115.6526039,High,-6.964
Brazil,2004,BRA,2511.056,4.862,116.435,13593.7,5.392,73.333,7760.017,57.085,5.51,43.102,5833.684,42.915,0.370180788,37.01807876,Low,73.333
Brazil,2005,BRA,2576.396,2.602,65.34,13792.465,1.436,20.586,7784.008,56.437,4.766,44.754,6008.456,43.563,0.684940312,68.49403122,Medium,20.586
Brazil,2006,BRA,2647.395,2.756,70.999,14020.683,2.295,33.37,7877.327,56.184,2.977,37.629,6143.356,43.816,0.52999338,52.99933802,Medium,33.37
Brazil,2007,BRA,2817.879,6.44,170.484,14770.351,4.826,71.778,8172.684,55.332,11.675,98.707,6597.667,44.668,0.578981019,57.89810187,Medium,71.777
Brazil,2008,BRA,2939.233,4.307,121.354,15255.087,5.729,89.333,8556.046,56.087,7.681,32.021,6699.042,43.913,0.263864397,26.38643967,Low,89.333
Brazil,2009,BRA,2918.588,-0.702,-20.645,15004.24,-5.691,-93.818,7992.57,53.269,6.559,73.173,7011.671,46.731,-3.544344878,-354.4344878,Low,-93.818
Brazil,2010,BRA,3185.037,9.129,266.448,16220.931,12.527,194.752,8909.68,54.927,5.543,71.697,7311.252,45.073,0.269084399,26.90843992,Low,194.751
Brazil,2011,BRA,3295.79,3.477,110.753,16629.84,3.252,56.897,9114.419,54.808,2.028,53.856,7515.421,45.192,0.486271252,48.62712522,Low,56.897
Brazil,2012,BRA,3392.321,2.929,96.531,16963.494,7.151,129.172,9678.659,57.056,-2.23,-32.641,7284.834,42.944,-0.338140079,-33.81400794,Low,129.172
Brazil,2013,BRA,3473.939,2.406,81.619,17221.439,5.733,110.961,10145.048,58.909,1.092,-29.342,7076.392,41.091,-0.359499626,-35.94996263,Low,110.961
Brazil,2014,BRA,3564.418,2.604,90.479,17519.043,4.566,93.441,10517.655,60.036,1.73,-2.962,7001.388,39.964,-0.032736878,-3.273687817,Low,93.441
Brazil,2015,BRA,3516.957,-1.332,-47.461,17140.15,-3.225,-69.01,10092.728,58.884,4.715,21.548,7047.424,41.116,-0.454014875,-45.40148754,Low,-69.009
Brazil,2016,BRA,3432.165,-2.411,-84.792,16591.764,-7.465,-154.589,9263.867,55.834,2.352,69.797,7327.897,44.166,-0.823155486,-82.31554864,Low,-154.589
Brazil,2017,BRA,3462.993,0.898,30.828,16608.686,1.539,29.492,9332.207,56.189,0.799,1.336,7276.478,43.811,0.043337226,4.33372259,Low,29.492
Brazil,2018,BRA,3475.968,0.375,12.975,16539.109,-4.559,-88.704,8836.361,53.427,8.876,101.678,7702.748,46.573,7.836454721,783.6454721,High,-88.703
Brazil,2019,BRA,3532.95,1.639,56.982,16681.945,-1.005,-18.667,8680.78,52.037,6.153,75.65,8001.166,47.963,1.327612228,132.7612228,High,-18.668
Brazil,2020,BRA,3394.368,-3.923,-138.582,15921.327,-7.197,-132.319,8002.587,50.263,-1.612,-6.264,7918.739,49.737,0.045200675,4.520067541,Low,-132.318
Brazil,2021,BRA,3570.67,5.194,176.302,16659.977,13.123,223.892,9005.032,54.052,-2.228,-47.591,7654.942,45.948,-0.269940216,-26.99402162,Low,223.893
Brazil,2022,BRA,3732.201,4.524,161.531,17333.797,-2.942,-56.777,8700.048,50.191,11.053,218.308,8633.749,49.809,1.351492902,135.1492902,High,-56.777
Brazil,2023,BRA,3853.715,3.256,121.514,17806.445,0.25,4.679,8677.089,48.73,7.248,116.835,9129.358,51.27,0.961494149,96.14941488,Medium,4.679
British Virgin Islands,1980,VGB,0.124,,,11176.353,,,,,,,,,0,0,Low,0
British Virgin Islands,1981,VGB,0.186,49.59,0.062,16189.218,,,,,,,,,0,0,Low,0.062
British Virgin Islands,1982,VGB,0.186,0,0,15622.392,,,,,,,,,0,0,Low,0
British Virgin Islands,1983,VGB,0.186,0,0,15084.125,,,,,,,,,0,0,Low,0
British Virgin Islands,1984,VGB,0.124,-33.151,-0.062,9734.045,,,,,,,,,0,0,Low,-0.062
British Virgin Islands,1985,VGB,0.124,-0.273,0,9380.051,,,,,,,,,0,0,Low,0
British Virgin Islands,1986,VGB,0.075,-39.415,-0.049,5493.072,,,,,,,,,0,0,Low,-0.049
British Virgin Islands,1987,VGB,0.194,157.686,0.119,13695.412,,,,,,,,,0,0,Low,0.119
British Virgin Islands,1988,VGB,0.194,0.258,0.001,13279.979,,,,,,,,,0,0,Low,0.001
British Virgin Islands,1989,VGB,0.194,-0.258,-0.001,12809.44,,,,,,,,,0,0,Low,-0.001
British Virgin Islands,1990,VGB,0.194,0,0,12377.165,,,,,,,,,0,0,Low,0
British Virgin Islands,1991,VGB,0.194,0,0,12019.932,,,,,,,,,0,0,Low,0
British Virgin Islands,1992,VGB,0.194,0.258,0.001,11769.005,,,,,,,,,0,0,Low,0.001
British Virgin Islands,1993,VGB,0.194,-0.258,-0.001,11475.74,,,,,,,,,0,0,Low,-0.001
British Virgin Islands,1994,VGB,0.194,0,0,11210.021,,,,,,,,,0,0,Low,0
British Virgin Islands,1995,VGB,0.194,0,0,10945.183,,,,,,,,,0,0,Low,0
British Virgin Islands,1996,VGB,0.25,29.354,0.057,13806.164,,,,,,,,,0,0,Low,0.057
British Virgin Islands,1997,VGB,0.25,-0.261,-0.001,13425.307,,,,,,,,,0,0,Low,-0.001
British Virgin Islands,1998,VGB,0.25,0,0,13080.203,,,,,,,,,0,0,Low,0
British Virgin Islands,1999,VGB,0.25,0.002,0,12740.941,,,,,,,,,0,0,Low,0
British Virgin Islands,2000,VGB,0.437,75.096,0.188,21736.926,,,,,,,,,0,0,Low,0.188
British Virgin Islands,2001,VGB,0.448,2.347,0.01,21645.822,,,,,,,,,0,0,Low,0.01
British Virgin Islands,2002,VGB,0.474,5.777,0.026,22226.912,,,,,,,,,0,0,Low,0.026
British Virgin Islands,2003,VGB,0.506,6.829,0.032,22993.805,,,,,,,,,0,0,Low,0.032
British Virgin Islands,2004,VGB,0.532,5.113,0.026,23387.111,,,,,,,,,0,0,Low,0.026
British Virgin Islands,2005,VGB,0.547,2.874,0.015,23259.297,,,,,,,,,0,0,Low,0.015
British Virgin Islands,2006,VGB,0.596,8.938,0.049,24482.652,,,,,,,,,0,0,Low,0.049
British Virgin Islands,2007,VGB,0.618,3.666,0.022,24503.428,,,,,,,,,0,0,Low,0.022
British Virgin Islands,2008,VGB,0.664,7.449,0.046,25397.865,,,,,,,,,0,0,Low,0.046
British Virgin Islands,2009,VGB,0.696,4.813,0.032,25707.512,,,,,,,,,0,0,Low,0.032
British Virgin Islands,2010,VGB,0.717,3.051,0.021,26000.848,,,,,,,,,0,0,Low,0.021
British Virgin Islands,2011,VGB,0.735,2.434,0.017,26247.301,,,,,,,,,0,0,Low,0.017
British Virgin Islands,2012,VGB,0.732,-0.358,-0.003,25734.096,,,,,,,,,0,0,Low,-0.003
British Virgin Islands,2013,VGB,0.732,0.001,0,25516.426,,,,,,,,,0,0,Low,0
British Virgin Islands,2014,VGB,0.744,1.594,0.012,25639.906,,,,,,,,,0,0,Low,0.012
British Virgin Islands,2015,VGB,0.747,0.405,0.003,25398.59,,,,,,,,,0,0,Low,0.003
British Virgin Islands,2016,VGB,0.757,1.331,0.01,25417.586,,,,,,,,,0,0,Low,0.01
British Virgin Islands,2017,VGB,0.711,-6.032,-0.046,23629.582,,,,,,,,,0,0,Low,-0.046
British Virgin Islands,2018,VGB,0.883,24.173,0.172,29075.836,,,,,,,,,0,0,Low,0.172
British Virgin Islands,2019,VGB,0.705,-20.094,-0.177,23027.121,,,,,,,,,0,0,Low,-0.177
British Virgin Islands,2020,VGB,0.595,-15.701,-0.111,19221.441,,,,,,,,,0,0,Low,-0.111
British Virgin Islands,2021,VGB,0.633,6.418,0.038,20316.449,,,,,,,,,0,0,Low,0.038
Brunei,1980,BRN,24.127,,,128381.539,,,,,,,,,0,0,Low,0
Brunei,1981,BRN,24.946,3.397,0.819,128519.219,,,,,,,,,0,0,Low,0.819
Brunei,1982,BRN,27.215,9.095,2.269,135640.422,,,,,,,,,0,0,Low,2.269
Brunei,1983,BRN,21.388,-21.41,-5.827,103056.602,,,,,,,,,0,0,Low,-5.827
Brunei,1984,BRN,18.898,-11.646,-2.491,88017.859,,,,,,,,,0,0,Low,-2.491
Brunei,1985,BRN,22.553,19.342,3.655,101527.688,,,,,,,,,0,0,Low,3.655
Brunei,1986,BRN,14.944,-33.74,-7.609,65020.742,,,,,,,,,0,0,Low,-7.609
Brunei,1987,BRN,23.866,59.706,8.922,100390.953,,,,,,,,,0,0,Low,8.922
Brunei,1988,BRN,20.674,-13.374,-3.192,84126.477,,,,,,,,,0,0,Low,-3.192
Brunei,1989,BRN,24.289,17.486,3.615,95691.672,,,,,,,,,0,0,Low,3.615
Brunei,1990,BRN,20.552,-15.385,-3.737,78462.109,,,,,,,,,0,0,Low,-3.737
Brunei,1991,BRN,16.425,-20.082,-4.127,60861.879,,,,,,,,,0,0,Low,-4.127
Brunei,1992,BRN,16.061,-2.216,-0.364,57892.043,,,,,,,,,0,0,Low,-0.364
Brunei,1993,BRN,15.265,-4.953,-0.796,53614.461,,,,,,,,,0,0,Low,-0.796
Brunei,1994,BRN,14.671,-3.891,-0.594,50252.98,,,,,,,,,0,0,Low,-0.594
Brunei,1995,BRN,18.146,23.681,3.474,60665.789,,,,,,,,,0,0,Low,3.474
Brunei,1996,BRN,16.899,-6.868,-1.246,55188.805,,,,,,,,,0,0,Low,-1.246
Brunei,1997,BRN,18.073,6.943,1.173,57698.684,,,,,,,,,0,0,Low,1.173
Brunei,1998,BRN,16.346,-9.555,-1.727,51055.582,,,,,,,,,0,0,Low,-1.727
Brunei,1999,BRN,19.286,17.987,2.94,58967.641,,,,,,,,,0,0,Low,2.94
Brunei,2000,BRN,19.664,1.96,0.378,58884.859,,,,,,,,,0,0,Low,0.378
Brunei,2001,BRN,22.357,13.698,2.693,65610.273,,,,,,,,,0,0,Low,2.693
Brunei,2002,BRN,26.107,16.77,3.749,75133.312,,,,,,,,,0,0,Low,3.749
Brunei,2003,BRN,27.009,3.455,0.902,76284.742,,,,,,,,,0,0,Low,0.902
Brunei,2004,BRN,29.992,11.047,2.984,83202.562,,,,,,,,,0,0,Low,2.984
Brunei,2005,BRN,33.787,12.652,3.795,92130.18,,,,,,,,,0,0,Low,3.795
Brunei,2006,BRN,52.07,54.113,18.283,139666.797,,,,,,,,,0,0,Low,18.283
Brunei,2007,BRN,54.662,4.979,2.592,144318.156,,,,,,,,,0,0,Low,2.592
Brunei,2008,BRN,56.141,2.706,1.479,145980.906,,,,,,,,,0,0,Low,1.479
Brunei,2009,BRN,37.245,-33.659,-18.897,95420.391,,,,,,,,,0,0,Low,-18.897
Brunei,2010,BRN,42.423,13.903,5.178,107111.188,,,,,,,,,0,0,Low,5.178
Brunei,2011,BRN,43.577,2.72,1.154,108531.148,,,,,,,,,0,0,Low,1.154
Brunei,2012,BRN,42.361,-2.79,-1.216,104173.734,,,,,,,,,0,0,Low,-1.216
Brunei,2013,BRN,39.397,-6.996,-2.963,95693.625,,,,,,,,,0,0,Low,-2.963
Brunei,2014,BRN,44.308,12.465,4.911,106339.25,,,,,,,,,0,0,Low,4.911
Brunei,2015,BRN,48.96,10.498,4.651,116170.312,,,,,,,,,0,0,Low,4.651
Brunei,2016,BRN,51.142,4.457,2.182,120051.602,,,,,,,,,0,0,Low,2.182
Brunei,2017,BRN,51.35,0.406,0.207,119337.055,,,,,,,,,0,0,Low,0.207
Brunei,2018,BRN,53.408,4.008,2.058,122979.117,,,,,,,,,0,0,Low,2.058
Brunei,2019,BRN,52.705,-1.316,-0.703,120314.977,,,,,,,,,0,0,Low,-0.703
Brunei,2020,BRN,55.351,5.02,2.646,125303.023,,,,,,,,,0,0,Low,2.646
Brunei,2021,BRN,45.994,-16.905,-9.357,103268.102,,,,,,,,,0,0,Low,-9.357
Bulgaria,1965,BGR,119.926,,,14545.117,,,13827.842,95.069,,,717.274,4.931,0,0,Low,0
Bulgaria,1966,BGR,128.565,7.204,8.64,15473.221,7.552,8.61,14757.899,95.377,0.5,0.03,715.323,4.623,0.003472222,0.347222222,Low,8.61
Bulgaria,1967,BGR,149.341,16.159,20.775,17842.711,16.914,20.74,17128.359,95.996,0.597,0.035,714.355,4.004,0.001684717,0.168471721,Low,20.74
Bulgaria,1968,BGR,166.938,11.783,17.597,19783.354,13.753,19.717,19326.047,97.688,-35.46,-2.12,457.305,2.312,-0.120475081,-12.0475081,Low,19.717
Bulgaria,1969,BGR,186.068,11.459,19.13,21857.104,10.762,17.551,21218.318,97.077,40.92,1.579,638.783,2.923,0.082540512,8.254051228,Low,17.551
Bulgaria,1970,BGR,209.358,12.517,23.291,24392.338,12.382,22.365,23650.936,96.961,17.02,0.926,741.404,3.039,0.039757846,3.975784638,Low,22.365
Bulgaria,1971,BGR,217.997,4.126,8.639,25212.863,4.229,8.585,24470.73,97.057,0.836,0.053,742.132,2.943,0.006134969,0.613496933,Low,8.586
Bulgaria,1972,BGR,224.318,2.9,6.321,25783.262,3.092,6.543,25071.217,97.238,-3.456,-0.222,712.044,2.762,-0.035121025,-3.512102515,Low,6.543
Bulgaria,1973,BGR,233.074,3.903,8.755,26626.355,3.37,7.351,25758.193,96.739,22.673,1.405,868.163,3.261,0.160479726,16.04797259,Low,7.35
Bulgaria,1974,BGR,240.031,2.985,6.957,27243.135,2.56,5.773,26246.189,96.341,17.043,1.184,996.944,3.659,0.1701883,17.01882996,Low,5.773
Bulgaria,1975,BGR,265.313,10.533,25.282,29941.727,8.461,19.565,28305.281,94.535,66.456,5.717,1636.447,5.465,0.226129262,22.61292619,Low,19.565
Bulgaria,1976,BGR,281.004,5.914,15.691,31564.688,2.911,7.3,28993.344,91.854,58.638,8.391,2571.342,8.146,0.534765152,53.4765152,Medium,7.3
Bulgaria,1977,BGR,296.127,5.382,15.123,33140.648,4.216,10.883,30104.299,90.838,18.507,4.24,3036.351,9.162,0.280367652,28.03676519,Low,10.883
Bulgaria,1978,BGR,306.622,3.544,10.496,34227.824,4.556,12.255,31395.629,91.725,-6.31,-1.76,2832.198,8.275,-0.167682927,-16.76829268,Low,12.256
Bulgaria,1979,BGR,318.254,3.793,11.632,35462.262,3.441,9.677,32417.344,91.414,7.62,1.955,3044.92,8.586,0.168070839,16.80708391,Low,9.677
Bulgaria,1980,BGR,335.992,5.574,17.738,37413.078,5.703,16.592,34242.625,91.526,4.078,1.146,3170.453,8.474,0.064607058,6.460705829,Low,16.592
Bulgaria,1981,BGR,331.034,-1.476,-4.958,36870.02,-4.246,-13.059,32796.508,88.952,28.943,8.101,4073.512,11.048,-1.63392497,-163.392497,Low,-13.059
Bulgaria,1982,BGR,339.126,2.444,8.091,37804.609,1.75,5.154,33400.082,88.349,8.314,2.937,4404.527,11.651,0.362995921,36.29959214,Low,5.154
Bulgaria,1983,BGR,341.428,0.679,2.302,38120.906,-1.02,-3.055,33111.402,86.859,13.591,5.357,5009.5,13.141,2.327106864,232.7106864,High,-3.055
Bulgaria,1984,BGR,339.449,-0.58,-1.979,37971.812,-0.974,-2.887,32851.219,86.515,2.068,0.908,5120.597,13.485,-0.458817585,-45.88175846,Low,-2.887
Bulgaria,1985,BGR,336.879,-0.757,-2.57,37779.035,-0.228,-0.669,32858.789,86.976,-3.92,-1.901,4920.242,13.024,0.739688716,73.9688716,Medium,-0.669
Bulgaria,1986,BGR,343.634,2.005,6.756,38644.914,3.243,9.503,34019.824,88.032,-6.325,-2.747,4625.09,11.968,-0.406601539,-40.66015394,Low,9.503
Bulgaria,1987,BGR,346.295,0.774,2.66,39059.801,0.33,0.998,34233.457,87.644,4.008,1.662,4826.347,12.356,0.62481203,62.48120301,Medium,0.998
Bulgaria,1988,BGR,354.368,2.331,8.074,40105.891,-0.757,-2.299,34089.281,84.998,24.397,10.372,6016.611,15.002,1.28461729,128.461729,High,-2.298
Bulgaria,1989,BGR,351.288,-0.869,-3.08,39898.98,0.263,0.793,34300.836,85.969,-7.35,-3.873,5598.144,14.031,1.257467532,125.7467532,High,0.793
Bulgaria,1990,BGR,324.408,-7.652,-26.88,37000.043,-7.955,-24.023,31704.281,85.687,-5.575,-2.856,5295.76,14.313,0.10625,10.625,Low,-24.024
Bulgaria,1991,BGR,262.598,-19.053,-61.81,30108.699,-21.403,-59.495,25050.459,83.2,-5.173,-2.316,5058.24,16.8,0.037469665,3.74696651,Low,-59.494
Bulgaria,1992,BGR,247.091,-5.905,-15.507,28504.32,-4.484,-9.797,24073.803,84.457,-12.924,-5.71,4430.516,15.543,0.368220804,36.82208035,Low,-9.797
Bulgaria,1993,BGR,263.601,6.682,16.51,30610.23,4.784,9.984,25392.498,82.954,17.131,6.527,5217.734,17.046,0.39533616,39.53361599,Low,9.983
Bulgaria,1994,BGR,253.54,-3.817,-10.061,29659.102,-5.705,-12.474,24120.621,81.326,5.527,2.413,5538.482,18.674,-0.239836994,-23.98369943,Low,-12.474
Bulgaria,1995,BGR,272.66,7.541,19.12,32162.408,5.363,11.058,25626.721,79.679,16.86,8.061,6535.687,20.321,0.421600418,42.16004184,Low,11.059
Bulgaria,1996,BGR,271.906,-0.276,-0.753,32364.475,-2.391,-5.194,25240.916,77.99,7.898,4.441,7123.557,22.01,-5.897742364,-589.7742364,Low,-5.194
Bulgaria,1997,BGR,257.145,-5.429,-14.762,30910.658,-6.29,-13.337,23887.721,77.28,-2.361,-1.424,7022.936,22.72,0.096463894,9.646389378,Low,-13.338
Bulgaria,1998,BGR,247.26,-3.844,-9.884,30025.781,-4.269,-8.484,23101.232,76.938,-2.481,-1.4,6924.55,23.062,0.141643059,14.16430595,Low,-8.484
Bulgaria,1999,BGR,217.257,-12.134,-30.004,26617.078,-13.631,-25.932,20129.818,75.627,-7.117,-4.072,6487.261,24.373,0.135715238,13.5715238,Low,-25.932
Bulgaria,2000,BGR,217.377,0.056,0.121,26844.336,-3.827,-6.289,19513.828,72.693,12.202,6.409,7330.505,27.307,52.96694215,5296.694215,High,-6.288
Bulgaria,2001,BGR,224.567,3.308,7.19,27949.117,4.163,6.578,20485.148,73.294,1.898,0.612,7463.966,26.706,0.08511822,8.511821975,Low,6.578
Bulgaria,2002,BGR,217.838,-2.996,-6.729,27315.826,-5.816,-9.573,19439.008,71.164,5.348,2.844,7876.819,28.836,-0.422648239,-42.2648239,Low,-9.573
Bulgaria,2003,BGR,225.353,3.449,7.514,28461.709,8.744,13.555,21291.08,74.806,-9.235,-6.041,7170.627,25.194,-0.80396593,-80.39659303,Low,13.555
Bulgaria,2004,BGR,217.915,-3.3,-7.438,27705.828,-3.682,-6.207,20643.801,74.511,-1.579,-1.23,7062.025,25.489,0.165367034,16.53670341,Low,-6.208
Bulgaria,2005,BGR,236.086,8.338,18.171,30208.428,6.247,10.144,22074.09,73.073,15.035,8.027,8134.34,26.927,0.44174784,44.174784,Low,10.144
Bulgaria,2006,BGR,240.701,1.955,4.615,30994.041,1.691,2.918,22589.615,72.884,3.359,1.697,8404.425,27.116,0.367713976,36.77139762,Low,2.918
Bulgaria,2007,BGR,232.64,-3.349,-8.061,30138.438,5.325,9.342,23937.383,79.425,-26.158,-17.403,6201.057,20.575,2.158913286,215.8913286,High,9.342
Bulgaria,2008,BGR,230.224,-1.038,-2.416,29996.916,-2.88,-5.321,23381.717,77.947,6.827,2.905,6615.199,22.053,-1.202400662,-120.2400662,Low,-5.321
Bulgaria,2009,BGR,202.106,-12.213,-28.117,26471.965,-15.921,-28.57,19762.596,74.655,1.503,0.453,6709.371,25.345,-0.016111249,-1.611124942,Low,-28.57
Bulgaria,2010,BGR,211.471,4.634,9.365,27853.473,2.505,3.779,20370.924,73.136,11.579,5.585,7482.548,26.864,0.596369461,59.63694608,Medium,3.78
Bulgaria,2011,BGR,224.607,6.212,13.136,29776.332,10.222,15.81,22599.609,75.898,-3.766,-2.675,7176.722,24.102,-0.203638855,-20.36388551,Low,15.811
Bulgaria,2012,BGR,213.428,-4.977,-11.179,28501.373,-8.188,-13.958,20900.92,73.333,7.873,2.78,7600.457,26.667,-0.248680562,-24.86805618,Low,-13.959
Bulgaria,2013,BGR,198.108,-7.178,-15.32,26659.102,-9.986,-15.629,18958.596,71.115,1.583,0.309,7700.506,28.885,-0.020169713,-2.016971279,Low,-15.629
Bulgaria,2014,BGR,211.55,6.785,13.442,28695.912,5.707,8.04,20201.037,70.397,9.683,5.402,8494.875,29.603,0.401874721,40.1874721,Low,8.04
Bulgaria,2015,BGR,224.68,6.207,13.13,30739.168,7.129,10.616,21827.303,71.008,5.265,2.514,8911.866,28.992,0.191469916,19.14699162,Low,10.616
Bulgaria,2016,BGR,213.117,-5.146,-11.563,29411.801,-4.924,-7.856,20933.736,71.175,-4.363,-3.707,8478.065,28.825,0.320591542,32.0591542,Low,-7.856
Bulgaria,2017,BGR,218.174,2.373,5.057,30376.139,5.517,8.369,22284.131,73.361,-4.504,-3.312,8092.006,26.639,-0.654933755,-65.49337552,Low,8.369
Bulgaria,2018,BGR,218.814,0.293,0.64,30743.451,-6.077,-9.726,21121.172,68.701,16.139,10.366,9622.279,31.299,16.196875,1619.6875,High,-9.726
Bulgaria,2019,BGR,211.551,-3.319,-7.263,29996.502,-2.292,-3.445,20827.047,69.432,-4.693,-3.818,9169.452,30.568,0.525678094,52.56780945,Medium,-3.445
Bulgaria,2020,BGR,195.374,-7.647,-16.178,27993.812,-10.86,-15.951,18760.398,67.016,-0.096,-0.226,9233.415,32.984,0.013969588,1.396958833,Low,-15.952
Bulgaria,2021,BGR,221.896,13.575,26.522,32224.797,14.612,19.132,21793.09,67.628,10.361,7.39,10431.708,32.372,0.278636604,27.86366036,Low,19.132
Bulgaria,2022,BGR,229.475,3.416,7.58,33836.168,6.41,9.619,23545.316,69.586,-1.742,-2.039,10290.852,30.414,-0.268997361,-26.89973615,Low,9.619
Bulgaria,2023,BGR,199.267,-13.164,-30.208,29796.029,-19.193,-30.648,19294.33,64.755,2.377,0.44,10501.697,35.245,-0.014565678,-1.456567797,Low,-30.648
Burkina Faso,1980,BFA,1.769,,,255.167,,,,,,,,,0,0,Low,0
Burkina Faso,1981,BFA,1.764,-0.273,-0.005,247.655,,,,,,,,,0,0,Low,-0.005
Burkina Faso,1982,BFA,1.764,0,0,240.955,,,,,,,,,0,0,Low,0
Burkina Faso,1983,BFA,1.764,0,0,234.257,,,,,,,,,0,0,Low,0
Burkina Faso,1984,BFA,1.769,0.274,0.005,228.223,,,,,,,,,0,0,Low,0.005
Burkina Faso,1985,BFA,1.705,-3.597,-0.064,213.734,,,,,,,,,0,0,Low,-0.064
Burkina Faso,1986,BFA,2.018,18.337,0.313,245.881,,,,,,,,,0,0,Low,0.313
Burkina Faso,1987,BFA,2.108,4.432,0.089,249.863,,,,,,,,,0,0,Low,0.089
Burkina Faso,1988,BFA,2.21,4.871,0.103,255.116,,,,,,,,,0,0,Low,0.103
Burkina Faso,1989,BFA,1.981,-10.378,-0.229,222.689,,,,,,,,,0,0,Low,-0.229
Burkina Faso,1990,BFA,2.039,2.93,0.058,223.287,,,,,,,,,0,0,Low,0.058
Burkina Faso,1991,BFA,2.359,15.692,0.32,251.878,,,,,,,,,0,0,Low,0.32
Burkina Faso,1992,BFA,2.386,1.136,0.027,248.543,,,,,,,,,0,0,Low,0.027
Burkina Faso,1993,BFA,2.647,10.96,0.261,269.014,,,,,,,,,0,0,Low,0.261
Burkina Faso,1994,BFA,2.952,11.518,0.305,292.533,,,,,,,,,0,0,Low,0.305
Burkina Faso,1995,BFA,3.018,2.249,0.066,291.543,,,,,,,,,0,0,Low,0.066
Burkina Faso,1996,BFA,3.211,6.365,0.192,302.278,,,,,,,,,0,0,Low,0.192
Burkina Faso,1997,BFA,5.068,57.855,1.857,465.069,,,,,,,,,0,0,Low,1.857
Burkina Faso,1998,BFA,4.553,-10.169,-0.515,406.449,,,,,,,,,0,0,Low,-0.515
Burkina Faso,1999,BFA,4.688,2.977,0.136,406.483,,,,,,,,,0,0,Low,0.136
Burkina Faso,2000,BFA,4.259,-9.152,-0.429,358.424,,,,,,,,,0,0,Low,-0.429
Burkina Faso,2001,BFA,4.733,11.138,0.474,386.415,,,,,,,,,0,0,Low,0.474
Burkina Faso,2002,BFA,4.959,4.764,0.225,392.564,,,,,,,,,0,0,Low,0.225
Burkina Faso,2003,BFA,5.487,10.653,0.528,421.103,,,,,,,,,0,0,Low,0.528
Burkina Faso,2004,BFA,4.943,-9.926,-0.545,367.588,,,,,,,,,0,0,Low,-0.545
Burkina Faso,2005,BFA,5.249,6.195,0.306,378.259,,,,,,,,,0,0,Low,0.306
Burkina Faso,2006,BFA,5.175,-1.398,-0.073,361.505,,,,,,,,,0,0,Low,-0.073
Burkina Faso,2007,BFA,7.331,41.66,2.156,496.81,,,,,,,,,0,0,Low,2.156
Burkina Faso,2008,BFA,8.007,9.208,0.675,526.817,,,,,,,,,0,0,Low,0.675
Burkina Faso,2009,BFA,7.522,-6.051,-0.484,480.64,,,,,,,,,0,0,Low,-0.484
Burkina Faso,2010,BFA,8.21,9.147,0.688,509.41,,,,,,,,,0,0,Low,0.688
Burkina Faso,2011,BFA,9.353,13.921,1.143,563.346,,,,,,,,,0,0,Low,1.143
Burkina Faso,2012,BFA,11.028,17.905,1.675,644.375,,,,,,,,,0,0,Low,1.675
Burkina Faso,2013,BFA,13.222,19.895,2.194,749.678,,,,,,,,,0,0,Low,2.194
Burkina Faso,2014,BFA,12.313,-6.874,-0.909,677.646,,,,,,,,,0,0,Low,-0.909
Burkina Faso,2015,BFA,15.649,27.095,3.336,836.03,,,,,,,,,0,0,Low,3.336
Burkina Faso,2016,BFA,15.036,-3.914,-0.612,780.077,,,,,,,,,0,0,Low,-0.612
Burkina Faso,2017,BFA,17.427,15.901,2.391,878.578,,,,,,,,,0,0,Low,2.391
Burkina Faso,2018,BFA,19.381,11.21,1.954,950.387,,,,,,,,,0,0,Low,1.954
Burkina Faso,2019,BFA,19.84,2.37,0.459,946.957,,,,,,,,,0,0,Low,0.459
Burkina Faso,2020,BFA,18.918,-4.649,-0.922,878.982,,,,,,,,,0,0,Low,-0.922
Burkina Faso,2021,BFA,19.995,5.693,1.077,904.726,,,,,,,,,0,0,Low,1.077
Burundi,1980,BDI,0.467,,,108.328,,,,,,,,,0,0,Low,0
Burundi,1981,BDI,0.528,13.061,0.061,117.625,,,,,,,,,0,0,Low,0.061
Burundi,1982,BDI,0.464,-12.142,-0.064,100.839,,,,,,,,,0,0,Low,-0.064
Burundi,1983,BDI,0.588,26.702,0.124,124.407,,,,,,,,,0,0,Low,0.124
Burundi,1984,BDI,0.757,28.798,0.169,156.403,,,,,,,,,0,0,Low,0.169
Burundi,1985,BDI,0.784,3.547,0.027,158.489,,,,,,,,,0,0,Low,0.027
Burundi,1986,BDI,0.822,4.764,0.037,162.955,,,,,,,,,0,0,Low,0.037
Burundi,1987,BDI,0.948,15.382,0.126,183.789,,,,,,,,,0,0,Low,0.126
Burundi,1988,BDI,1.361,43.569,0.413,258.155,,,,,,,,,0,0,Low,0.413
Burundi,1989,BDI,1.511,11.019,0.15,281.169,,,,,,,,,0,0,Low,0.15
Burundi,1990,BDI,1.591,5.293,0.08,290.107,,,,,,,,,0,0,Low,0.08
Burundi,1991,BDI,1.794,12.76,0.203,320.632,,,,,,,,,0,0,Low,0.203
Burundi,1992,BDI,1.657,-7.608,-0.136,288.59,,,,,,,,,0,0,Low,-0.136
Burundi,1993,BDI,1.858,12.075,0.2,334.374,,,,,,,,,0,0,Low,0.2
Burundi,1994,BDI,1.946,4.774,0.089,348.38,,,,,,,,,0,0,Low,0.089
Burundi,1995,BDI,1.879,-3.462,-0.067,316.683,,,,,,,,,0,0,Low,-0.067
Burundi,1996,BDI,1.957,4.172,0.078,330.023,,,,,,,,,0,0,Low,0.078
Burundi,1997,BDI,1.958,0.023,0,330.469,,,,,,,,,0,0,Low,0
Burundi,1998,BDI,1.981,1.169,0.023,328.155,,,,,,,,,0,0,Low,0.023
Burundi,1999,BDI,1.951,-1.466,-0.029,315.766,,,,,,,,,0,0,Low,-0.029
Burundi,2000,BDI,1.652,-15.329,-0.299,261.958,,,,,,,,,0,0,Low,-0.299
Burundi,2001,BDI,1.407,-14.848,-0.245,217.609,,,,,,,,,0,0,Low,-0.245
Burundi,2002,BDI,1.331,-5.396,-0.076,200.193,,,,,,,,,0,0,Low,-0.076
Burundi,2003,BDI,1.079,-18.958,-0.252,157.229,,,,,,,,,0,0,Low,-0.252
Burundi,2004,BDI,1.244,15.287,0.165,174.654,,,,,,,,,0,0,Low,0.165
Burundi,2005,BDI,1.079,-13.264,-0.165,145.987,,,,,,,,,0,0,Low,-0.165
Burundi,2006,BDI,1.25,15.874,0.171,163.211,,,,,,,,,0,0,Low,0.171
Burundi,2007,BDI,1.956,56.489,0.706,246.2,,,,,,,,,0,0,Low,0.706
Burundi,2008,BDI,1.287,-34.22,-0.669,155.427,,,,,,,,,0,0,Low,-0.669
Burundi,2009,BDI,1.299,0.992,0.013,149.196,,,,,,,,,0,0,Low,0.013
Burundi,2010,BDI,1.822,40.247,0.523,199.676,,,,,,,,,0,0,Low,0.523
Burundi,2011,BDI,2.143,17.587,0.321,226.621,,,,,,,,,0,0,Low,0.321
Burundi,2012,BDI,2.018,-5.839,-0.125,205.988,,,,,,,,,0,0,Low,-0.125
Burundi,2013,BDI,2.201,9.094,0.183,216.881,,,,,,,,,0,0,Low,0.183
Burundi,2014,BDI,2.058,-6.492,-0.143,196.128,,,,,,,,,0,0,Low,-0.143
Burundi,2015,BDI,2.078,0.976,0.02,193.754,,,,,,,,,0,0,Low,0.02
Burundi,2016,BDI,2.273,9.341,0.194,208.43,,,,,,,,,0,0,Low,0.194
Burundi,2017,BDI,2.754,21.198,0.482,246.9,,,,,,,,,0,0,Low,0.482
Burundi,2018,BDI,3.342,21.335,0.588,290.769,,,,,,,,,0,0,Low,0.588
Burundi,2019,BDI,3.673,9.917,0.331,309.341,,,,,,,,,0,0,Low,0.331
Burundi,2020,BDI,3.532,-3.836,-0.141,289.066,,,,,,,,,0,0,Low,-0.141
Burundi,2021,BDI,3.689,4.422,0.156,293.889,,,,,,,,,0,0,Low,0.156
Cambodia,1980,KHM,1.323,,,213.394,,,,,,,,,0,0,Low,0
Cambodia,1981,KHM,1.394,5.411,0.072,219.091,,,,,,,,,0,0,Low,0.072
Cambodia,1982,KHM,1.524,9.276,0.129,230.184,,,,,,,,,0,0,Low,0.129
Cambodia,1983,KHM,1.663,9.163,0.14,241.7,,,,,,,,,0,0,Low,0.14
Cambodia,1984,KHM,1.821,9.499,0.158,255.312,,,,,,,,,0,0,Low,0.158
Cambodia,1985,KHM,1.832,0.584,0.011,248.372,,,,,,,,,0,0,Low,0.011
Cambodia,1986,KHM,1.847,0.835,0.015,241.122,,,,,,,,,0,0,Low,0.015
Cambodia,1987,KHM,1.862,0.809,0.015,233.495,,,,,,,,,0,0,Low,0.015
Cambodia,1988,KHM,2.009,7.886,0.147,242.947,,,,,,,,,0,0,Low,0.147
Cambodia,1989,KHM,2.018,0.435,0.009,235.43,,,,,,,,,0,0,Low,0.009
Cambodia,1990,KHM,2.042,1.185,0.024,229.134,,,,,,,,,0,0,Low,0.024
Cambodia,1991,KHM,2.167,6.134,0.125,234.034,,,,,,,,,0,0,Low,0.125
Cambodia,1992,KHM,2.18,0.587,0.013,224.294,,,,,,,,,0,0,Low,0.013
Cambodia,1993,KHM,2.18,0,0,212.79,,,,,,,,,0,0,Low,0
Cambodia,1994,KHM,2.186,0.284,0.006,205.514,,,,,,,,,0,0,Low,0.006
Cambodia,1995,KHM,6.208,183.997,4.022,568.517,,,,,,,,,0,0,Low,4.022
Cambodia,1996,KHM,6.823,9.906,0.615,610.135,,,,,,,,,0,0,Low,0.615
Cambodia,1997,KHM,8.036,17.782,1.213,702.978,,,,,,,,,0,0,Low,1.213
Cambodia,1998,KHM,9.393,16.883,1.357,804.941,,,,,,,,,0,0,Low,1.357
Cambodia,1999,KHM,9.67,2.948,0.277,812.657,,,,,,,,,0,0,Low,0.277
Cambodia,2000,KHM,8.961,-7.327,-0.708,739.456,,,,,,,,,0,0,Low,-0.708
Cambodia,2001,KHM,9.493,5.934,0.532,769.41,,,,,,,,,0,0,Low,0.532
Cambodia,2002,KHM,9.473,-0.208,-0.02,754.145,,,,,,,,,0,0,Low,-0.02
Cambodia,2003,KHM,10.279,8.504,0.806,803.816,,,,,,,,,0,0,Low,0.806
Cambodia,2004,KHM,10.59,3.023,0.311,813.564,,,,,,,,,0,0,Low,0.311
Cambodia,2005,KHM,12.052,13.809,1.462,909.821,,,,,,,,,0,0,Low,1.462
Cambodia,2006,KHM,13.046,8.251,0.994,967.996,,,,,,,,,0,0,Low,0.994
Cambodia,2007,KHM,15.308,17.333,2.261,1116.155,,,,,,,,,0,0,Low,2.261
Cambodia,2008,KHM,16.066,4.954,0.758,1152.201,,,,,,,,,0,0,Low,0.758
Cambodia,2009,KHM,19.817,23.347,3.751,1399.933,,,,,,,,,0,0,Low,3.751
Cambodia,2010,KHM,22.857,15.34,3.04,1591.32,,,,,,,,,0,0,Low,3.04
Cambodia,2011,KHM,23.667,3.543,0.81,1623.918,,,,,,,,,0,0,Low,0.81
Cambodia,2012,KHM,26.375,11.444,2.708,1783.722,,,,,,,,,0,0,Low,2.708
Cambodia,2013,KHM,27.991,6.127,1.616,1866.119,,,,,,,,,0,0,Low,1.616
Cambodia,2014,KHM,30.905,10.408,2.913,2031.747,,,,,,,,,0,0,Low,2.913
Cambodia,2015,KHM,35.449,14.704,4.544,2299.249,,,,,,,,,0,0,Low,4.544
Cambodia,2016,KHM,44.198,24.681,8.749,2828.744,,,,,,,,,0,0,Low,8.749
Cambodia,2017,KHM,46.705,5.673,2.507,2950.3,,,,,,,,,0,0,Low,2.507
Cambodia,2018,KHM,58.892,26.092,12.186,3674.928,,,,,,,,,0,0,Low,12.186
Cambodia,2019,KHM,65.957,11.997,7.065,4069.461,,,,,,,,,0,0,Low,7.065
Cambodia,2020,KHM,64.253,-2.583,-1.703,3918.637,,,,,,,,,0,0,Low,-1.703
Cambodia,2021,KHM,66.938,4.178,2.685,4035.081,,,,,,,,,0,0,Low,2.685
Cameroon,1980,CMR,13.799,,,1619.572,,,,,,,,,0,0,Low,0
Cameroon,1981,CMR,15.146,9.763,1.347,1715.444,,,,,,,,,0,0,Low,1.347
Cameroon,1982,CMR,17.687,16.779,2.541,1955.027,,,,,,,,,0,0,Low,2.541
Cameroon,1983,CMR,17.649,-0.214,-0.038,1909.954,,,,,,,,,0,0,Low,-0.038
Cameroon,1984,CMR,17.949,1.698,0.3,1887.65,,,,,,,,,0,0,Low,0.3
Cameroon,1985,CMR,19.104,6.437,1.155,1948.57,,,,,,,,,0,0,Low,1.155
Cameroon,1986,CMR,20.465,7.121,1.36,2023.665,,,,,,,,,0,0,Low,1.36
Cameroon,1987,CMR,19.425,-5.08,-1.04,1861.734,,,,,,,,,0,0,Low,-1.04
Cameroon,1988,CMR,19.448,0.119,0.023,1807.531,,,,,,,,,0,0,Low,0.023
Cameroon,1989,CMR,22.573,16.068,3.125,2035.604,,,,,,,,,0,0,Low,3.125
Cameroon,1990,CMR,22.776,0.898,0.203,1992.55,,,,,,,,,0,0,Low,0.203
Cameroon,1991,CMR,22.984,0.913,0.208,1951.461,,,,,,,,,0,0,Low,0.208
Cameroon,1992,CMR,23.085,0.44,0.101,1903.347,,,,,,,,,0,0,Low,0.101
Cameroon,1993,CMR,20.424,-11.526,-2.661,1635.667,,,,,,,,,0,0,Low,-2.661
Cameroon,1994,CMR,21.804,6.756,1.38,1696.96,,,,,,,,,0,0,Low,1.38
Cameroon,1995,CMR,22.328,2.405,0.524,1690.048,,,,,,,,,0,0,Low,0.524
Cameroon,1996,CMR,22.235,-0.418,-0.093,1637.894,,,,,,,,,0,0,Low,-0.093
Cameroon,1997,CMR,23.355,5.038,1.12,1675.268,,,,,,,,,0,0,Low,1.12
Cameroon,1998,CMR,23.357,0.007,0.002,1631.682,,,,,,,,,0,0,Low,0.002
Cameroon,1999,CMR,22.891,-1.996,-0.466,1557.304,,,,,,,,,0,0,Low,-0.466
Cameroon,2000,CMR,23.778,3.876,0.887,1575.576,,,,,,,,,0,0,Low,0.887
Cameroon,2001,CMR,23.702,-0.321,-0.076,1529.81,,,,,,,,,0,0,Low,-0.076
Cameroon,2002,CMR,23.353,-1.47,-0.348,1467.472,,,,,,,,,0,0,Low,-0.348
Cameroon,2003,CMR,25.017,7.122,1.663,1529.664,,,,,,,,,0,0,Low,1.663
Cameroon,2004,CMR,26.078,4.243,1.061,1551.4,,,,,,,,,0,0,Low,1.061
Cameroon,2005,CMR,25.168,-3.489,-0.91,1456.898,,,,,,,,,0,0,Low,-0.91
Cameroon,2006,CMR,28.519,13.314,3.351,1606.583,,,,,,,,,0,0,Low,3.351
Cameroon,2007,CMR,30.068,5.431,1.549,1647.382,,,,,,,,,0,0,Low,1.549
Cameroon,2008,CMR,30.522,1.51,0.454,1625.477,,,,,,,,,0,0,Low,0.454
Cameroon,2009,CMR,32.761,7.336,2.239,1695.753,,,,,,,,,0,0,Low,2.239
Cameroon,2010,CMR,37.493,14.445,4.732,1886.151,,,,,,,,,0,0,Low,4.732
Cameroon,2011,CMR,39.491,5.329,1.998,1931.21,,,,,,,,,0,0,Low,1.998
Cameroon,2012,CMR,39.402,-0.225,-0.089,1873.383,,,,,,,,,0,0,Low,-0.089
Cameroon,2013,CMR,34.619,-12.14,-4.783,1600.295,,,,,,,,,0,0,Low,-4.783
Cameroon,2014,CMR,43.296,25.063,8.677,1941.542,,,,,,,,,0,0,Low,8.677
Cameroon,2015,CMR,43.457,0.373,0.161,1888.393,,,,,,,,,0,0,Low,0.161
Cameroon,2016,CMR,42.343,-2.564,-1.114,1785.731,,,,,,,,,0,0,Low,-1.114
Cameroon,2017,CMR,43.016,1.59,0.673,1763.443,,,,,,,,,0,0,Low,0.673
Cameroon,2018,CMR,43.803,1.829,0.787,1746.755,,,,,,,,,0,0,Low,0.787
Cameroon,2019,CMR,44.352,1.254,0.549,1720.249,,,,,,,,,0,0,Low,0.549
Cameroon,2020,CMR,46.575,5.011,2.222,1758.121,,,,,,,,,0,0,Low,2.222
Cameroon,2021,CMR,43.344,-6.936,-3.23,1593.62,,,,,,,,,0,0,Low,-3.23
Canada,1965,CAN,1389.036,,,70549.531,,,52795.883,74.835,,,17753.646,25.165,0,0,Low,0
Canada,1966,CAN,1478.791,6.462,89.755,73735.883,4.949,51.449,54396.625,73.772,10.96,38.306,19339.266,26.228,0.426784023,42.67840232,Low,51.449
Canada,1967,CAN,1546.292,4.565,67.5,75768.719,5.4,58.908,56342.758,74.362,2.215,8.592,19425.965,25.639,0.127288889,12.72888889,Low,58.908
Canada,1968,CAN,1645.59,6.422,99.299,79374.68,7.862,90.398,59822.867,75.368,2.268,8.901,19551.811,24.632,0.089638365,8.963836494,Low,90.398
Canada,1969,CAN,1745.348,6.062,99.758,82977.695,4.69,58.168,61729.375,74.393,10.246,41.589,21248.326,25.607,0.416898895,41.68988953,Low,58.169
Canada,1970,CAN,1868.563,7.06,123.216,87175.18,7.671,99.599,65222.242,74.817,5.297,23.616,21952.932,25.183,0.19166342,19.16634203,Low,99.6
Canada,1971,CAN,1927.145,3.135,58.582,88042.992,2.62,36.631,65542.641,74.444,4.746,21.951,22500.35,25.556,0.374705541,37.4705541,Low,36.631
Canada,1972,CAN,2074.272,7.634,147.126,93342.203,5.72,82.064,68251.75,73.12,13.268,65.063,25090.457,26.88,0.442226391,44.2226391,Low,82.063
Canada,1973,CAN,2252.543,8.594,178.272,100104.031,7.712,116.964,72601.023,72.526,11.151,61.307,27503,27.474,0.343895845,34.38958446,Low,116.965
Canada,1974,CAN,2323.399,3.146,70.856,101847.945,1.536,25.089,72712.945,71.394,7.363,45.767,29135.002,28.606,0.64591566,64.59156599,Medium,25.089
Canada,1975,CAN,2288.937,-1.483,-34.462,98932.938,-0.253,-4.191,71514.109,72.285,-4.581,-30.271,27418.84,27.715,0.878387789,87.83877894,Medium,-4.191
Canada,1976,CAN,2396.989,4.721,108.052,102251.375,3.737,61.827,73218.414,71.606,7.334,46.225,29032.961,28.394,0.42780328,42.78032799,Low,61.827
Canada,1977,CAN,2535.542,5.78,138.553,106915.836,5.245,90.017,76170.703,71.244,7.255,48.536,30745.145,28.756,0.350306381,35.0306381,Low,90.017
Canada,1978,CAN,2584.216,1.92,48.674,107843.352,-0.553,-9.989,74967.516,69.515,8.091,58.663,32875.832,30.485,1.205222501,120.5222501,High,-9.989
Canada,1979,CAN,2660.205,2.94,75.989,109839.055,2.09,37.543,75723.914,68.941,4.914,38.445,34115.145,31.059,0.50592849,50.59284896,Medium,37.544
Canada,1980,CAN,2711.693,1.936,51.489,110629.383,1.255,23.019,75759.719,68.481,3.471,28.469,34869.66,31.519,0.552914215,55.29142147,Medium,23.02
Canada,1981,CAN,2695.77,-0.587,-15.923,108631.281,-3.639,-67.568,72108.031,66.379,6.025,51.645,36523.25,33.621,-3.243421466,-324.3421466,Low,-67.568
Canada,1982,CAN,2614.628,-3.01,-81.142,104162.164,-2.945,-52.696,69187.883,66.423,-3.152,-28.446,34974.266,33.577,0.350570605,35.05706046,Low,-52.696
Canada,1983,CAN,2600.305,-0.548,-14.323,102532.727,-3.882,-67.42,65822.25,64.196,6.161,53.098,36710.477,35.804,-3.707184249,-370.7184249,Low,-67.421
Canada,1984,CAN,2766.163,6.378,165.858,108044.445,5.703,95.193,68919.906,63.788,7.587,70.665,39124.535,36.212,0.42605723,42.60572297,Low,95.193
Canada,1985,CAN,2857.275,3.294,91.112,110558.883,1.01,17.821,68964.555,62.378,7.39,73.291,41594.328,37.622,0.804405567,80.44055668,Medium,17.821
Canada,1986,CAN,2884.924,0.968,27.649,110465.453,-1.353,-24.112,67322.602,60.944,4.899,51.761,43142.848,39.056,1.872074939,187.2074939,High,-24.112
Canada,1987,CAN,2977.613,3.213,92.689,112631.016,3.286,57.781,68691.258,60.988,3.13,34.908,43939.754,39.012,0.376614269,37.66142692,Low,57.781
Canada,1988,CAN,3096.846,4.004,119.233,115489.023,7.088,128.709,72522.359,62.796,-0.756,-9.476,42966.656,37.204,-0.079474642,-7.947464209,Low,128.709
Canada,1989,CAN,3127.392,0.986,30.546,114790.242,4.509,87.678,74597.703,64.986,-4.976,-57.132,40192.531,35.014,-1.870359458,-187.0359458,Low,87.678
Canada,1990,CAN,3008.582,-3.799,-118.81,108781.125,-5.725,-116.355,69277.266,63.685,-0.307,-2.455,39503.855,36.315,0.020663244,2.066324383,Low,-116.355
Canada,1991,CAN,3020.828,0.407,12.246,107826,-2.914,-55.836,66397.602,61.578,6.316,68.082,41428.398,38.422,5.559529642,555.9529642,High,-55.836
Canada,1992,CAN,3101.725,2.678,80.898,109417.391,3.66,68.08,68021.859,62.167,1.042,12.817,41395.523,37.833,0.158434077,15.84340775,Low,68.081
Canada,1993,CAN,3180.007,2.524,78.281,110924.656,0.97,18.711,67914.031,61.225,5.167,59.57,43010.617,38.775,0.760976482,76.09764822,Medium,18.711
Canada,1994,CAN,3301.156,3.81,121.149,113906.836,3.204,62.385,69333.102,60.868,4.843,58.764,44573.73,39.132,0.485055593,48.50555927,Low,62.385
Canada,1995,CAN,3381.887,2.446,80.731,115464.414,4.282,86.044,71541.156,61.959,-0.524,-5.313,43923.258,38.041,-0.065811151,-6.581115061,Low,86.044
Canada,1996,CAN,3474.036,2.725,92.149,117390.445,2.123,44.48,72308.25,61.596,3.623,47.669,45082.199,38.404,0.517303498,51.73034976,Medium,44.48
Canada,1997,CAN,3491.245,0.495,17.209,116831.453,2.874,61.497,73667.141,63.054,-3.398,-44.288,43164.301,36.946,-2.573537103,-257.3537103,Low,61.497
Canada,1998,CAN,3441.169,-1.434,-50.076,114154.594,1.355,29.833,74016.383,64.839,-6.087,-79.909,40138.211,35.161,1.595754453,159.5754453,High,29.833
Canada,1999,CAN,3550.909,3.189,109.74,116807.078,2.776,61.946,75433.32,64.579,3.975,47.794,41373.758,35.421,0.435520321,43.55203208,Low,61.946
Canada,2000,CAN,3647.49,2.72,96.581,118875.336,2.766,63.421,76803.211,64.608,2.627,33.159,42072.125,35.392,0.343328398,34.33283979,Low,63.422
Canada,2001,CAN,3572.098,-2.067,-75.392,115218.68,-0.279,-6.569,75799.945,65.788,-4.673,-68.823,39418.73,34.212,0.912868739,91.28687394,Medium,-6.569
Canada,2002,CAN,3693.393,3.396,121.295,117915.383,3.361,78.98,77547.969,65.766,4.066,42.314,40367.406,34.234,0.348851972,34.88519725,Low,78.981
Canada,2003,CAN,3711.021,0.477,17.628,117365.117,2.734,66.404,78919.539,67.243,-3.202,-48.776,38445.578,32.757,-2.766961652,-276.6961652,Low,66.404
Canada,2004,CAN,3768.068,1.537,57.046,118078.047,0.544,13.58,78622.414,66.585,4.329,43.466,39455.621,33.415,0.761946499,76.19464993,Medium,13.58
Canada,2005,CAN,3793.256,0.668,25.188,117744.773,-1.556,-39.04,76668.094,65.114,5.783,64.228,41076.691,34.886,2.549944418,254.9944418,High,-39.04
Canada,2006,CAN,3771.95,-0.562,-21.306,115946.312,-0.217,-5.351,75759.008,65.34,-0.531,-15.955,40187.312,34.66,0.748850089,74.88500892,Medium,-5.351
Canada,2007,CAN,3915.844,3.815,143.895,119158.602,4.661,114.875,78492.523,65.872,3.579,29.019,40666.066,34.128,0.201667883,20.16678828,Low,114.876
Canada,2008,CAN,3869.268,-1.189,-46.577,116479.148,-2.852,-73.576,75436.227,64.764,2.859,27,41042.934,35.236,-0.579685252,-57.96852524,Low,-73.577
Canada,2009,CAN,3717.698,-3.917,-151.569,110665.805,-4.545,-113.905,71202.664,64.34,-2.258,-37.665,39463.152,35.66,0.248500683,24.85006829,Low,-113.904
Canada,2010,CAN,3752.479,0.936,34.781,110485.93,3.228,77.219,72701.617,65.802,-2.419,-42.438,37784.305,34.198,-1.220148932,-122.0148932,Low,77.219
Canada,2011,CAN,3893.982,3.771,141.502,113449.32,2.559,63.195,73780,65.033,7.498,78.307,39669.328,34.967,0.553398539,55.33985385,Medium,63.195
Canada,2012,CAN,3905.844,0.305,11.862,112586.703,-0.286,-7.251,72787.633,64.65,2.579,19.113,39799.074,35.35,1.611279717,161.1279717,High,-7.251
Canada,2013,CAN,3999.053,2.386,93.209,114051.086,1.834,46.318,73336.75,64.302,3.885,46.891,40714.336,35.698,0.503073738,50.30737375,Medium,46.318
Canada,2014,CAN,4007.746,0.217,8.694,113198.414,1.136,29.213,73455.703,64.891,-0.693,-20.52,39742.711,35.109,-2.360248447,-236.0248447,Low,29.214
Canada,2015,CAN,4019.313,0.289,11.566,112484.586,-0.191,-4.957,72643.711,64.581,1.497,16.524,39840.879,35.419,1.42867024,142.867024,High,-4.958
Canada,2016,CAN,3983.994,-0.879,-35.319,110318.586,-2.011,-52.207,70430.844,63.843,1.58,16.888,39887.746,36.157,-0.478156233,-47.81562332,Low,-52.207
Canada,2017,CAN,4038.178,1.36,54.184,110470.539,1.378,35.054,70540.469,63.855,2.268,19.13,39930.078,36.145,0.353056253,35.30562528,Low,35.054
Canada,2018,CAN,4090.168,1.287,51.99,110439.844,3.102,79.99,71784.305,64.999,-1.222,-28,38655.531,35.001,-0.538565109,-53.85651087,Low,79.99
Canada,2019,CAN,4067.85,-0.546,-22.318,108410.719,-0.237,-6.303,70684.023,65.2,-0.696,-16.015,37726.695,34.8,0.717582221,71.75822206,Medium,-6.303
Canada,2020,CAN,3821.683,-6.052,-246.167,100866.023,-9.485,-251.566,63361.395,62.817,0.502,5.399,37504.629,37.183,-0.021932265,-2.193226549,Low,-251.566
Canada,2021,CAN,3866.976,1.185,45.293,101349.102,2.675,64.224,64602.387,63.742,-0.83,-18.931,36746.715,36.258,-0.417967456,-41.79674563,Low,64.224
Canada,2022,CAN,3971.974,2.715,104.998,103290.68,3.102,76.466,66088.039,63.983,2.87,28.531,37202.633,36.017,0.271728985,27.17289853,Low,76.467
Canada,2023,CAN,3874.887,-2.444,-97.087,99916.398,-0.877,-22.292,64956.051,65.01,-4.294,-74.795,34960.352,34.99,0.770391505,77.03915045,Medium,-22.292
Cape Verde,1980,CPV,1.2,,,3782.307,,,,,,,,,0,0,Low,0
Cape Verde,1981,CPV,1.197,-0.273,-0.003,3720.501,,,,,,,,,0,0,Low,-0.003
Cape Verde,1982,CPV,0.513,-57.143,-0.684,1571.594,,,,,,,,,0,0,Low,-0.684
Cape Verde,1983,CPV,0.513,0,0,1549.491,,,,,,,,,0,0,Low,0
Cape Verde,1984,CPV,0.629,22.557,0.116,1873.538,,,,,,,,,0,0,Low,0.116
Cape Verde,1985,CPV,0.627,-0.273,-0.002,1844.182,,,,,,,,,0,0,Low,-0.002
Cape Verde,1986,CPV,0.192,-69.301,-0.434,558.922,,,,,,,,,0,0,Low,-0.434
Cape Verde,1987,CPV,0.204,6.181,0.012,585.908,,,,,,,,,0,0,Low,0.012
Cape Verde,1988,CPV,0.282,38.103,0.078,798.823,,,,,,,,,0,0,Low,0.078
Cape Verde,1989,CPV,0.344,21.857,0.062,960.039,,,,,,,,,0,0,Low,0.062
Cape Verde,1990,CPV,0.344,0,0,943.154,,,,,,,,,0,0,Low,0
Cape Verde,1991,CPV,0.344,0,0,922.504,,,,,,,,,0,0,Low,0
Cape Verde,1992,CPV,0.407,18.406,0.063,1065.922,,,,,,,,,0,0,Low,0.063
Cape Verde,1993,CPV,0.412,1.244,0.005,1052.166,,,,,,,,,0,0,Low,0.005
Cape Verde,1994,CPV,0.49,18.95,0.078,1220.704,,,,,,,,,0,0,Low,0.078
Cape Verde,1995,CPV,0.48,-2.032,-0.01,1167.612,,,,,,,,,0,0,Low,-0.01
Cape Verde,1996,CPV,0.542,12.801,0.061,1286.975,,,,,,,,,0,0,Low,0.061
Cape Verde,1997,CPV,0.54,-0.279,-0.002,1254.643,,,,,,,,,0,0,Low,-0.002
Cape Verde,1998,CPV,0.543,0.547,0.003,1234.108,,,,,,,,,0,0,Low,0.003
Cape Verde,1999,CPV,0.543,0.014,0,1208.454,,,,,,,,,0,0,Low,0
Cape Verde,2000,CPV,1.366,151.454,0.823,2981.49,,,,,,,,,0,0,Low,0.823
Cape Verde,2001,CPV,1.521,11.318,0.155,3263.994,,,,,,,,,0,0,Low,0.155
Cape Verde,2002,CPV,1.653,8.676,0.132,3492.702,,,,,,,,,0,0,Low,0.132
Cape Verde,2003,CPV,1.643,-0.606,-0.01,3421.961,,,,,,,,,0,0,Low,-0.01
Cape Verde,2004,CPV,1.796,9.351,0.154,3692.002,,,,,,,,,0,0,Low,0.154
Cape Verde,2005,CPV,2.802,55.967,1.005,5685.298,,,,,,,,,0,0,Low,1.005
Cape Verde,2006,CPV,2.977,6.257,0.175,5967.698,,,,,,,,,0,0,Low,0.175
Cape Verde,2007,CPV,3.318,11.449,0.341,6573.914,,,,,,,,,0,0,Low,0.341
Cape Verde,2008,CPV,3.363,1.345,0.045,6589.225,,,,,,,,,0,0,Low,0.045
Cape Verde,2009,CPV,3.185,-5.28,-0.178,6177.154,,,,,,,,,0,0,Low,-0.178
Cape Verde,2010,CPV,3.41,7.064,0.225,6542.746,,,,,,,,,0,0,Low,0.225
Cape Verde,2011,CPV,4.058,19.002,0.648,7692.892,,,,,,,,,0,0,Low,0.648
Cape Verde,2012,CPV,3.641,-10.279,-0.417,6820.054,,,,,,,,,0,0,Low,-0.417
Cape Verde,2013,CPV,3.583,-1.584,-0.058,6636.519,,,,,,,,,0,0,Low,-0.058
Cape Verde,2014,CPV,3.865,7.853,0.281,7077.256,,,,,,,,,0,0,Low,0.281
Cape Verde,2015,CPV,3.818,-1.198,-0.046,6915.403,,,,,,,,,0,0,Low,-0.046
Cape Verde,2016,CPV,3.988,4.444,0.17,7142.143,,,,,,,,,0,0,Low,0.17
Cape Verde,2017,CPV,4.231,6.092,0.243,7489.28,,,,,,,,,0,0,Low,0.243
Cape Verde,2018,CPV,4.282,1.194,0.051,7495.767,,,,,,,,,0,0,Low,0.051
Cape Verde,2019,CPV,4.261,-0.487,-0.021,7383.928,,,,,,,,,0,0,Low,-0.021
Cape Verde,2020,CPV,4.049,-4.966,-0.212,6949.681,,,,,,,,,0,0,Low,-0.212
Cape Verde,2021,CPV,4.262,5.261,0.213,7249.497,,,,,,,,,0,0,Low,0.213
Cayman Islands,1980,CYM,0.413,,,24141.857,,,,,,,,,0,0,Low,0
Cayman Islands,1981,CYM,0.471,13.973,0.058,26281.291,,,,,,,,,0,0,Low,0.058
Cayman Islands,1982,CYM,0.471,0,0,25125.037,,,,,,,,,0,0,Low,0
Cayman Islands,1983,CYM,0.412,-12.5,-0.059,21036.465,,,,,,,,,0,0,Low,-0.059
Cayman Islands,1984,CYM,0.472,14.599,0.06,23094.074,,,,,,,,,0,0,Low,0.06
Cayman Islands,1985,CYM,0.471,-0.273,-0.001,22078.008,,,,,,,,,0,0,Low,-0.001
Cayman Islands,1986,CYM,0.445,-5.48,-0.026,20041.672,,,,,,,,,0,0,Low,-0.026
Cayman Islands,1987,CYM,0.47,5.617,0.025,20365.4,,,,,,,,,0,0,Low,0.025
Cayman Islands,1988,CYM,1.145,143.528,0.675,47761.172,,,,,,,,,0,0,Low,0.675
Cayman Islands,1989,CYM,1.142,-0.261,-0.003,45860.078,,,,,,,,,0,0,Low,-0.003
Cayman Islands,1990,CYM,1.214,6.293,0.072,46614.609,,,,,,,,,0,0,Low,0.072
Cayman Islands,1991,CYM,1.202,-1.02,-0.012,43926.918,,,,,,,,,0,0,Low,-0.012
Cayman Islands,1992,CYM,1.219,1.431,0.017,42476.656,,,,,,,,,0,0,Low,0.017
Cayman Islands,1993,CYM,1.155,-5.234,-0.064,38432.383,,,,,,,,,0,0,Low,-0.064
Cayman Islands,1994,CYM,1.333,15.363,0.177,42393.613,,,,,,,,,0,0,Low,0.177
Cayman Islands,1995,CYM,1.428,7.136,0.095,43503.664,,,,,,,,,0,0,Low,0.095
Cayman Islands,1996,CYM,1.432,0.274,0.004,41846.883,,,,,,,,,0,0,Low,0.004
Cayman Islands,1997,CYM,1.428,-0.255,-0.004,40113.988,,,,,,,,,0,0,Low,-0.004
Cayman Islands,1998,CYM,1.428,0,0,38631.781,,,,,,,,,0,0,Low,0
Cayman Islands,1999,CYM,1.428,0,0,37270.918,,,,,,,,,0,0,Low,0
Cayman Islands,2000,CYM,2.083,45.835,0.655,52485.707,,,,,,,,,0,0,Low,0.655
Cayman Islands,2001,CYM,2.109,1.263,0.026,51350.027,,,,,,,,,0,0,Low,0.026
Cayman Islands,2002,CYM,2.186,3.661,0.077,51466.68,,,,,,,,,0,0,Low,0.077
Cayman Islands,2003,CYM,2.215,1.293,0.028,50467.512,,,,,,,,,0,0,Low,0.028
Cayman Islands,2004,CYM,2.093,-5.481,-0.121,46195.98,,,,,,,,,0,0,Low,-0.121
Cayman Islands,2005,CYM,2.155,2.945,0.062,46092.508,,,,,,,,,0,0,Low,0.062
Cayman Islands,2006,CYM,2.186,1.426,0.031,45344.523,,,,,,,,,0,0,Low,0.031
Cayman Islands,2007,CYM,2.612,19.516,0.427,52593.047,,,,,,,,,0,0,Low,0.427
Cayman Islands,2008,CYM,2.682,2.691,0.07,52451.508,,,,,,,,,0,0,Low,0.07
Cayman Islands,2009,CYM,2.489,-7.206,-0.193,47302.73,,,,,,,,,0,0,Low,-0.193
Cayman Islands,2010,CYM,2.501,0.464,0.012,46226.355,,,,,,,,,0,0,Low,0.012
Cayman Islands,2011,CYM,2.633,5.278,0.132,47423.246,,,,,,,,,0,0,Low,0.132
Cayman Islands,2012,CYM,2.432,-7.611,-0.2,42757.977,,,,,,,,,0,0,Low,-0.2
Cayman Islands,2013,CYM,2.401,-1.287,-0.031,41230.707,,,,,,,,,0,0,Low,-0.031
Cayman Islands,2014,CYM,2.441,1.686,0.04,40977.293,,,,,,,,,0,0,Low,0.04
Cayman Islands,2015,CYM,2.582,5.777,0.141,42380.68,,,,,,,,,0,0,Low,0.141
Cayman Islands,2016,CYM,2.548,-1.345,-0.035,40911.793,,,,,,,,,0,0,Low,-0.035
Cayman Islands,2017,CYM,2.955,15.996,0.408,46465.98,,,,,,,,,0,0,Low,0.408
Cayman Islands,2018,CYM,2.759,-6.646,-0.196,42507.164,,,,,,,,,0,0,Low,-0.196
Cayman Islands,2019,CYM,3.343,21.164,0.584,50531.711,,,,,,,,,0,0,Low,0.584
Cayman Islands,2020,CYM,2.826,-15.445,-0.516,41981.379,,,,,,,,,0,0,Low,-0.516
Cayman Islands,2021,CYM,3.01,6.503,0.184,44166.766,,,,,,,,,0,0,Low,0.184
Central African Republic,1980,CAF,0.804,,,333.019,,,,,,,,,0,0,Low,0
Central African Republic,1981,CAF,0.981,22.015,0.177,402.049,,,,,,,,,0,0,Low,0.177
Central African Republic,1982,CAF,1.051,7.07,0.069,425.83,,,,,,,,,0,0,Low,0.069
Central African Republic,1983,CAF,1.1,4.678,0.049,440.845,,,,,,,,,0,0,Low,0.049
Central African Republic,1984,CAF,1.056,-4.007,-0.044,418.412,,,,,,,,,0,0,Low,-0.044
Central African Republic,1985,CAF,1.026,-2.815,-0.03,401.931,,,,,,,,,0,0,Low,-0.03
Central African Republic,1986,CAF,1.256,22.364,0.229,486.002,,,,,,,,,0,0,Low,0.229
Central African Republic,1987,CAF,1.163,-7.399,-0.093,444.545,,,,,,,,,0,0,Low,-0.093
Central African Republic,1988,CAF,1.166,0.299,0.003,438.889,,,,,,,,,0,0,Low,0.003
Central African Republic,1989,CAF,1.166,-0.012,0,428.061,,,,,,,,,0,0,Low,0
Central African Republic,1990,CAF,1.24,6.338,0.074,441.403,,,,,,,,,0,0,Low,0.074
Central African Republic,1991,CAF,1.3,4.839,0.06,448.579,,,,,,,,,0,0,Low,0.06
Central African Republic,1992,CAF,1.25,-3.812,-0.05,417.971,,,,,,,,,0,0,Low,-0.05
Central African Republic,1993,CAF,1.364,9.073,0.113,441.517,,,,,,,,,0,0,Low,0.113
Central African Republic,1994,CAF,1.431,4.902,0.067,448.819,,,,,,,,,0,0,Low,0.067
Central African Republic,1995,CAF,1.434,0.195,0.003,437.501,,,,,,,,,0,0,Low,0.003
Central African Republic,1996,CAF,1.503,4.843,0.069,446.845,,,,,,,,,0,0,Low,0.069
Central African Republic,1997,CAF,1.503,-0.022,0,434.488,,,,,,,,,0,0,Low,0
Central African Republic,1998,CAF,1.496,-0.424,-0.006,420.892,,,,,,,,,0,0,Low,-0.006
Central African Republic,1999,CAF,1.497,0.046,0.001,409.533,,,,,,,,,0,0,Low,0.001
Central African Republic,2000,CAF,1.446,-3.391,-0.051,384.72,,,,,,,,,0,0,Low,-0.051
Central African Republic,2001,CAF,1.485,2.709,0.039,386.345,,,,,,,,,0,0,Low,0.039
Central African Republic,2002,CAF,1.468,-1.143,-0.017,373.586,,,,,,,,,0,0,Low,-0.017
Central African Republic,2003,CAF,1.381,-5.988,-0.088,342.826,,,,,,,,,0,0,Low,-0.088
Central African Republic,2004,CAF,1.479,7.113,0.098,359.333,,,,,,,,,0,0,Low,0.098
Central African Republic,2005,CAF,1.482,0.221,0.003,352.11,,,,,,,,,0,0,Low,0.003
Central African Republic,2006,CAF,1.538,3.752,0.056,358.046,,,,,,,,,0,0,Low,0.056
Central African Republic,2007,CAF,1.528,-0.597,-0.009,349.302,,,,,,,,,0,0,Low,-0.009
Central African Republic,2008,CAF,1.236,-19.155,-0.293,276.599,,,,,,,,,0,0,Low,-0.293
Central African Republic,2009,CAF,1.189,-3.734,-0.046,260.595,,,,,,,,,0,0,Low,-0.046
Central African Republic,2010,CAF,1.212,1.867,0.022,260.018,,,,,,,,,0,0,Low,0.022
Central African Republic,2011,CAF,1.323,9.145,0.111,279.481,,,,,,,,,0,0,Low,0.111
Central African Republic,2012,CAF,1.349,1.966,0.026,282.513,,,,,,,,,0,0,Low,0.026
Central African Republic,2013,CAF,0.993,-26.356,-0.355,206.793,,,,,,,,,0,0,Low,-0.355
Central African Republic,2014,CAF,1.143,15.117,0.15,238.238,,,,,,,,,0,0,Low,0.15
Central African Republic,2015,CAF,1.431,25.202,0.288,297.004,,,,,,,,,0,0,Low,0.288
Central African Republic,2016,CAF,1.507,5.29,0.076,307.305,,,,,,,,,0,0,Low,0.076
Central African Republic,2017,CAF,1.507,0.018,0,301.667,,,,,,,,,0,0,Low,0
Central African Republic,2018,CAF,1.541,2.23,0.034,302.459,,,,,,,,,0,0,Low,0.034
Central African Republic,2019,CAF,1.559,1.14,0.018,299.18,,,,,,,,,0,0,Low,0.018
Central African Republic,2020,CAF,1.5,-3.756,-0.059,280.739,,,,,,,,,0,0,Low,-0.059
Central African Republic,2021,CAF,1.561,4.098,0.061,286.132,,,,,,,,,0,0,Low,0.061
Chad,1980,TCD,1.208,,,274.037,,,,,,,,,0,0,Low,0
Chad,1981,TCD,1.144,-5.26,-0.064,259.565,,,,,,,,,0,0,Low,-0.064
Chad,1982,TCD,1.144,0,0,247.572,,,,,,,,,0,0,Low,0
Chad,1983,TCD,1.144,0,0,235.53,,,,,,,,,0,0,Low,0
Chad,1984,TCD,0.544,-52.502,-0.601,110.477,,,,,,,,,0,0,Low,-0.601
Chad,1985,TCD,0.663,21.888,0.119,133.384,,,,,,,,,0,0,Low,0.119
Chad,1986,TCD,1.144,72.727,0.482,223.612,,,,,,,,,0,0,Low,0.482
Chad,1987,TCD,1.017,-11.18,-0.128,191.766,,,,,,,,,0,0,Low,-0.128
Chad,1988,TCD,0.618,-39.251,-0.399,112.625,,,,,,,,,0,0,Low,-0.399
Chad,1989,TCD,0.677,9.656,0.06,119.415,,,,,,,,,0,0,Low,0.06
Chad,1990,TCD,1.419,109.571,0.742,243.54,,,,,,,,,0,0,Low,0.742
Chad,1991,TCD,1.388,-2.221,-0.032,229.644,,,,,,,,,0,0,Low,-0.032
Chad,1992,TCD,1.391,0.274,0.004,220.756,,,,,,,,,0,0,Low,0.004
Chad,1993,TCD,0.668,-52.015,-0.724,103.542,,,,,,,,,0,0,Low,-0.724
Chad,1994,TCD,0.73,9.333,0.062,110.72,,,,,,,,,0,0,Low,0.062
Chad,1995,TCD,0.73,0,0,105.965,,,,,,,,,0,0,Low,0
Chad,1996,TCD,0.732,0.274,0.002,101.66,,,,,,,,,0,0,Low,0.002
Chad,1997,TCD,0.791,8.013,0.059,106.113,,,,,,,,,0,0,Low,0.059
Chad,1998,TCD,0.791,0,0,102.558,,,,,,,,,0,0,Low,0
Chad,1999,TCD,0.791,0,0,99.053,,,,,,,,,0,0,Low,0
Chad,2000,TCD,1.032,30.543,0.241,124.966,,,,,,,,,0,0,Low,0.241
Chad,2001,TCD,0.991,-4.019,-0.041,116.015,,,,,,,,,0,0,Low,-0.041
Chad,2002,TCD,0.978,-1.286,-0.013,110.642,,,,,,,,,0,0,Low,-0.013
Chad,2003,TCD,0.967,-1.152,-0.011,105.11,,,,,,,,,0,0,Low,-0.011
Chad,2004,TCD,1.018,5.357,0.052,105.936,,,,,,,,,0,0,Low,0.052
Chad,2005,TCD,1.096,7.629,0.078,109.556,,,,,,,,,0,0,Low,0.078
Chad,2006,TCD,1.113,1.51,0.017,107.341,,,,,,,,,0,0,Low,0.017
Chad,2007,TCD,1.228,10.358,0.115,114.514,,,,,,,,,0,0,Low,0.115
Chad,2008,TCD,1.288,4.864,0.06,116.017,,,,,,,,,0,0,Low,0.06
Chad,2009,TCD,1.404,9.025,0.116,122.114,,,,,,,,,0,0,Low,0.116
Chad,2010,TCD,1.557,10.92,0.153,130.909,,,,,,,,,0,0,Low,0.153
Chad,2011,TCD,2.229,43.128,0.672,180.934,,,,,,,,,0,0,Low,0.672
Chad,2012,TCD,3.859,73.162,1.631,302.571,,,,,,,,,0,0,Low,1.631
Chad,2013,TCD,4.003,3.72,0.144,302.861,,,,,,,,,0,0,Low,0.144
Chad,2014,TCD,4.16,3.935,0.158,303.739,,,,,,,,,0,0,Low,0.158
Chad,2015,TCD,4.219,1.402,0.058,298.346,,,,,,,,,0,0,Low,0.058
Chad,2016,TCD,4.182,-0.867,-0.037,286.591,,,,,,,,,0,0,Low,-0.037
Chad,2017,TCD,6.732,60.976,2.55,446.255,,,,,,,,,0,0,Low,2.55
Chad,2018,TCD,7.133,5.954,0.401,457.118,,,,,,,,,0,0,Low,0.401
Chad,2019,TCD,7.389,3.59,0.256,458.181,,,,,,,,,0,0,Low,0.256
Chad,2020,TCD,6.2,-16.087,-1.189,372.511,,,,,,,,,0,0,Low,-1.189
Chad,2021,TCD,6.205,0.07,0.004,361.161,,,,,,,,,0,0,Low,0.004
Chile,1965,CHL,72.433,,,8052.618,,,6752.783,83.858,,,1299.834,16.142,0,0,Low,0
Chile,1966,CHL,77.675,7.238,5.242,8478.296,7.589,4.61,7133.043,84.133,5.412,0.633,1345.252,15.867,0.120755437,12.07554369,Low,4.609
Chile,1967,CHL,79.188,1.948,1.513,8490.884,1.922,1.256,7141.793,84.111,2.087,0.257,1349.091,15.889,0.169861203,16.98612029,Low,1.256
Chile,1968,CHL,78.859,-0.416,-0.329,8308.368,2.569,1.711,7197.726,86.632,-16.216,-2.04,1110.643,13.368,6.200607903,620.0607903,High,1.711
Chile,1969,CHL,84.996,7.783,6.138,8802.17,6.997,4.78,7569.925,86.001,12.875,1.357,1232.245,13.999,0.221081786,22.10817856,Low,4.781
Chile,1970,CHL,89.744,5.586,4.747,9138.438,5.35,3.911,7841.582,85.809,7.033,0.837,1296.856,14.191,0.176321888,17.63218875,Low,3.91
Chile,1971,CHL,97.109,8.207,7.365,9726.127,7.363,5.67,8280.784,85.14,13.188,1.695,1445.343,14.86,0.230142566,23.01425662,Low,5.67
Chile,1972,CHL,98.945,1.89,1.836,9752.355,-1.039,-0.859,8064.408,82.692,18.708,2.695,1687.947,17.308,1.467864924,146.7864924,High,-0.859
Chile,1973,CHL,95.742,-3.237,-3.203,9288.252,-3.404,-2.785,7667.433,82.55,-2.437,-0.418,1620.819,17.45,0.130502654,13.05026538,Low,-2.785
Chile,1974,CHL,95.927,0.194,0.185,9159.701,-2.622,-2.073,7348.8,80.23,13.532,2.258,1810.902,19.77,12.20540541,1220.540541,High,-2.073
Chile,1975,CHL,86.828,-9.485,-9.099,8160.892,-11.936,-9.186,6370.207,78.058,0.452,0.087,1790.685,21.942,-0.00956149,-0.956149027,Low,-9.186
Chile,1976,CHL,90.164,3.842,3.336,8344.733,3.898,2.642,6517.207,78.1,3.619,0.694,1827.527,21.9,0.208033573,20.80335731,Low,2.642
Chile,1977,CHL,94.378,4.674,4.214,8603.389,4.399,3.098,6701.576,77.895,5.65,1.116,1901.813,22.105,0.264831514,26.4831514,Low,3.098
Chile,1978,CHL,98.103,3.947,3.725,8808.158,3.885,2.856,6856.991,77.848,4.157,0.869,1951.167,22.152,0.233288591,23.32885906,Low,2.856
Chile,1979,CHL,103.576,5.579,5.473,9162.548,6.392,4.881,7187.755,78.447,2.724,0.592,1974.794,21.553,0.108167367,10.81673671,Low,4.881
Chile,1980,CHL,106.976,3.283,3.4,9326.774,2.602,2.114,7268.36,77.93,5.754,1.286,2058.414,22.07,0.378235294,37.82352941,Low,2.114
Chile,1981,CHL,107.583,0.567,0.606,9244.396,-0.282,-0.235,7143.397,77.273,3.561,0.841,2100.998,22.727,1.387788779,138.7788779,High,-0.235
Chile,1982,CHL,100.631,-6.462,-6.952,8522.713,-11.183,-9.297,6253.296,73.372,9.576,2.345,2269.417,26.628,-0.337313003,-33.73130035,Low,-9.297
Chile,1983,CHL,104.541,3.886,3.91,8728.868,2.19,1.617,6299.989,72.174,8.507,2.294,2428.879,27.826,0.586700767,58.67007673,Medium,1.616
Chile,1984,CHL,108.525,3.81,3.983,8933.708,3.89,2.935,6452.79,72.23,3.615,1.048,2480.917,27.77,0.263118253,26.31182526,Low,2.935
Chile,1985,CHL,109.9,1.267,1.375,8915.816,-2.352,-1.843,6209.725,69.648,10.702,3.219,2706.091,30.352,2.341090909,234.1090909,High,-1.844
Chile,1986,CHL,114.165,3.881,4.265,9122.625,2.282,1.747,6255.953,68.576,7.501,2.519,2866.673,31.424,0.590621336,59.06213365,Medium,1.746
Chile,1987,CHL,119.833,4.964,5.668,9426.156,3.525,2.76,6375.483,67.636,8.126,2.908,3050.673,32.364,0.513055752,51.30557516,Medium,2.76
Chile,1988,CHL,133.717,11.586,13.884,10350.882,17.876,14.489,7395.583,71.449,-1.596,-0.605,2955.299,28.551,-0.043575339,-4.357533852,Low,14.489
Chile,1989,CHL,147.822,10.549,14.106,11259.547,21.021,20.083,8806.874,78.217,-15.685,-5.977,2452.674,21.783,-0.423720403,-42.37204027,Low,20.083
Chile,1990,CHL,155.681,5.316,7.858,11667.694,9.12,10.545,9455.743,81.042,-8.833,-2.686,2211.952,18.958,-0.341817256,-34.18172563,Low,10.544
Chile,1991,CHL,174.964,12.387,19.284,12901.113,5.277,6.658,9793.925,75.915,43.054,12.626,3107.189,24.085,0.654739681,65.47396806,Medium,6.658
Chile,1992,CHL,194.194,10.991,19.23,14090.1,4.747,6.305,10094.797,71.645,30.451,12.925,3995.302,28.355,0.672126885,67.21268851,Medium,6.305
Chile,1993,CHL,205.228,5.682,11.034,14660.837,6.901,9.601,10624.817,72.471,2.62,1.433,4036.021,27.529,0.129871307,12.98713069,Low,9.601
Chile,1994,CHL,215.481,4.996,10.253,15163.331,7.277,10.824,11227.762,74.045,-1.033,-0.571,3935.57,25.955,-0.055691017,-5.569101726,Low,10.824
Chile,1995,CHL,232.236,7.775,16.754,16108.677,7.668,12.234,11915.834,73.972,8.104,4.52,4192.843,26.028,0.26978632,26.97863197,Low,12.234
Chile,1996,CHL,245.845,5.86,13.609,16820.854,10.835,18.614,13027.43,77.448,-8.285,-5.005,3793.422,22.552,-0.367771328,-36.77713278,Low,18.614
Chile,1997,CHL,281.059,14.324,35.214,18978.543,15.272,29.078,14820.429,78.09,11.147,6.136,4158.113,21.91,0.174248878,17.42488783,Low,29.078
Chile,1998,CHL,281.476,0.148,0.417,18769.127,5.086,11.163,15379.562,81.941,-17.344,-10.746,3389.565,18.059,-25.76978417,-2576.978417,Low,11.163
Chile,1999,CHL,293.115,4.135,11.639,19313.859,7.673,17.696,16363.512,84.724,-12.114,-6.057,2950.35,15.276,-0.520405533,-52.04055331,Low,17.696
Chile,2000,CHL,307.391,4.87,14.276,20023.135,-0.709,-1.76,16061.935,80.217,36.128,16.036,3961.202,19.783,1.123283833,112.3283833,High,-1.76
Chile,2001,CHL,313.345,1.937,5.954,20184.58,-0.94,-2.319,15734.414,77.953,14.245,8.273,4450.168,22.047,1.38948606,138.948606,High,-2.319
Chile,2002,CHL,320.801,2.38,7.457,20441.285,1.292,3.156,15765.249,77.125,6.868,4.3,4676.036,22.875,0.576639399,57.66393992,Medium,3.157
Chile,2003,CHL,322.49,0.526,1.688,20334.662,1.653,4.09,15858.839,77.989,-2.683,-2.402,4475.823,22.011,-1.422985782,-142.2985782,Low,4.09
Chile,2004,CHL,344.299,6.763,21.809,21494.553,10.285,25.868,17316.486,80.562,-5.347,-4.058,4178.065,19.438,-0.186069971,-18.60699711,Low,25.867
Chile,2005,CHL,357.327,3.784,13.028,22090.879,0.355,0.985,17208.912,77.901,18.983,12.043,4881.965,22.099,0.924393614,92.43936138,Medium,0.985
Chile,2006,CHL,369.682,3.458,12.355,22631.893,2.318,6.452,17436.092,77.042,8.332,5.904,5195.802,22.958,0.477863213,47.78632133,Low,6.451
Chile,2007,CHL,369.299,-0.104,-0.384,22387.779,4.457,12.695,18035.553,80.56,-15.55,-13.079,4352.228,19.44,34.05989583,3405.989583,High,12.695
Chile,2008,CHL,369.306,0.002,0.007,22165.26,-2.673,-7.951,17378.723,78.405,11.383,7.958,4786.54,21.595,1136.857143,113685.7143,High,-7.951
Chile,2009,CHL,354.372,-4.044,-14.933,21051.678,-5.715,-16.549,16218.079,77.039,2.716,1.615,4833.6,22.961,-0.108149735,-10.81497355,Low,-16.548
Chile,2010,CHL,363.948,2.702,9.575,21403.439,6.868,18.75,17157.926,80.164,-11.004,-9.175,4245.514,19.836,-0.958224543,-95.82245431,Low,18.75
Chile,2011,CHL,385.712,5.98,21.764,22459.619,7.771,22.672,18308.828,81.519,-1.315,-0.908,4150.789,18.481,-0.041720272,-4.172027201,Low,22.672
Chile,2012,CHL,402.747,4.416,17.035,23224.074,4.076,12.815,18870.238,81.253,5.532,4.219,4353.833,18.747,0.247666569,24.76665688,Low,12.816
Chile,2013,CHL,413.759,2.734,11.013,23629.986,2.672,8.743,19188.342,81.203,3.017,2.27,4441.646,18.797,0.20612004,20.612004,Low,8.743
Chile,2014,CHL,409.534,-1.021,-4.225,23154.375,-2.966,-9.965,18432.725,79.608,9.438,5.739,4721.649,20.392,-1.358343195,-135.8343195,Low,-9.964
Chile,2015,CHL,414.23,1.147,4.696,23180.021,-0.776,-2.529,18102.402,78.095,9.105,7.225,5077.62,21.905,1.538543441,153.8543441,High,-2.529
Chile,2016,CHL,433.903,4.749,19.674,23993.93,7.063,22.849,19151.92,79.82,-3.819,-3.175,4842.009,20.18,-0.161380502,-16.13805022,Low,22.849
Chile,2017,CHL,450.347,3.79,16.444,24517.238,1.009,3.496,19045.4,77.682,15.539,12.948,5471.836,22.318,0.787399659,78.73996595,Medium,3.496
Chile,2018,CHL,468.278,3.982,17.931,25039.641,1.284,4.491,18946.553,75.666,13.594,13.44,6093.088,24.334,0.749539903,74.9539903,Medium,4.491
Chile,2019,CHL,473.979,1.217,5.701,24894.514,2.382,8.439,19053.412,76.537,-1.609,-2.738,5841.104,23.463,-0.48026662,-48.02666199,Low,8.439
Chile,2020,CHL,442.478,-6.646,-31.501,22925.926,-9.568,-34.711,16997.432,74.141,3.754,3.21,5928.491,25.859,-0.101901527,-10.19015269,Low,-34.711
Chile,2021,CHL,476.857,7.77,34.379,24462.756,9.955,32.659,18504.689,75.644,2.219,1.72,5958.066,24.356,0.050030542,5.00305419,Low,32.659
Chile,2022,CHL,503.505,5.588,26.648,25684.15,1.78,6.422,18727.951,72.916,18.693,20.226,6956.2,27.084,0.759006304,75.90063044,Medium,6.422
Chile,2023,CHL,504.068,0.112,0.562,25678.967,-4.623,-16.973,17838.598,69.468,13.548,17.536,7840.368,30.532,31.20284698,3120.284698,High,-16.974
China,1965,CHN,1536.194,,,2122.266,,,2031.997,95.747,,,90.269,4.253,0,0,Low,0
China,1966,CHN,1669.308,8.665,133.114,2246.869,8.972,131.964,2157.373,96.017,1.76,1.15,89.496,3.983,0.008639212,0.86392115,Low,131.964
China,1967,CHN,1501.068,-10.078,-168.24,1972.478,-9.924,-159.066,1897.161,96.182,-13.797,-9.174,75.317,3.818,0.054529244,5.452924394,Low,-159.066
China,1968,CHN,1516.696,1.041,15.627,1943.555,0.368,5.317,1856.894,95.541,17.989,10.311,86.661,4.459,0.659819543,65.98195431,Medium,5.316
China,1969,CHN,1845.186,21.658,328.49,2302.365,22.59,327.34,2216.546,96.273,1.7,1.15,85.818,3.727,0.003500868,0.350086761,Low,327.34
China,1970,CHN,2361.698,27.992,516.512,2871.245,28.947,514.213,2784.833,96.99,3.344,2.3,86.413,3.01,0.004452946,0.445294591,Low,514.212
China,1971,CHN,2800.124,18.564,438.426,3320.494,18.49,423.528,3218.541,96.93,20.96,14.898,101.953,3.07,0.033980649,3.398064896,Low,423.528
China,1972,CHN,3018.837,7.811,218.712,3498.72,7.636,207.252,3385.795,96.772,13.33,11.461,112.925,3.228,0.052402246,5.240224588,Low,207.251
China,1973,CHN,3186.893,5.567,168.056,3614.683,5.36,156.596,3491.169,96.583,11.762,11.461,123.514,3.417,0.068197506,6.819750559,Low,156.595
China,1974,CHN,3286.762,3.134,99.869,3654.525,2.779,85.533,3517.504,96.251,13.165,14.336,137.021,3.749,0.143548048,14.35480479,Low,85.533
China,1975,CHN,3680.441,11.978,393.68,4021.792,12.263,387.956,3880.876,96.496,4.645,5.724,140.917,3.504,0.014539728,1.45397277,Low,387.956
China,1976,CHN,3874.827,5.282,194.385,4169.278,5.425,192.66,4028.666,96.627,1.338,1.725,140.612,3.373,0.008874142,0.887414152,Low,192.66
China,1977,CHN,4225.152,9.041,350.325,4482.533,9.203,344.588,4337.805,96.771,4.39,5.737,144.728,3.229,0.016376222,1.637622208,Low,344.588
China,1978,CHN,4632.033,9.63,406.881,4849.59,10.162,415.479,4715.767,97.241,-6.303,-8.599,133.823,2.759,-0.021133943,-2.113394334,Low,415.48
China,1979,CHN,4771.826,3.018,139.793,4928.05,2.754,124.033,4779.77,96.991,12.33,15.76,148.28,3.009,0.11273812,11.27381199,Low,124.033
China,1980,CHN,4827.534,1.167,55.708,4914.158,0.586,27.128,4738.909,96.434,19.905,28.58,175.249,3.566,0.51303224,51.30322395,Medium,27.128
China,1981,CHN,4763.85,-1.319,-63.684,4776.941,-1.831,-85.246,4582.687,95.934,12.525,21.562,194.254,4.066,-0.338577979,-33.85779788,Low,-85.246
China,1982,CHN,4976.87,4.472,213.021,4910.659,4.085,186.701,4693.545,95.579,13.586,26.319,217.114,4.421,0.123551199,12.35511992,Low,186.702
China,1983,CHN,5297.698,6.446,320.828,5147.26,5.998,285.335,4898.982,95.177,16.13,35.493,248.278,4.823,0.110629372,11.06293715,Low,285.335
China,1984,CHN,5685.145,7.313,387.446,5444.643,7.661,386.27,5198.792,95.485,0.46,1.176,245.85,4.515,0.003035262,0.303526169,Low,386.27
China,1985,CHN,6150.371,8.183,465.227,5800.923,8.267,448.748,5543.256,95.558,6.419,16.479,257.667,4.442,0.035421418,3.542141793,Low,448.748
China,1986,CHN,6444.106,4.776,293.735,5979.108,4.889,287.345,5719.703,95.661,2.339,6.39,259.405,4.339,0.021754302,2.175430235,Low,287.345
China,1987,CHN,6950.239,7.854,506.133,6336.534,7.948,489.941,6066.88,95.744,5.791,16.191,269.654,4.256,0.031989615,3.198961538,Low,489.942
China,1988,CHN,7467.112,7.437,516.873,6691.621,7.361,489.835,6402.337,95.677,9.142,27.038,289.284,4.323,0.052310722,5.231072236,Low,489.835
China,1989,CHN,7836.437,4.946,369.325,6907.912,4.787,342,6599.265,95.532,8.465,27.325,308.647,4.468,0.073986326,7.398632641,Low,342
China,1990,CHN,7938.249,1.299,101.812,6880.663,1.028,76.97,6555.643,95.276,7.097,24.842,325.02,4.724,0.243998743,24.39987428,Low,76.97
China,1991,CHN,8337.61,5.031,399.361,7122.351,5.36,405.417,6807.203,95.575,-1.615,-6.056,315.148,4.425,-0.015164225,-1.516422485,Low,405.417
China,1992,CHN,8773.708,5.23,436.098,7411.395,5.244,417.86,7084.351,95.587,4.945,18.237,327.043,4.413,0.041818582,4.181858206,Low,417.861
China,1993,CHN,9457.634,7.795,683.926,7908.675,7.352,616.552,7528.586,95.194,17.452,67.375,380.09,4.806,0.09851212,9.851211973,Low,616.551
China,1994,CHN,10048.812,6.251,591.178,8323.468,5.622,506.176,7876.569,94.631,19.021,85.003,446.899,5.369,0.143785797,14.37857972,Low,506.175
China,1995,CHN,10352.658,3.024,303.847,8498.712,2.44,231.999,7996.816,94.094,13.121,71.847,501.896,5.906,0.236457823,23.64578225,Low,232
China,1996,CHN,10907.449,5.359,554.791,8880.126,5.795,564.504,8390.287,94.484,-1.5,-9.713,489.839,5.516,-0.017507494,-1.750749381,Low,564.504
China,1997,CHN,10981.134,0.676,73.685,8871.482,0.443,45.662,8362.765,94.266,4.602,28.022,508.717,5.734,0.380294497,38.02944968,Low,45.663
China,1998,CHN,11000.566,0.177,19.433,8822.785,0.116,12.028,8311.814,94.209,1.177,7.405,510.97,5.791,0.381052848,38.10528482,Low,12.028
China,1999,CHN,11386.067,3.504,385.501,9069.433,3.758,389.438,8565.098,94.439,-0.602,-3.936,504.336,5.561,-0.01021009,-1.021009025,Low,389.437
China,2000,CHN,11800.283,3.638,414.216,9334.936,3.091,332.351,8769.296,93.941,12.938,81.865,565.64,6.059,0.19763843,19.76384302,Low,332.351
China,2001,CHN,12470.062,5.676,669.779,9797.812,4.603,510.202,9110.631,92.986,23.075,159.577,687.18,7.014,0.238253215,23.82532149,Low,510.202
China,2002,CHN,13580.49,8.905,1110.428,10602.087,9.156,1061.729,9881.281,93.201,6.719,48.698,720.806,6.799,0.043855162,4.385516215,Low,1061.73
China,2003,CHN,15818.756,16.481,2238.266,12273.32,17.4,2202.377,11529.113,93.936,5.376,35.889,744.207,6.064,0.016034287,1.603428726,Low,2202.377
China,2004,CHN,18509.135,17.008,2690.379,14272.745,16.645,2473.325,13365.722,93.645,23.412,217.056,907.024,6.355,0.080678596,8.067859584,Low,2473.323
China,2005,CHN,21027.164,13.604,2518.029,16114.158,13.734,2380.451,15107.312,93.752,12.557,137.577,1006.846,6.248,0.054636781,5.463678139,Low,2380.452
China,2006,CHN,23048.332,9.612,2021.168,17552.789,9.636,1899.645,16459.682,93.772,10.262,121.524,1093.107,6.228,0.06012563,6.012563033,Low,1899.644
China,2007,CHN,25049.576,8.683,2001.244,18955.223,8.492,1835.271,17743.492,93.607,12.18,165.971,1211.729,6.393,0.082933915,8.29339151,Low,1835.273
China,2008,CHN,26020.463,3.876,970.887,19561.799,2.111,495.08,18000.248,92.017,30.451,475.807,1561.55,7.983,0.49007454,49.00745401,Low,495.08
China,2009,CHN,27158.898,4.375,1138.436,20281.068,4.779,1144.219,18734.283,92.373,0.357,-5.782,1546.786,7.627,-0.005078898,-0.507889772,Low,1144.218
China,2010,CHN,29055.609,6.984,1896.711,21551.547,6.203,1556.213,19762.604,91.699,16.781,340.496,1788.942,8.301,0.179519178,17.95191782,Low,1556.215
China,2011,CHN,31336.535,7.85,2280.926,23090.885,8.415,2242.193,21285.139,92.18,2.335,38.734,1805.746,7.82,0.0169817,1.698169954,Low,2242.192
China,2012,CHN,32624.178,4.109,1287.643,23873.199,2.421,699.467,21649.555,90.686,24.648,588.176,2223.645,9.314,0.456784994,45.6784994,Low,699.467
China,2013,CHN,33852.562,3.765,1228.385,24600.359,3.187,942.955,22184.709,90.18,10.375,285.433,2415.652,9.82,0.232364446,23.2364446,Low,942.952
China,2014,CHN,34729.066,2.589,876.504,25071.705,0.991,302.463,22257.494,88.775,17.669,574.035,2814.209,11.225,0.654914296,65.49142959,Medium,302.469
China,2015,CHN,35135.988,1.172,406.922,25210.303,0.178,54.982,22160.787,87.904,9.108,351.94,3049.513,12.096,0.864883196,86.48831963,Medium,54.982
China,2016,CHN,35277.711,0.403,141.723,25164.398,-0.946,-292.064,21823.234,86.723,10.767,433.79,3341.164,13.277,3.060829929,306.0829929,High,-292.067
China,2017,CHN,36649.383,3.888,1371.672,25987.383,2.999,917.369,22343.951,85.98,10.053,454.303,3643.433,14.02,0.331203815,33.12038155,Low,917.369
China,2018,CHN,38409.645,4.803,1760.262,27104.984,3.837,1209.01,23090.01,85.187,11.482,551.25,4014.973,14.813,0.313163609,31.31636086,Low,1209.012
China,2019,CHN,40188.543,4.631,1778.898,28264.688,3.598,1177.369,23840.195,84.346,10.875,601.533,4424.494,15.654,0.338149236,33.81492362,Low,1177.365
China,2020,CHN,41493.711,3.248,1305.168,29119.828,2.451,830.875,24372.002,83.696,7.473,474.291,4747.827,16.304,0.363394597,36.33945975,Low,830.877
China,2021,CHN,43847.004,5.671,2353.293,30750.547,4.503,1563.855,25452.283,82.77,11.875,789.435,5298.261,17.23,0.335459715,33.54597154,Low,1563.858
China,2022,CHN,44516.312,1.526,669.309,31220.076,0.222,80.402,25508.781,81.706,8.067,588.912,5711.298,18.294,0.879880593,87.98805933,Medium,80.397
China,2023,CHN,47427.562,6.54,2911.25,33266.828,6.337,2304.766,27129.266,81.55,7.767,606.485,6137.566,18.45,0.208324603,20.83246028,Low,2304.765
Colombia,1965,COL,97.673,,,5344.405,,,4771.001,89.271,,,573.404,10.729,0,0,Low,0
Colombia,1966,COL,109.927,12.546,12.254,5843.646,12.72,11.091,5224.75,89.409,11.097,1.163,618.896,10.591,0.094907785,9.490778521,Low,11.091
Colombia,1967,COL,115.861,5.398,5.934,5989.518,4.677,4.597,5318.561,88.798,11.481,1.337,670.957,11.202,0.225311763,22.53117627,Low,4.597
Colombia,1968,COL,120.285,3.819,4.424,6052.85,2.858,2.941,5325.077,87.976,11.432,1.484,727.773,12.024,0.335443038,33.5443038,Low,2.94
Colombia,1969,COL,121.783,1.245,1.497,5971.997,-0.114,-0.12,5183.461,86.796,11.183,1.617,788.536,13.204,1.080160321,108.0160321,High,-0.12
Colombia,1970,COL,133.433,9.567,11.65,6382.745,9.302,9.833,5526.602,86.587,11.305,1.818,856.143,13.413,0.156051502,15.60515021,Low,9.832
Colombia,1971,COL,132.013,-1.064,-1.42,6167.264,-2.178,-2.516,5279.92,85.612,6.124,1.096,887.343,14.388,-0.771830986,-77.18309859,Low,-2.516
Colombia,1972,COL,152.193,15.287,20.181,6950.084,16.046,18.135,5989.312,86.176,10.767,2.045,960.772,13.824,0.101332937,10.13329369,Low,18.136
Colombia,1973,COL,147.196,-3.283,-4.997,6572.35,-5.227,-6.855,5549.995,84.445,8.831,1.858,1022.355,15.555,-0.371823094,-37.18230939,Low,-6.855
Colombia,1974,COL,164.66,11.864,17.464,7191.074,11.555,14.363,6055.683,84.211,13.543,3.101,1135.391,15.789,0.177565277,17.75652771,Low,14.363
Colombia,1975,COL,155.635,-5.481,-9.025,6650.001,-8.949,-12.409,5394.577,81.121,12.844,3.384,1255.425,18.879,-0.374958449,-37.49584488,Low,-12.409
Colombia,1976,COL,162.258,4.255,6.623,6785.33,4.055,5.12,5493.806,80.966,5.111,1.503,1291.525,19.034,0.226936434,22.69364336,Low,5.12
Colombia,1977,COL,167.654,3.326,5.396,6858.704,3.624,4.761,5569.271,81.2,2.065,0.635,1289.433,18.8,0.117679763,11.76797628,Low,4.761
Colombia,1978,COL,176.187,5.09,8.533,7046.456,2.717,3.699,5592.558,79.367,15.348,4.834,1453.899,20.633,0.566506504,56.65065042,Medium,3.699
Colombia,1979,COL,183.328,4.053,7.142,7167.057,2.573,3.597,5607.315,78.237,9.757,3.544,1559.741,21.763,0.496219546,49.62195463,Low,3.598
Colombia,1980,COL,190.734,4.04,7.406,7286.557,2.69,3.859,5626.87,77.223,8.896,3.547,1659.687,22.777,0.478935998,47.89359978,Low,3.859
Colombia,1981,COL,193.446,1.422,2.712,7221.912,2.238,3.297,5621.852,77.844,-1.34,-0.585,1600.06,22.156,-0.215707965,-21.57079646,Low,3.297
Colombia,1982,COL,199.038,2.891,5.592,7262.792,1.762,2.654,5591.665,76.991,6.853,2.938,1671.128,23.009,0.525393419,52.53934192,Medium,2.654
Colombia,1983,COL,209.62,5.316,10.581,7475.116,6.653,10.196,5828.198,77.968,0.842,0.386,1646.918,22.032,0.036480484,3.648048389,Low,10.195
Colombia,1984,COL,212.379,1.316,2.759,7402.779,-1.563,-2.555,5607.756,75.752,11.509,5.314,1795.022,24.248,1.926060167,192.6060167,High,-2.555
Colombia,1985,COL,219.453,3.331,7.075,7483.166,1.983,3.191,5594.705,74.764,7.545,3.884,1888.461,25.236,0.548975265,54.8975265,Medium,3.191
Colombia,1986,COL,229.963,4.789,10.51,7675.651,1.195,1.961,5541.799,72.2,15.454,8.549,2133.852,27.8,0.813415794,81.34157945,Medium,1.961
Colombia,1987,COL,251.271,9.266,21.308,8210.648,9.42,15.64,5936.421,72.301,8.874,5.668,2274.227,27.699,0.266003379,26.6003379,Low,15.64
Colombia,1988,COL,251.092,-0.071,-0.179,8033.223,-2.179,-3.959,5685.623,70.776,5.434,3.78,2347.599,29.224,-21.11731844,-2111.731844,Low,-3.959
Colombia,1989,COL,264.485,5.334,13.393,8285.066,3.771,6.702,5776.882,69.726,9.126,6.691,2508.185,30.274,0.499589338,49.95893377,Low,6.702
Colombia,1990,COL,252.481,-4.539,-12.004,7744.489,-7.654,-14.115,5223.75,67.451,2.638,2.111,2520.739,32.549,-0.175858047,-17.58580473,Low,-14.115
Colombia,1991,COL,259.169,2.649,6.688,7789.251,3.537,6.023,5299.384,68.035,0.811,0.665,2489.867,31.965,0.099431818,9.943181818,Low,6.023
Colombia,1992,COL,268.506,3.603,9.337,7911.416,14.299,25.213,5938.208,75.059,-19.198,-15.876,1973.208,24.941,-1.700332012,-170.0332012,Low,25.213
Colombia,1993,COL,292.186,8.819,23.68,8441.098,3.491,7.036,6025.57,71.384,24.866,16.644,2415.527,28.616,0.702871622,70.28716216,Medium,7.036
Colombia,1994,COL,316.39,8.284,24.203,8964.032,5.563,11.602,6238.083,69.59,15.071,12.601,2725.95,30.41,0.520637937,52.06379374,Medium,11.602
Colombia,1995,COL,323.725,2.318,7.335,8999.828,3.376,7.434,6327.749,70.31,-0.111,-0.099,2672.08,29.69,-0.013496933,-1.349693252,Low,7.434
Colombia,1996,COL,336.599,3.977,12.874,9188.513,1.345,3.061,6296.866,68.53,10.217,9.813,2891.646,31.47,0.76223396,76.22339599,Medium,3.061
Colombia,1997,COL,342.17,1.655,5.571,9175.434,7.32,16.884,6638.282,72.348,-10.689,-11.313,2537.151,27.652,-2.030694669,-203.0694669,Low,16.884
Colombia,1998,COL,346.521,1.272,4.351,9132.335,2.524,6.247,6688.777,73.243,-2.018,-1.896,2443.557,26.757,-0.435761894,-43.57618938,Low,6.247
Colombia,1999,COL,322.875,-6.824,-23.647,8367.868,-12.623,-32.039,5747.389,68.684,9.082,8.392,2620.48,31.316,-0.354886455,-35.48864549,Low,-32.039
Colombia,2000,COL,314.184,-2.692,-8.69,8011.813,-0.13,-0.289,5647.662,70.492,-8.326,-8.401,2364.151,29.508,0.966743383,96.67433832,Medium,-0.289
Colombia,2001,COL,316.865,0.853,2.68,7953.855,0.393,0.87,5581.208,70.17,2.612,1.811,2372.647,29.83,0.675746269,67.57462687,Medium,0.869
Colombia,2002,COL,316.936,0.023,0.071,7834.47,-2.759,-6.135,5344.534,68.218,7.259,6.207,2489.937,31.782,87.42253521,8742.253521,High,-6.136
Colombia,2003,COL,322.863,1.87,5.927,7863.652,0.065,0.141,5269.384,67.009,6.424,5.787,2594.268,32.991,0.976379281,97.63792813,Medium,0.14
Colombia,2004,COL,339.531,5.162,16.667,8152.334,5.114,11.064,5460.328,66.979,5.942,5.603,2692.006,33.021,0.336173277,33.61732765,Low,11.064
Colombia,2005,COL,334.302,-1.54,-5.229,7917.907,-3.234,-7.354,5212.084,65.827,2.8,2.125,2705.823,34.173,-0.406387455,-40.63874546,Low,-7.354
Colombia,2006,COL,385.987,15.461,51.685,9024.093,18.833,41.443,6113.735,67.749,11.885,10.242,2910.357,32.251,0.198161943,19.81619425,Low,41.443
Colombia,2007,COL,392.271,1.628,6.284,9058.002,0.855,2.236,6090.014,67.234,3.984,4.049,2967.987,32.766,0.644334819,64.43348186,Medium,2.235
Colombia,2008,COL,408.48,4.132,16.209,9322.767,4.38,11.552,6282.95,67.394,4.195,4.657,3039.818,32.606,0.287309519,28.73095194,Low,11.552
Colombia,2009,COL,403.782,-1.15,-4.698,9111.861,2.68,7.378,6378.752,70.005,-5.824,-12.076,2733.109,29.995,2.570455513,257.0455513,High,7.378
Colombia,2010,COL,424.601,5.156,20.819,9474.296,7.242,20.471,6764.048,71.394,2.951,0.348,2710.248,28.606,0.0167155,1.671550026,Low,20.471
Colombia,2011,COL,443.797,4.521,19.196,9794.911,-1.391,-4.215,6597.447,67.356,20.585,23.411,3197.464,32.644,1.219576995,121.9576995,High,-4.215
Colombia,2012,COL,471.933,6.34,28.136,10308.172,10.171,30.404,7193.312,69.783,-0.392,-2.268,3114.861,30.217,-0.080608473,-8.060847313,Low,30.404
Colombia,2013,COL,485.04,2.777,13.107,10490.081,6.906,22.743,7614.319,72.586,-5.349,-9.637,2875.762,27.414,-0.73525597,-73.52559701,Low,22.744
Colombia,2014,COL,510.586,5.267,25.546,10938.481,6.732,23.703,8050.34,73.597,1.986,1.843,2888.142,26.403,0.072144367,7.214436702,Low,23.703
Colombia,2015,COL,483.403,-5.324,-27.183,10259.04,-7.101,-26.684,7408.554,72.215,0.226,-0.498,2850.486,27.785,0.018320274,1.83202737,Low,-26.685
Colombia,2016,COL,544.617,12.663,61.214,11435.303,16.011,55.891,8503.356,74.361,3.956,5.323,2931.946,25.639,0.086957232,8.695723201,Low,55.891
Colombia,2017,COL,549.702,0.934,5.085,11368.834,-5.381,-21.793,7925.006,69.708,17.954,26.878,3443.828,30.292,5.28574238,528.574238,High,-21.793
Colombia,2018,COL,558.419,1.586,8.717,11332.247,2.408,9.229,7963.477,70.273,1.698,-0.512,3368.769,29.727,-0.058735804,-5.87358036,Low,9.229
Colombia,2019,COL,563.192,0.855,4.774,11221.787,2.382,9.346,8005.239,71.337,-1.968,-4.573,3216.548,28.663,-0.957896942,-95.78969418,Low,9.347
Colombia,2020,COL,512.586,-8.986,-50.606,10064.389,-9.428,-37.879,7144.673,70.99,-8.325,-12.727,2919.716,29.01,0.251491918,25.1491918,Low,-37.879
Colombia,2021,COL,574.745,12.127,62.159,11156.515,9.004,32.763,7699.377,69.012,19.613,29.397,3457.138,30.988,0.472932319,47.29323187,Low,32.762
Colombia,2022,COL,610.067,6.146,35.322,11760.556,6.242,24.76,8123.639,69.075,6.606,10.562,3636.917,30.925,0.299020441,29.90204405,Low,24.76
Colombia,2023,COL,626.485,2.691,16.418,12028.095,5.676,23.919,8549.937,71.083,-1.809,-7.501,3478.158,28.917,-0.456876599,-45.68765989,Low,23.919
Comoros,1980,COM,0.192,,,583.533,,,,,,,,,0,0,Low,0
Comoros,1981,COM,0.191,-0.245,0,565.477,,,,,,,,,0,0,Low,0
Comoros,1982,COM,0.191,0,0,550.698,,,,,,,,,0,0,Low,0
Comoros,1983,COM,0.191,0.02,0,536.753,,,,,,,,,0,0,Low,0
Comoros,1984,COM,0.192,0.241,0,524.038,,,,,,,,,0,0,Low,0
Comoros,1985,COM,0.191,-0.262,-0.001,508.764,,,,,,,,,0,0,Low,-0.001
Comoros,1986,COM,0.107,-44.033,-0.084,277.062,,,,,,,,,0,0,Low,-0.084
Comoros,1987,COM,0.225,110.707,0.118,567.87,,,,,,,,,0,0,Low,0.118
Comoros,1988,COM,0.226,0.127,0,553.023,,,,,,,,,0,0,Low,0
Comoros,1989,COM,0.225,-0.123,0,537.172,,,,,,,,,0,0,Low,0
Comoros,1990,COM,0.267,18.277,0.041,618.349,,,,,,,,,0,0,Low,0.041
Comoros,1991,COM,0.257,-3.471,-0.009,581.827,,,,,,,,,0,0,Low,-0.009
Comoros,1992,COM,0.258,0.178,0,569.078,,,,,,,,,0,0,Low,0
Comoros,1993,COM,0.257,-0.206,-0.001,555.246,,,,,,,,,0,0,Low,-0.001
Comoros,1994,COM,0.257,0.002,0,543.34,,,,,,,,,0,0,Low,0
Comoros,1995,COM,0.257,-0.069,0,531.424,,,,,,,,,0,0,Low,0
Comoros,1996,COM,0.258,0.274,0.001,521.536,,,,,,,,,0,0,Low,0.001
Comoros,1997,COM,0.257,-0.227,-0.001,509.272,,,,,,,,,0,0,Low,-0.001
Comoros,1998,COM,0.313,21.844,0.056,607.367,,,,,,,,,0,0,Low,0.056
Comoros,1999,COM,0.313,0.007,0,595.323,,,,,,,,,0,0,Low,0
Comoros,2000,COM,0.438,39.874,0.125,816.702,,,,,,,,,0,0,Low,0.125
Comoros,2001,COM,0.458,4.375,0.019,835.325,,,,,,,,,0,0,Low,0.019
Comoros,2002,COM,0.46,0.631,0.003,823.612,,,,,,,,,0,0,Low,0.003
Comoros,2003,COM,0.588,27.804,0.128,1032.137,,,,,,,,,0,0,Low,0.128
Comoros,2004,COM,0.646,9.783,0.058,1111.626,,,,,,,,,0,0,Low,0.058
Comoros,2005,COM,0.621,-3.946,-0.025,1046.985,,,,,,,,,0,0,Low,-0.025
Comoros,2006,COM,0.722,16.382,0.102,1194.371,,,,,,,,,0,0,Low,0.102
Comoros,2007,COM,0.477,-33.92,-0.245,773.59,,,,,,,,,0,0,Low,-0.245
Comoros,2008,COM,0.486,1.942,0.009,772.859,,,,,,,,,0,0,Low,0.009
Comoros,2009,COM,0.593,21.961,0.107,923.48,,,,,,,,,0,0,Low,0.107
Comoros,2010,COM,0.705,18.771,0.111,1074.197,,,,,,,,,0,0,Low,0.111
Comoros,2011,COM,0.633,-10.165,-0.072,944.776,,,,,,,,,0,0,Low,-0.072
Comoros,2012,COM,0.658,3.957,0.025,961.38,,,,,,,,,0,0,Low,0.025
Comoros,2013,COM,0.785,19.324,0.127,1122.832,,,,,,,,,0,0,Low,0.127
Comoros,2014,COM,0.701,-10.677,-0.084,981.591,,,,,,,,,0,0,Low,-0.084
Comoros,2015,COM,0.757,7.887,0.055,1036.378,,,,,,,,,0,0,Low,0.055
Comoros,2016,COM,0.887,17.248,0.131,1189.054,,,,,,,,,0,0,Low,0.131
Comoros,2017,COM,1.137,28.114,0.249,1492.484,,,,,,,,,0,0,Low,0.249
Comoros,2018,COM,1.237,8.807,0.1,1593.286,,,,,,,,,0,0,Low,0.1
Comoros,2019,COM,1.333,7.802,0.096,1685.73,,,,,,,,,0,0,Low,0.096
Comoros,2020,COM,1.272,-4.591,-0.061,1578.063,,,,,,,,,0,0,Low,-0.061
Comoros,2021,COM,1.342,5.517,0.07,1633.784,,,,,,,,,0,0,Low,0.07
Congo,1980,COG,3.329,,,1819.589,,,,,,,,,0,0,Low,0
Congo,1981,COG,3.983,19.661,0.654,2129.285,,,,,,,,,0,0,Low,0.654
Congo,1982,COG,3.633,-8.794,-0.35,1900.283,,,,,,,,,0,0,Low,-0.35
Congo,1983,COG,3.289,-9.45,-0.343,1685.261,,,,,,,,,0,0,Low,-0.343
Congo,1984,COG,3.371,2.496,0.082,1684.269,,,,,,,,,0,0,Low,0.082
Congo,1985,COG,4.873,44.549,1.502,2362.804,,,,,,,,,0,0,Low,1.502
Congo,1986,COG,4.475,-8.185,-0.399,2105.792,,,,,,,,,0,0,Low,-0.399
Congo,1987,COG,5.418,21.086,0.943,2475.496,,,,,,,,,0,0,Low,0.943
Congo,1988,COG,4.384,-19.09,-1.034,1945.427,,,,,,,,,0,0,Low,-1.034
Congo,1989,COG,5.079,15.864,0.695,2190.059,,,,,,,,,0,0,Low,0.695
Congo,1990,COG,5.644,11.127,0.565,2366.145,,,,,,,,,0,0,Low,0.565
Congo,1991,COG,5.163,-8.525,-0.481,2105.086,,,,,,,,,0,0,Low,-0.481
Congo,1992,COG,4.939,-4.348,-0.224,1959.026,,,,,,,,,0,0,Low,-0.224
Congo,1993,COG,4.45,-9.886,-0.488,1715.528,,,,,,,,,0,0,Low,-0.488
Congo,1994,COG,4.22,-5.179,-0.23,1580.958,,,,,,,,,0,0,Low,-0.23
Congo,1995,COG,4.314,2.223,0.094,1573.03,,,,,,,,,0,0,Low,0.094
Congo,1996,COG,4.586,6.318,0.273,1628.301,,,,,,,,,0,0,Low,0.273
Congo,1997,COG,4.474,-2.451,-0.112,1556.099,,,,,,,,,0,0,Low,-0.112
Congo,1998,COG,4.168,-6.833,-0.306,1419.106,,,,,,,,,0,0,Low,-0.306
Congo,1999,COG,3.488,-16.32,-0.68,1156.21,,,,,,,,,0,0,Low,-0.68
Congo,2000,COG,3.847,10.296,0.359,1227.492,,,,,,,,,0,0,Low,0.359
Congo,2001,COG,4.722,22.754,0.875,1451.196,,,,,,,,,0,0,Low,0.875
Congo,2002,COG,4.37,-7.456,-0.352,1311.922,,,,,,,,,0,0,Low,-0.352
Congo,2003,COG,4.997,14.345,0.627,1459.167,,,,,,,,,0,0,Low,0.627
Congo,2004,COG,5.301,6.077,0.304,1496.137,,,,,,,,,0,0,Low,0.304
Congo,2005,COG,7.166,35.179,1.865,1950.967,,,,,,,,,0,0,Low,1.865
Congo,2006,COG,8.545,19.25,1.379,2240.816,,,,,,,,,0,0,Low,1.379
Congo,2007,COG,10.515,23.051,1.97,2657.684,,,,,,,,,0,0,Low,1.97
Congo,2008,COG,11.968,13.824,1.454,2926.504,,,,,,,,,0,0,Low,1.454
Congo,2009,COG,14.525,21.365,2.557,3411.898,,,,,,,,,0,0,Low,2.557
Congo,2010,COG,19.793,36.266,5.268,4460.019,,,,,,,,,0,0,Low,5.268
Congo,2011,COG,23.777,20.129,3.984,5186.757,,,,,,,,,0,0,Low,3.984
Congo,2012,COG,24.389,2.572,0.612,5174.505,,,,,,,,,0,0,Low,0.612
Congo,2013,COG,30.832,26.417,6.443,6385.898,,,,,,,,,0,0,Low,6.443
Congo,2014,COG,29.332,-4.864,-1.5,5931.768,,,,,,,,,0,0,Low,-1.5
Congo,2015,COG,29.581,0.851,0.25,5841.056,,,,,,,,,0,0,Low,0.25
Congo,2016,COG,28.268,-4.44,-1.313,5449.973,,,,,,,,,0,0,Low,-1.313
Congo,2017,COG,21.171,-25.107,-7.097,3985.205,,,,,,,,,0,0,Low,-7.097
Congo,2018,COG,19.617,-7.342,-1.554,3605.274,,,,,,,,,0,0,Low,-1.554
Congo,2019,COG,16.009,-18.389,-3.607,2873.82,,,,,,,,,0,0,Low,-3.607
Congo,2020,COG,13.569,-15.245,-2.441,2379.556,,,,,,,,,0,0,Low,-2.441
Congo,2021,COG,13.703,0.987,0.134,2348.011,,,,,,,,,0,0,Low,0.134
Cook Islands,1980,COK,0.123,,,6944.599,,,,,,,,,0,0,Low,0
Cook Islands,1981,COK,0.245,99.454,0.122,13924.516,,,,,,,,,0,0,Low,0.122
Cook Islands,1982,COK,0.245,0,0,14049.977,,,,,,,,,0,0,Low,0
Cook Islands,1983,COK,0.245,0,0,14230.46,,,,,,,,,0,0,Low,0
Cook Islands,1984,COK,0.245,0.274,0.001,14491.829,,,,,,,,,0,0,Low,0.001
Cook Islands,1985,COK,0.245,-0.273,-0.001,14680.148,,,,,,,,,0,0,Low,-0.001
Cook Islands,1986,COK,0.184,-25,-0.061,11116.093,,,,,,,,,0,0,Low,-0.061
Cook Islands,1987,COK,0.184,0,0,11076.529,,,,,,,,,0,0,Low,0
Cook Islands,1988,COK,0.184,0.274,0.001,10988.224,,,,,,,,,0,0,Low,0.001
Cook Islands,1989,COK,0.184,-0.273,-0.001,10837.896,,,,,,,,,0,0,Low,-0.001
Cook Islands,1990,COK,0.184,0,0,10708.323,,,,,,,,,0,0,Low,0
Cook Islands,1991,COK,0.126,-31.227,-0.057,7285.417,,,,,,,,,0,0,Low,-0.057
Cook Islands,1992,COK,0.184,46.044,0.058,10549.842,,,,,,,,,0,0,Low,0.058
Cook Islands,1993,COK,0.184,-0.273,-0.001,10459.976,,,,,,,,,0,0,Low,-0.001
Cook Islands,1994,COK,0.184,0,0,10401.423,,,,,,,,,0,0,Low,0
Cook Islands,1995,COK,0.184,0,0,10356.9,,,,,,,,,0,0,Low,0
Cook Islands,1996,COK,0.184,0.274,0.001,10347.4,,,,,,,,,0,0,Low,0.001
Cook Islands,1997,COK,0.184,-0.275,-0.001,10446.15,,,,,,,,,0,0,Low,-0.001
Cook Islands,1998,COK,0.184,0,0,10760.266,,,,,,,,,0,0,Low,0
Cook Islands,1999,COK,0.184,0,0,11130.868,,,,,,,,,0,0,Low,0
Cook Islands,2000,COK,0.274,48.899,0.09,17201.518,,,,,,,,,0,0,Low,0.09
Cook Islands,2001,COK,0.261,-4.613,-0.013,17050.652,,,,,,,,,0,0,Low,-0.013
Cook Islands,2002,COK,0.142,-45.817,-0.12,9404.955,,,,,,,,,0,0,Low,-0.12
Cook Islands,2003,COK,0.131,-7.766,-0.011,8645.277,,,,,,,,,0,0,Low,-0.011
Cook Islands,2004,COK,0.221,69.616,0.091,14629.907,,,,,,,,,0,0,Low,0.091
Cook Islands,2005,COK,0.354,60.083,0.133,23369.021,,,,,,,,,0,0,Low,0.133
Cook Islands,2006,COK,0.378,6.548,0.023,24806.082,,,,,,,,,0,0,Low,0.023
Cook Islands,2007,COK,0.319,-15.625,-0.059,20515.166,,,,,,,,,0,0,Low,-0.059
Cook Islands,2008,COK,0.327,2.74,0.009,20346.406,,,,,,,,,0,0,Low,0.009
Cook Islands,2009,COK,0.302,-7.87,-0.026,18107.172,,,,,,,,,0,0,Low,-0.026
Cook Islands,2010,COK,0.358,18.783,0.057,20785.795,,,,,,,,,0,0,Low,0.057
Cook Islands,2011,COK,0.402,12.211,0.044,22592.518,,,,,,,,,0,0,Low,0.044
Cook Islands,2012,COK,0.426,6.021,0.024,23641.826,,,,,,,,,0,0,Low,0.024
Cook Islands,2013,COK,0.426,-0.083,0,23739.312,,,,,,,,,0,0,Low,0
Cook Islands,2014,COK,0.451,5.862,0.025,25269.025,,,,,,,,,0,0,Low,0.025
Cook Islands,2015,COK,0.422,-6.323,-0.029,23834.23,,,,,,,,,0,0,Low,-0.029
Cook Islands,2016,COK,0.44,4.235,0.018,25052.822,,,,,,,,,0,0,Low,0.018
Cook Islands,2017,COK,0.474,7.65,0.034,27209.463,,,,,,,,,0,0,Low,0.034
Cook Islands,2018,COK,0.5,5.443,0.026,28924.502,,,,,,,,,0,0,Low,0.026
Cook Islands,2019,COK,0.501,0.277,0.001,29246.834,,,,,,,,,0,0,Low,0.001
Cook Islands,2020,COK,0.471,-5.962,-0.03,27636.979,,,,,,,,,0,0,Low,-0.03
Cook Islands,2021,COK,0.493,4.592,0.022,28943.293,,,,,,,,,0,0,Low,0.022
Costa Rica,1980,CRI,16.158,,,6692.688,,,,,,,,,0,0,Low,0
Costa Rica,1981,CRI,16.671,3.172,0.513,6718.458,,,,,,,,,0,0,Low,0.513
Costa Rica,1982,CRI,16.265,-2.435,-0.406,6376.428,,,,,,,,,0,0,Low,-0.406
Costa Rica,1983,CRI,17.907,10.099,1.643,6828.286,,,,,,,,,0,0,Low,1.643
Costa Rica,1984,CRI,17.223,-3.82,-0.684,6388.007,,,,,,,,,0,0,Low,-0.684
Costa Rica,1985,CRI,17.493,1.565,0.27,6311.796,,,,,,,,,0,0,Low,0.27
Costa Rica,1986,CRI,17.073,-2.402,-0.42,5994.962,,,,,,,,,0,0,Low,-0.42
Costa Rica,1987,CRI,18.889,10.64,1.817,6458.797,,,,,,,,,0,0,Low,1.817
Costa Rica,1988,CRI,20.433,8.171,1.543,6807.616,,,,,,,,,0,0,Low,1.543
Costa Rica,1989,CRI,22.237,8.832,1.805,7222.24,,,,,,,,,0,0,Low,1.805
Costa Rica,1990,CRI,21.781,-2.05,-0.456,6896.66,,,,,,,,,0,0,Low,-0.456
Costa Rica,1991,CRI,23.249,6.739,1.468,7176.984,,,,,,,,,0,0,Low,1.468
Costa Rica,1992,CRI,27.458,18.102,4.209,8265.608,,,,,,,,,0,0,Low,4.209
Costa Rica,1993,CRI,29.872,8.79,2.414,8771.873,,,,,,,,,0,0,Low,2.414
Costa Rica,1994,CRI,30.262,1.307,0.39,8673.12,,,,,,,,,0,0,Low,0.39
Costa Rica,1995,CRI,30.763,1.655,0.501,8610.148,,,,,,,,,0,0,Low,0.501
Costa Rica,1996,CRI,31.054,0.946,0.291,8493.361,,,,,,,,,0,0,Low,0.291
Costa Rica,1997,CRI,34.869,12.286,3.815,9324.729,,,,,,,,,0,0,Low,3.815
Costa Rica,1998,CRI,35.772,2.591,0.903,9361.015,,,,,,,,,0,0,Low,0.903
Costa Rica,1999,CRI,41.079,14.834,5.307,10529.213,,,,,,,,,0,0,Low,5.307
Costa Rica,2000,CRI,42.575,3.641,1.496,10699.309,,,,,,,,,0,0,Low,1.496
Costa Rica,2001,CRI,43.342,1.802,0.767,10693.142,,,,,,,,,0,0,Low,0.767
Costa Rica,2002,CRI,45.12,4.103,1.778,10944.455,,,,,,,,,0,0,Low,1.778
Costa Rica,2003,CRI,46.038,2.036,0.919,10991.341,,,,,,,,,0,0,Low,0.919
Costa Rica,2004,CRI,47.469,3.107,1.43,11161.785,,,,,,,,,0,0,Low,1.43
Costa Rica,2005,CRI,49.338,3.938,1.869,11431.702,,,,,,,,,0,0,Low,1.869
Costa Rica,2006,CRI,51.487,4.356,2.149,11759.994,,,,,,,,,0,0,Low,2.149
Costa Rica,2007,CRI,54.407,5.67,2.919,12253.692,,,,,,,,,0,0,Low,2.919
Costa Rica,2008,CRI,55.11,1.293,0.704,12241.504,,,,,,,,,0,0,Low,0.704
Costa Rica,2009,CRI,53.607,-2.727,-1.503,11747.936,,,,,,,,,0,0,Low,-1.503
Costa Rica,2010,CRI,54.481,1.63,0.874,11786.667,,,,,,,,,0,0,Low,0.874
Costa Rica,2011,CRI,54.77,0.53,0.289,11703.091,,,,,,,,,0,0,Low,0.289
Costa Rica,2012,CRI,55.292,0.954,0.522,11673.354,,,,,,,,,0,0,Low,0.522
Costa Rica,2013,CRI,55.67,0.685,0.378,11618.479,,,,,,,,,0,0,Low,0.378
Costa Rica,2014,CRI,56.809,2.045,1.138,11726.931,,,,,,,,,0,0,Low,1.138
Costa Rica,2015,CRI,59.283,4.356,2.474,12110.349,,,,,,,,,0,0,Low,2.474
Costa Rica,2016,CRI,60.836,2.619,1.553,12301.996,,,,,,,,,0,0,Low,1.553
Costa Rica,2017,CRI,63.171,3.839,2.335,12649.783,,,,,,,,,0,0,Low,2.335
Costa Rica,2018,CRI,64.535,2.16,1.364,12802.764,,,,,,,,,0,0,Low,1.364
Costa Rica,2019,CRI,66.162,2.521,1.627,13012.45,,,,,,,,,0,0,Low,1.627
Costa Rica,2020,CRI,58.846,-11.058,-7.316,11486.324,,,,,,,,,0,0,Low,-7.316
Costa Rica,2021,CRI,61.629,4.73,2.783,11957.598,,,,,,,,,0,0,Low,2.783
Cote d'Ivoire,1980,CIV,21.429,,,2580.656,,,,,,,,,0,0,Low,0
Cote d'Ivoire,1981,CIV,23.81,11.107,2.38,2761.61,,,,,,,,,0,0,Low,2.38
Cote d'Ivoire,1982,CIV,22.591,-5.12,-1.219,2524.615,,,,,,,,,0,0,Low,-1.219
Cote d'Ivoire,1983,CIV,21.812,-3.448,-0.779,2349.876,,,,,,,,,0,0,Low,-0.779
Cote d'Ivoire,1984,CIV,19.083,-12.512,-2.729,1983.354,,,,,,,,,0,0,Low,-2.729
Cote d'Ivoire,1985,CIV,22.637,18.626,3.554,2271.855,,,,,,,,,0,0,Low,3.554
Cote d'Ivoire,1986,CIV,23.058,1.858,0.421,2236.543,,,,,,,,,0,0,Low,0.421
Cote d'Ivoire,1987,CIV,25.313,9.781,2.255,2373.768,,,,,,,,,0,0,Low,2.255
Cote d'Ivoire,1988,CIV,26.266,3.767,0.953,2378.493,,,,,,,,,0,0,Low,0.953
Cote d'Ivoire,1989,CIV,26.348,0.313,0.082,2298.56,,,,,,,,,0,0,Low,0.082
Cote d'Ivoire,1990,CIV,22.706,-13.822,-3.642,1906.413,,,,,,,,,0,0,Low,-3.642
Cote d'Ivoire,1991,CIV,19.198,-15.449,-3.508,1552.106,,,,,,,,,0,0,Low,-3.508
Cote d'Ivoire,1992,CIV,18.641,-2.903,-0.557,1451.99,,,,,,,,,0,0,Low,-0.557
Cote d'Ivoire,1993,CIV,20.957,12.422,2.316,1573.744,,,,,,,,,0,0,Low,2.316
Cote d'Ivoire,1994,CIV,21.621,3.168,0.664,1566.449,,,,,,,,,0,0,Low,0.664
Cote d'Ivoire,1995,CIV,23.59,9.109,1.969,1649.679,,,,,,,,,0,0,Low,1.969
Cote d'Ivoire,1996,CIV,27.442,16.331,3.852,1852.845,,,,,,,,,0,0,Low,3.852
Cote d'Ivoire,1997,CIV,28.011,2.072,0.569,1826.545,,,,,,,,,0,0,Low,0.569
Cote d'Ivoire,1998,CIV,28.275,0.942,0.264,1782.895,,,,,,,,,0,0,Low,0.264
Cote d'Ivoire,1999,CIV,36.547,29.256,8.272,2235.851,,,,,,,,,0,0,Low,8.272
Cote d'Ivoire,2000,CIV,36.759,0.58,0.212,2188.067,,,,,,,,,0,0,Low,0.212
Cote d'Ivoire,2001,CIV,36.418,-0.928,-0.341,2111.73,,,,,,,,,0,0,Low,-0.341
Cote d'Ivoire,2002,CIV,35.398,-2.8,-1.02,2001.708,,,,,,,,,0,0,Low,-1.02
Cote d'Ivoire,2003,CIV,31.913,-9.845,-3.485,1761.555,,,,,,,,,0,0,Low,-3.485
Cote d'Ivoire,2004,CIV,34.139,6.975,2.226,1840.879,,,,,,,,,0,0,Low,2.226
Cote d'Ivoire,2005,CIV,37.921,11.078,3.782,1998.959,,,,,,,,,0,0,Low,3.782
Cote d'Ivoire,2006,CIV,32.368,-14.642,-5.552,1668.975,,,,,,,,,0,0,Low,-5.552
Cote d'Ivoire,2007,CIV,34.65,7.048,2.281,1748.413,,,,,,,,,0,0,Low,2.281
Cote d'Ivoire,2008,CIV,38.117,10.007,3.467,1882.834,,,,,,,,,0,0,Low,3.467
Cote d'Ivoire,2009,CIV,37.211,-2.377,-0.906,1799.553,,,,,,,,,0,0,Low,-0.906
Cote d'Ivoire,2010,CIV,38.057,2.273,0.846,1801.921,,,,,,,,,0,0,Low,0.846
Cote d'Ivoire,2011,CIV,35.414,-6.943,-2.642,1642.38,,,,,,,,,0,0,Low,-2.642
Cote d'Ivoire,2012,CIV,43.206,22.002,7.792,1962.973,,,,,,,,,0,0,Low,7.792
Cote d'Ivoire,2013,CIV,47.847,10.742,4.641,2129.461,,,,,,,,,0,0,Low,4.641
Cote d'Ivoire,2014,CIV,50.551,5.649,2.703,2198.274,,,,,,,,,0,0,Low,2.703
Cote d'Ivoire,2015,CIV,50.25,-0.594,-0.301,2129.532,,,,,,,,,0,0,Low,-0.301
Cote d'Ivoire,2016,CIV,57.063,13.557,6.813,2356.63,,,,,,,,,0,0,Low,6.813
Cote d'Ivoire,2017,CIV,56.87,-0.337,-0.192,2288.732,,,,,,,,,0,0,Low,-0.192
Cote d'Ivoire,2018,CIV,57.004,0.235,0.134,2235.986,,,,,,,,,0,0,Low,0.134
Cote d'Ivoire,2019,CIV,61.711,8.258,4.707,2360.121,,,,,,,,,0,0,Low,4.707
Cote d'Ivoire,2020,CIV,61.194,-0.839,-0.518,2282.348,,,,,,,,,0,0,Low,-0.518
Cote d'Ivoire,2021,CIV,65.14,6.448,3.946,2370.596,,,,,,,,,0,0,Low,3.946
Croatia,1990,HRV,100.82,,,20686.525,,,18302.664,88.476,,,2383.861,11.524,0,0,Low,0
Croatia,1991,HRV,83.79,-16.892,-17.03,17295.715,-24.419,-21.782,13916.607,80.463,40.912,4.752,3379.108,19.537,-0.279036994,-27.90369935,Low,-21.782
Croatia,1992,HRV,80.523,-3.898,-3.266,16781.605,0.333,0.225,14097.455,84.005,-21.321,-3.491,2684.148,15.995,1.068891611,106.8891611,High,0.225
Croatia,1993,HRV,84.006,4.325,3.483,17528.975,4.21,2.848,14709.022,83.913,4.907,0.635,2819.952,16.087,0.182314097,18.2314097,Low,2.848
Croatia,1994,HRV,84.863,1.02,0.857,17608.57,-2.438,-1.718,14269.982,81.04,19.088,2.576,3338.588,18.96,3.005834306,300.5834306,High,-1.719
Croatia,1995,HRV,87.85,3.519,2.986,18274.979,3.263,2.244,14773.343,80.839,4.611,0.743,3501.635,19.161,0.248827863,24.88278634,Low,2.243
Croatia,1996,HRV,94.241,7.275,6.391,19804.262,-0.077,-0.055,14912.375,75.299,38.299,6.446,4891.887,24.701,1.008605852,100.8605852,High,-0.055
Croatia,1997,HRV,93.359,-0.936,-0.882,19815.602,7.165,5.085,16141.165,81.457,-25.627,-5.967,3674.435,18.543,6.765306122,676.5306122,High,5.085
Croatia,1998,HRV,98.731,5.755,5.373,21187.268,6.378,4.85,17360.189,81.937,3.006,0.522,3827.079,18.063,0.097152429,9.715242881,Low,4.851
Croatia,1999,HRV,102.114,3.427,3.383,22173.107,-0.591,-0.478,17462.223,78.754,21.654,3.861,4710.886,21.246,1.141294709,114.1294709,High,-0.478
Croatia,2000,HRV,96.55,-5.449,-5.565,21227.025,-3.673,-2.954,17031.225,80.234,-12.027,-2.611,4195.803,19.766,0.46918239,46.91823899,Low,-2.954
Croatia,2001,HRV,101.516,5.144,4.966,22525.262,3.816,2.956,17844.629,79.221,11.257,2.01,4680.634,20.779,0.404752316,40.47523157,Low,2.956
Croatia,2002,HRV,101.622,0.105,0.106,22668.963,5.125,4.121,18859.072,83.193,-18.509,-4.015,3809.892,16.807,-37.87735849,-3787.735849,Low,4.121
Croatia,2003,HRV,106.32,4.623,4.697,23832.379,7.036,5.948,20284.34,85.113,-6.727,-1.251,3548.038,14.887,-0.266340217,-26.63402172,Low,5.948
Croatia,2004,HRV,110.541,3.971,4.221,24877.861,-2.15,-1.946,19927.602,80.102,39.848,6.167,4950.26,19.898,1.461028192,146.1028192,High,-1.946
Croatia,2005,HRV,109.285,-1.136,-1.256,24671.021,0.588,0.521,20106.621,81.499,-7.509,-1.777,4564.402,18.501,1.414808917,141.4808917,High,0.521
Croatia,2006,HRV,107.95,-1.222,-1.335,24436.512,-0.038,-0.033,20154.234,82.476,-5.843,-1.302,4282.276,17.524,0.975280899,97.52808989,Medium,-0.033
Croatia,2007,HRV,108.455,0.468,0.505,24617.822,6.718,5.981,21566.877,87.607,-28.201,-5.476,3050.944,12.393,-10.84356436,-1084.356436,Low,5.981
Croatia,2008,HRV,107.864,-0.544,-0.59,24549.996,-3.802,-3.612,20803.086,84.738,23.249,3.022,3746.91,15.262,-5.122033898,-512.2033898,Low,-3.612
Croatia,2009,HRV,106.489,-1.275,-1.376,24300.623,-6.465,-5.909,19509.365,80.283,28.76,4.533,4791.26,19.717,-3.294331395,-329.4331395,Low,-5.909
Croatia,2010,HRV,108.264,1.667,1.775,24781.908,-3.569,-3.051,18871.111,76.149,22.772,4.826,5910.795,23.851,2.718873239,271.8873239,High,-3.051
Croatia,2011,HRV,94.448,-12.761,-13.816,21703.076,-3.206,-2.643,18336.824,84.49,-42.707,-11.173,3366.253,15.51,0.808700058,80.87000579,Medium,-2.643
Croatia,2012,HRV,87.595,-7.256,-6.854,20222.289,-8.776,-7.004,16805.686,83.105,4.949,0.15,3416.604,16.895,-0.021885031,-2.188503064,Low,-7.004
Croatia,2013,HRV,96.073,9.679,8.478,22296.646,-3.335,-2.428,16330.912,73.244,72.452,10.906,5965.734,26.756,1.286388299,128.6388299,High,-2.428
Croatia,2014,HRV,96.009,-0.067,-0.064,22411.174,-2.413,-1.698,16029.382,71.524,6.603,1.634,6381.791,28.476,-25.53125,-2553.125,Low,-1.698
Croatia,2015,HRV,91.02,-5.196,-4.989,21392.176,2.497,1.715,16542.156,77.328,-24.207,-6.703,4850.021,22.672,1.343555823,134.3555823,High,1.714
Croatia,2016,HRV,94.731,4.077,3.711,22428.08,2.449,1.724,17071.955,76.119,7.505,1.987,5356.125,23.881,0.535435193,53.54351927,Medium,1.724
Croatia,2017,HRV,94.783,0.056,0.053,22608.02,4.789,3.453,18023.051,79.72,-14.961,-3.401,4584.969,20.28,-64.16981132,-6416.981132,Low,3.454
Croatia,2018,HRV,98.16,3.563,3.377,23593.492,-5.239,-3.959,17210.01,72.944,41.759,7.336,6383.48,27.056,2.172342316,217.2342316,High,-3.959
Croatia,2019,HRV,95.813,-2.391,-2.347,23200.729,1.401,1.003,17580.949,75.778,-10.121,-3.35,5619.782,24.222,1.427354069,142.7354069,High,1.003
Croatia,2020,HRV,91.378,-4.629,-4.435,22304.447,-6.872,-4.989,16504.225,73.995,2.634,0.554,5800.224,26.005,-0.124915445,-12.49154453,Low,-4.989
Croatia,2021,HRV,98.312,7.588,6.934,24213.969,2.161,1.461,17013.49,70.263,24.459,5.472,7200.479,29.737,0.789154889,78.9154889,Medium,1.462
Croatia,2022,HRV,93.167,-5.233,-5.145,23116.369,-0.211,-0.146,17103.037,73.987,-20.649,-4.999,6013.332,26.013,0.971622935,97.16229349,Medium,-0.146
Croatia,2023,HRV,101.162,8.581,7.995,25236.199,0.432,0.297,17270.031,68.434,32.731,7.697,7966.17,31.566,0.962726704,96.27267042,Medium,0.298
Cuba,1980,CUB,133.394,,,13599.032,,,,,,,,,0,0,Low,0
Cuba,1981,CUB,135.572,1.633,2.178,13765.684,,,,,,,,,0,0,Low,2.178
Cuba,1982,CUB,146.746,8.242,11.173,14809.497,,,,,,,,,0,0,Low,11.173
Cuba,1983,CUB,135.08,-7.949,-11.665,13528.895,,,,,,,,,0,0,Low,-11.665
Cuba,1984,CUB,139.965,3.616,4.885,13905.373,,,,,,,,,0,0,Low,4.885
Cuba,1985,CUB,142.309,1.675,2.344,14021.914,,,,,,,,,0,0,Low,2.344
Cuba,1986,CUB,146.047,2.627,3.738,14268.729,,,,,,,,,0,0,Low,3.738
Cuba,1987,CUB,143.856,-1.501,-2.192,13930.179,,,,,,,,,0,0,Low,-2.192
Cuba,1988,CUB,145.933,1.444,2.078,13997.797,,,,,,,,,0,0,Low,2.078
Cuba,1989,CUB,148.813,1.973,2.88,14136.041,,,,,,,,,0,0,Low,2.88
Cuba,1990,CUB,145.703,-2.09,-3.11,13711.038,,,,,,,,,0,0,Low,-3.11
Cuba,1991,CUB,135.581,-6.947,-10.122,12654.743,,,,,,,,,0,0,Low,-10.122
Cuba,1992,CUB,120.641,-11.019,-14.939,11187.328,,,,,,,,,0,0,Low,-14.939
Cuba,1993,CUB,117.904,-2.269,-2.738,10875.773,,,,,,,,,0,0,Low,-2.738
Cuba,1994,CUB,119.188,1.089,1.284,10947.53,,,,,,,,,0,0,Low,1.284
Cuba,1995,CUB,121.513,1.95,2.325,11120.69,,,,,,,,,0,0,Low,2.325
Cuba,1996,CUB,125.305,3.121,3.792,11429.737,,,,,,,,,0,0,Low,3.792
Cuba,1997,CUB,137.901,10.052,12.596,12538.545,,,,,,,,,0,0,Low,12.596
Cuba,1998,CUB,131.183,-4.871,-6.717,11889.271,,,,,,,,,0,0,Low,-6.717
Cuba,1999,CUB,113.502,-13.478,-17.681,10253.048,,,,,,,,,0,0,Low,-17.681
Cuba,2000,CUB,109.77,-3.289,-3.733,9883.993,,,,,,,,,0,0,Low,-3.733
Cuba,2001,CUB,101.09,-7.907,-8.679,9075.244,,,,,,,,,0,0,Low,-8.679
Cuba,2002,CUB,102.3,1.196,1.21,9158.403,,,,,,,,,0,0,Low,1.21
Cuba,2003,CUB,103.838,1.504,1.539,9271.938,,,,,,,,,0,0,Low,1.539
Cuba,2004,CUB,105.136,1.25,1.298,9365.984,,,,,,,,,0,0,Low,1.298
Cuba,2005,CUB,103.455,-1.599,-1.681,9199.146,,,,,,,,,0,0,Low,-1.681
Cuba,2006,CUB,100.836,-2.531,-2.619,8954.739,,,,,,,,,0,0,Low,-2.619
Cuba,2007,CUB,101.842,0.997,1.006,9036.614,,,,,,,,,0,0,Low,1.006
Cuba,2008,CUB,116.499,14.392,14.657,10330.99,,,,,,,,,0,0,Low,14.657
Cuba,2009,CUB,117.373,0.751,0.874,10402.473,,,,,,,,,0,0,Low,0.874
Cuba,2010,CUB,133.373,13.631,16,11812.895,,,,,,,,,0,0,Low,16
Cuba,2011,CUB,119.801,-10.175,-13.571,10603.101,,,,,,,,,0,0,Low,-13.571
Cuba,2012,CUB,130.39,8.839,10.589,11529.463,,,,,,,,,0,0,Low,10.589
Cuba,2013,CUB,125.375,-3.846,-5.015,11073.984,,,,,,,,,0,0,Low,-5.015
Cuba,2014,CUB,127.568,1.75,2.193,11257.336,,,,,,,,,0,0,Low,2.193
Cuba,2015,CUB,127.914,0.271,0.346,11280.011,,,,,,,,,0,0,Low,0.346
Cuba,2016,CUB,99.813,-21.969,-28.101,8800.3,,,,,,,,,0,0,Low,-28.101
Cuba,2017,CUB,106.089,6.288,6.276,9358.279,,,,,,,,,0,0,Low,6.276
Cuba,2018,CUB,111.234,4.849,5.145,9819.157,,,,,,,,,0,0,Low,5.145
Cuba,2019,CUB,108.711,-2.268,-2.523,9606.213,,,,,,,,,0,0,Low,-2.523
Cuba,2020,CUB,101.787,-6.368,-6.923,9007.181,,,,,,,,,0,0,Low,-6.923
Cuba,2021,CUB,103.891,2.067,2.104,9229.538,,,,,,,,,0,0,Low,2.104
Cyprus,1965,CYP,4.68,,,7581.157,,,,,,,0,,0,0,Low,0
Cyprus,1966,CYP,5.339,14.067,0.658,8575.083,,,,,,0,0,,0,0,Low,0.658
Cyprus,1967,CYP,5.787,8.403,0.449,9219.807,,,,,,0,0,,0,0,Low,0.449
Cyprus,1968,CYP,6.427,11.059,0.64,10162.369,,,,,,0,0,,0,0,Low,0.64
Cyprus,1969,CYP,7.59,18.088,1.163,11918.084,,,,,,0,0,,0,0,Low,1.163
Cyprus,1970,CYP,8.005,5.468,0.415,12491.854,,,,,,0,0,,0,0,Low,0.415
Cyprus,1971,CYP,9.549,19.284,1.544,14817.312,,,,,,0,0,,0,0,Low,1.544
Cyprus,1972,CYP,10.737,12.447,1.189,16578.896,,,,,,0,0,,0,0,Low,1.189
Cyprus,1973,CYP,11.519,7.285,0.782,17702.572,,,,,,0,0,,0,0,Low,0.782
Cyprus,1974,CYP,10.213,-11.338,-1.306,15746.498,,,,,,0,0,,0,0,Low,-1.306
Cyprus,1975,CYP,8.53,-16.477,-1.683,13225.367,,,,,,0,0,,0,0,Low,-1.683
Cyprus,1976,CYP,8.673,1.674,0.143,13366.282,,,,,,0,0,,0,0,Low,0.143
Cyprus,1977,CYP,9.797,12.959,1.124,14924.848,,,,,,0,0,,0,0,Low,1.124
Cyprus,1978,CYP,10.044,2.526,0.248,15127.761,,,,,,0,0,,0,0,Low,0.248
Cyprus,1979,CYP,10.193,1.477,0.148,15176.443,,,,,,0,0,,0,0,Low,0.148
Cyprus,1980,CYP,10.279,0.842,0.086,15130.458,,,,,,0,0,,0,0,Low,0.086
Cyprus,1981,CYP,9.856,-4.11,-0.422,14342.979,,,,,,0,0,,0,0,Low,-0.422
Cyprus,1982,CYP,11.814,19.862,1.958,16968.061,,,,,,0,0,,0,0,Low,1.958
Cyprus,1983,CYP,12.431,5.222,0.617,17570.262,,,,,,0,0,,0,0,Low,0.617
Cyprus,1984,CYP,12.612,1.463,0.182,17524.965,,,,,,0,0,,0,0,Low,0.182
Cyprus,1985,CYP,13.565,7.555,0.953,18540.295,,,,,,0,0,,0,0,Low,0.953
Cyprus,1986,CYP,14.143,4.261,0.578,19024.035,,,,,,0,0,,0,0,Low,0.578
Cyprus,1987,CYP,17.281,22.183,3.137,22887.57,,,,,,0,0,,0,0,Low,3.137
Cyprus,1988,CYP,17.845,3.265,0.564,23283.676,,,,,,0,0,,0,0,Low,0.564
Cyprus,1989,CYP,18.312,2.617,0.467,23549.455,,,,,,0,0,,0,0,Low,0.467
Cyprus,1990,CYP,19.275,5.256,0.963,24444.529,,,,,,0,0,,0,0,Low,0.963
Cyprus,1991,CYP,19.512,1.233,0.238,24418.672,,,,,,0,0,,0,0,Low,0.238
Cyprus,1992,CYP,22.797,16.833,3.285,28128.943,,,,,,0,0,,0,0,Low,3.285
Cyprus,1993,CYP,23.69,3.919,0.893,28680.846,,,,,,0,0,,0,0,Low,0.893
Cyprus,1994,CYP,23.732,0.178,0.042,28103.857,,,,,,0,0,,0,0,Low,0.042
Cyprus,1995,CYP,25.231,6.313,1.498,29255.701,,,,,,0,0,,0,0,Low,1.498
Cyprus,1996,CYP,25.605,1.483,0.374,29094.268,,,,,,0,0,,0,0,Low,0.374
Cyprus,1997,CYP,25.852,0.964,0.247,28804.803,,,,,,0,0,,0,0,Low,0.247
Cyprus,1998,CYP,27.447,6.17,1.595,30007.211,,,,,,0,0,,0,0,Low,1.595
Cyprus,1999,CYP,28.881,5.225,1.434,31000.758,,,,,,0,0,,0,0,Low,1.434
Cyprus,2000,CYP,30.261,4.78,1.38,31912.982,,,,,,,,,0,0,Low,1.38
Cyprus,2001,CYP,30.61,1.152,0.349,31725.172,,,,,,,,,0,0,Low,0.349
Cyprus,2002,CYP,30.186,-1.384,-0.424,30732.92,,,,,,,,,0,0,Low,-0.424
Cyprus,2003,CYP,32.088,6.302,1.902,32076.912,,,,,,,,,0,0,Low,1.902
Cyprus,2004,CYP,31.228,-2.68,-0.86,30655.473,,,,,,,,,0,0,Low,-0.86
Cyprus,2005,CYP,34.993,12.055,3.764,33741.973,,,,,,,,,0,0,Low,3.764
Cyprus,2006,CYP,34.412,-1.66,-0.581,32604.191,,,32600.062,,,,,,0,0,Low,-0.581
Cyprus,2007,CYP,34.987,1.67,0.575,32579.771,1.623,0.558,32560.555,,,,,,0,0,Low,0.575
Cyprus,2008,CYP,35.855,2.483,0.869,32822.43,,,,,,,,,0,0,Low,0.869
Cyprus,2009,CYP,35.004,-2.375,-0.852,31506.953,,,,,,,,,0,0,Low,-0.852
Cyprus,2010,CYP,34.056,-2.707,-0.948,30146.273,,,,,,,,,0,0,Low,-0.948
Cyprus,2011,CYP,33.725,-0.972,-0.331,29451.955,,,,,,,,,0,0,Low,-0.331
Cyprus,2012,CYP,31.605,-6.287,-2.12,27326.793,,,,,,,,,0,0,Low,-2.12
Cyprus,2013,CYP,28.278,-10.525,-3.327,24232.332,,,,,,,,,0,0,Low,-3.327
Cyprus,2014,CYP,28.294,0.056,0.016,24039.48,,,,,,,,,0,0,Low,0.016
Cyprus,2015,CYP,29.184,3.146,0.89,24580.83,,,,,,,,,0,0,Low,0.89
Cyprus,2016,CYP,31.737,8.746,2.552,26494.055,,,,,,,,,0,0,Low,2.552
Cyprus,2017,CYP,32.596,2.706,0.859,26971.416,,,,,,,,,0,0,Low,0.859
Cyprus,2018,CYP,32.462,-0.41,-0.134,26633.77,,,,,,,,,0,0,Low,-0.134
Cyprus,2019,CYP,32.493,0.097,0.031,26442.418,,,,,,,,,0,0,Low,0.031
Cyprus,2020,CYP,28.281,-12.963,-4.212,22852.852,,,,,,,,,0,0,Low,-4.212
Cyprus,2021,CYP,29.842,5.518,1.561,23985.012,,,,,,,,,0,0,Low,1.561
Cyprus,2022,CYP,31.674,6.14,1.832,25309.33,,,,,,,,,0,0,Low,1.832
Cyprus,2023,CYP,32.096,1.33,0.421,25469.945,,,,,,,,,0,0,Low,0.421
Czechia,1965,CZE,468.778,,,48314.055,,,47633.898,98.592,,,680.159,1.408,0,0,Low,0
Czechia,1966,CZE,472.285,0.748,3.506,48529.977,0.841,3.885,47890.797,98.683,-5.743,-0.379,639.185,1.317,-0.108100399,-10.81003993,Low,3.885
Czechia,1967,CZE,464.94,-1.555,-7.344,47665.371,-1.444,-6.73,47090.621,98.794,-9.874,-0.614,574.746,1.206,0.083605664,8.360566449,Low,-6.73
Czechia,1968,CZE,484.892,4.291,19.952,49630.211,4.62,21.22,49186.141,99.105,-22.611,-1.268,444.071,0.895,-0.063552526,-6.355252606,Low,21.22
Czechia,1969,CZE,505.533,4.257,20.641,51676.969,4.461,21.438,51314.949,99.299,-18.373,-0.797,362.018,0.701,-0.03861247,-3.861247033,Low,21.438
Czechia,1970,CZE,526.872,4.221,21.339,53785.727,3.949,19.823,53269.441,99.04,42.804,1.516,516.281,0.96,0.071043629,7.104362904,Low,19.823
Czechia,1971,CZE,553.701,5.092,26.83,56404.84,5.426,28.315,56040.957,99.355,-29.369,-1.485,363.88,0.645,-0.05534849,-5.53484905,Low,28.315
Czechia,1972,CZE,556.845,0.568,3.144,56525.215,0.541,2.979,56145.809,99.329,4.636,0.166,379.406,0.671,0.052798982,5.279898219,Low,2.978
Czechia,1973,CZE,560.165,0.596,3.319,56580.559,0.698,3.86,56257.691,99.429,-14.478,-0.541,322.869,0.571,-0.163000904,-16.30009039,Low,3.86
Czechia,1974,CZE,566.171,1.072,6.007,56839.598,0.687,3.825,56299.605,99.05,68.27,2.182,539.99,0.95,0.363242883,36.32428833,Low,3.825
Czechia,1975,CZE,589.3,4.085,23.128,58778.789,4.127,23.143,58243.77,99.09,-0.275,-0.015,535.022,0.91,-0.000648565,-0.064856451,Low,23.143
Czechia,1976,CZE,605.729,2.788,16.429,60044.199,3,17.517,59620.344,99.294,-20.287,-1.088,423.849,0.706,-0.066224359,-6.622435936,Low,17.517
Czechia,1977,CZE,625.648,3.289,19.92,61673.676,3.056,18.379,61100.316,99.07,36.03,1.541,573.355,0.93,0.077359438,7.735943775,Low,18.379
Czechia,1978,CZE,634.403,1.399,8.754,62221.516,1.478,9.159,61690.785,99.147,-6.965,-0.405,530.733,0.853,-0.046264565,-4.626456477,Low,9.159
Czechia,1979,CZE,641.109,1.057,6.707,62600.953,0.849,5.338,61938.887,98.942,25.301,1.369,662.068,1.058,0.204115104,20.41151036,Low,5.338
Czechia,1980,CZE,620.836,-3.162,-20.274,60451.035,-3.245,-20.587,59760.301,98.857,4.623,0.313,690.728,1.143,-0.015438493,-1.543849265,Low,-20.587
Czechia,1981,CZE,616.225,-0.743,-4.61,59921.703,-0.588,-3.611,59329.082,99.011,-14.089,-0.999,592.615,0.989,0.21670282,21.670282,Low,-3.611
Czechia,1982,CZE,609.005,-1.172,-7.221,59162.891,-0.994,-6.065,58683.156,99.189,-18.971,-1.156,479.728,0.811,0.16008863,16.00886304,Low,-6.065
Czechia,1983,CZE,609.977,0.16,0.973,59231.66,0.074,0.45,58701.348,99.105,11.078,0.523,530.32,0.895,0.537512847,53.75128469,Medium,0.45
Czechia,1984,CZE,630.302,3.332,20.325,61196.082,3.049,18.432,60482.098,98.833,36.765,1.893,713.986,1.167,0.093136531,9.313653137,Low,18.432
Czechia,1985,CZE,631.51,0.192,1.208,61297.793,-0.511,-3.181,60157.984,98.141,60.347,4.389,1139.806,1.859,3.633278146,363.3278146,High,-3.181
Czechia,1986,CZE,638.553,1.115,7.044,61979.355,-0.679,-4.209,59747.395,96.399,97.271,11.253,2231.963,3.601,1.597529813,159.7529813,High,-4.209
Czechia,1987,CZE,653.255,2.302,14.702,63410.016,0.007,0.044,59755.094,94.236,64.062,14.658,3654.915,5.764,0.99700721,99.70072099,Medium,0.044
Czechia,1988,CZE,656.114,0.438,2.858,63674.707,0.126,0.777,59818.516,93.944,5.689,2.082,3856.195,6.056,0.728481456,72.84814556,Medium,0.776
Czechia,1989,CZE,636,-3.066,-20.114,61720.621,-3.322,-20.473,57829.645,93.696,1.049,0.36,3890.98,6.304,-0.017897982,-1.789798151,Low,-20.474
Czechia,1990,CZE,546.744,-14.034,-89.256,53075.812,-14.819,-88.305,49275.941,92.841,-2.24,-0.951,3799.87,7.159,0.010654746,1.06547459,Low,-88.305
Czechia,1991,CZE,497.639,-8.981,-49.105,48298.723,-9.379,-47.607,44645.07,92.435,-3.819,-1.498,3653.652,7.565,0.030506058,3.050605845,Low,-47.607
Czechia,1992,CZE,482.979,-2.946,-14.66,46841.379,-3.465,-15.94,43066.254,91.941,3.41,1.28,3775.124,8.059,-0.087312415,-8.731241473,Low,-15.94
Czechia,1993,CZE,478.929,-0.839,-4.05,46412.75,-1.252,-5.559,42494.316,91.557,3.86,1.509,3918.436,8.443,-0.372592593,-37.25925926,Low,-5.559
Czechia,1994,CZE,466.515,-2.592,-12.414,45199.211,-3.244,-14.226,41106.152,90.944,4.505,1.812,4093.06,9.056,-0.145964234,-14.59642339,Low,-14.226
Czechia,1995,CZE,486.214,4.223,19.699,47151.668,4.677,19.845,43068.957,91.341,-0.123,-0.146,4082.711,8.659,-0.007411544,-0.741154373,Low,19.845
Czechia,1996,CZE,502.922,3.436,16.708,48847.988,3.453,15.336,44625.66,91.356,3.677,1.372,4222.324,8.644,0.082116351,8.211635145,Low,15.336
Czechia,1997,CZE,482.32,-4.096,-20.602,46922.652,-4.257,-19.558,42795.09,91.203,-1.981,-1.044,4127.563,8.797,0.050674692,5.067469178,Low,-19.558
Czechia,1998,CZE,468.271,-2.913,-14.049,45623.383,-3.506,-15.425,41355.676,90.646,3.368,1.376,4267.706,9.354,-0.097942914,-9.794291409,Low,-15.425
Czechia,1999,CZE,448.987,-4.118,-19.284,43807.262,-4.953,-21.024,39363.711,89.857,4.218,1.74,4443.551,10.143,-0.090230243,-9.023024269,Low,-21.024
Czechia,2000,CZE,474.504,5.683,25.517,46362.199,6.179,24.928,41854.895,90.278,2.112,0.588,4507.304,9.722,0.023043461,2.304346122,Low,24.929
Czechia,2001,CZE,485.272,2.269,10.768,47434.898,1.655,7.091,42566.234,89.736,7.743,3.677,4868.663,10.264,0.34147474,34.147474,Low,7.091
Czechia,2002,CZE,486.757,0.306,1.485,47543.316,-2.482,-10.81,41477.52,87.242,25.861,12.295,6065.794,12.758,8.279461279,827.9461279,High,-10.81
Czechia,2003,CZE,514.55,5.71,27.794,50209.617,2.733,11.604,42569.887,84.784,26.641,16.19,7639.732,15.216,0.58249982,58.24998201,Medium,11.604
Czechia,2004,CZE,527.825,2.58,13.274,51439.855,2.358,10.289,43518.805,84.601,3.422,2.986,7921.051,15.399,0.224951032,22.49510321,Low,10.288
Czechia,2005,CZE,519.632,-1.552,-8.193,50547.258,-0.919,-4.102,43038.887,85.146,-5.218,-4.091,7508.37,14.854,0.499328695,49.93286952,Low,-4.102
Czechia,2006,CZE,529.455,1.89,9.823,51379.383,1.21,5.353,43455.23,84.577,6.751,4.47,7924.147,15.423,0.455054464,45.5054464,Low,5.353
Czechia,2007,CZE,523.705,-1.086,-5.75,50659.105,-1.207,-5.406,42793.555,84.474,0.084,-0.344,7865.555,15.526,0.059826087,5.982608696,Low,-5.406
Czechia,2008,CZE,513.619,-1.926,-10.087,49488.312,-2.867,-12.683,41403.492,83.663,5.9,2.596,8084.824,16.337,-0.25736096,-25.73609597,Low,-12.683
Czechia,2009,CZE,492.811,-4.051,-20.808,47287.844,-6.009,-25.821,38755.27,81.956,8.162,5.013,8532.576,18.044,-0.240916955,-24.0916955,Low,-25.821
Czechia,2010,CZE,513.649,4.228,20.838,49083.73,3.767,15.215,40049.055,81.593,7.246,5.623,9034.678,18.407,0.269843555,26.9843555,Low,15.215
Czechia,2011,CZE,501.976,-2.273,-11.673,47823.707,-3.971,-16.642,38342.859,80.175,6.574,4.969,9480.844,19.825,-0.425683201,-42.56832005,Low,-16.642
Czechia,2012,CZE,499.438,-0.505,-2.537,47515.48,-2.395,-9.64,37372.195,78.653,6.595,7.102,10143.288,21.347,-2.799369334,-279.9369334,Low,-9.639
Czechia,2013,CZE,490.221,-1.846,-9.217,46623.125,-3.435,-13.492,36076.68,77.379,4.054,4.274,10546.442,22.621,-0.463708365,-46.3708365,Low,-13.491
Czechia,2014,CZE,479.937,-2.098,-10.284,45633.617,-2.378,-9.02,35210.055,77.158,-0.212,-1.265,10423.564,22.842,0.123006612,12.30066122,Low,-9.019
Czechia,2015,CZE,470.716,-1.921,-9.221,44728.719,-0.048,-0.178,35170.961,78.632,-8.034,-9.043,9557.758,21.368,0.980696237,98.06962369,Medium,-0.178
Czechia,2016,CZE,464.374,-1.347,-6.342,44110.242,0.326,1.206,35272.867,79.965,-6.824,-7.548,8837.371,20.035,1.190160833,119.0160833,High,1.206
Czechia,2017,CZE,490.582,5.644,26.208,46583.156,4.035,14.984,36683.133,78.748,12.446,11.224,9900.028,21.252,0.428266178,42.82661783,Low,14.984
Czechia,2018,CZE,489.024,-0.318,-1.558,46420.777,-1.13,-4.367,36257.172,78.105,3.135,2.809,10163.61,21.895,-1.802952503,-180.2952503,Low,-4.367
Czechia,2019,CZE,477.905,-2.274,-11.119,45355.469,-3.597,-13.739,34945.473,77.048,3.064,2.619,10409.992,22.952,-0.235542765,-23.55427646,Low,-13.738
Czechia,2020,CZE,442.568,-7.394,-35.337,42025.414,-9.688,-35.673,31577.723,75.14,0.987,0.335,10447.692,24.86,-0.009480148,-0.948014829,Low,-35.672
Czechia,2021,CZE,466.406,5.386,23.838,44374.195,6.556,21.802,33712.715,75.974,1.82,2.036,10661.479,24.026,0.08540985,8.540984982,Low,21.802
Czechia,2022,CZE,455.731,-2.289,-10.675,43427.824,-2.982,-10.566,32759.732,75.435,-0.108,-0.109,10668.089,24.565,0.010210773,1.021077283,Low,-10.566
Czechia,2023,CZE,423.373,-7.1,-32.358,40339.277,-8.731,-30.016,29895.691,74.111,-1.975,-2.342,10443.587,25.889,0.072377774,7.237777366,Low,-30.016
Democratic Republic of Congo,1980,COD,26.256,,,983.06,,,,,,,,,0,0,Low,0
Democratic Republic of Congo,1981,COD,26.692,1.66,0.436,972.109,,,,,,,,,0,0,Low,0.436
Democratic Republic of Congo,1982,COD,27.079,1.449,0.387,959.584,,,,,,,,,0,0,Low,0.387
Democratic Republic of Congo,1983,COD,28.171,4.033,1.092,971.233,,,,,,,,,0,0,Low,1.092
Democratic Republic of Congo,1984,COD,28.037,-0.476,-0.134,938.313,,,,,,,,,0,0,Low,-0.134
Democratic Republic of Congo,1985,COD,28.493,1.627,0.456,925.087,,,,,,,,,0,0,Low,0.456
Democratic Republic of Congo,1986,COD,30.109,5.673,1.616,949.063,,,,,,,,,0,0,Low,1.616
Democratic Republic of Congo,1987,COD,28.673,-4.77,-1.436,876.508,,,,,,,,,0,0,Low,-1.436
Democratic Republic of Congo,1988,COD,31.45,9.686,2.777,931.851,,,,,,,,,0,0,Low,2.777
Democratic Republic of Congo,1989,COD,32.584,3.604,1.134,935.613,,,,,,,,,0,0,Low,1.134
Democratic Republic of Congo,1990,COD,31.186,-4.29,-1.398,866.574,,,,,,,,,0,0,Low,-1.398
Democratic Republic of Congo,1991,COD,28.944,-7.189,-2.242,778.168,,,,,,,,,0,0,Low,-2.242
Democratic Republic of Congo,1992,COD,31.928,10.31,2.984,832.923,,,,,,,,,0,0,Low,2.984
Democratic Republic of Congo,1993,COD,30.711,-3.81,-1.216,775.918,,,,,,,,,0,0,Low,-1.216
Democratic Republic of Congo,1994,COD,26.886,-12.456,-3.826,647.667,,,,,,,,,0,0,Low,-3.826
Democratic Republic of Congo,1995,COD,29.411,9.391,2.525,679.454,,,,,,,,,0,0,Low,2.525
Democratic Republic of Congo,1996,COD,30.089,2.307,0.679,682.007,,,,,,,,,0,0,Low,0.679
Democratic Republic of Congo,1997,COD,27.072,-10.027,-3.017,603.993,,,,,,,,,0,0,Low,-3.017
Democratic Republic of Congo,1998,COD,25.524,-5.72,-1.549,556.127,,,,,,,,,0,0,Low,-1.549
Democratic Republic of Congo,1999,COD,27.725,8.625,2.202,587.061,,,,,,,,,0,0,Low,2.202
Democratic Republic of Congo,2000,COD,21.33,-23.067,-6.395,438.74,,,,,,,,,0,0,Low,-6.395
Democratic Republic of Congo,2001,COD,20.976,-1.658,-0.354,418.631,,,,,,,,,0,0,Low,-0.354
Democratic Republic of Congo,2002,COD,21.56,2.783,0.584,417.325,,,,,,,,,0,0,Low,0.584
Democratic Republic of Congo,2003,COD,22.437,4.066,0.877,421.694,,,,,,,,,0,0,Low,0.877
Democratic Republic of Congo,2004,COD,25.43,13.344,2.994,463.926,,,,,,,,,0,0,Low,2.994
Democratic Republic of Congo,2005,COD,27.592,8.501,2.162,487.926,,,,,,,,,0,0,Low,2.162
Democratic Republic of Congo,2006,COD,29.113,5.511,1.521,498.666,,,,,,,,,0,0,Low,1.521
Democratic Republic of Congo,2007,COD,29.997,3.035,0.884,497.544,,,,,,,,,0,0,Low,0.884
Democratic Republic of Congo,2008,COD,28.388,-5.364,-1.609,456.029,,,,,,,,,0,0,Low,-1.609
Democratic Republic of Congo,2009,COD,27.775,-2.159,-0.613,432.157,,,,,,,,,0,0,Low,-0.613
Democratic Republic of Congo,2010,COD,30.719,10.599,2.944,462.693,,,,,,,,,0,0,Low,2.944
Democratic Republic of Congo,2011,COD,33.243,8.216,2.524,484.205,,,,,,,,,0,0,Low,2.524
Democratic Republic of Congo,2012,COD,32.713,-1.595,-0.53,460.754,,,,,,,,,0,0,Low,-0.53
Democratic Republic of Congo,2013,COD,39.533,20.85,6.821,538.16,,,,,,,,,0,0,Low,6.821
Democratic Republic of Congo,2014,COD,47.359,19.795,7.826,622.852,,,,,,,,,0,0,Low,7.826
Democratic Republic of Congo,2015,COD,36.524,-22.878,-10.835,464.344,,,,,,,,,0,0,Low,-10.835
Democratic Republic of Congo,2016,COD,33.68,-7.788,-2.844,413.596,,,,,,,,,0,0,Low,-2.844
Democratic Republic of Congo,2017,COD,36.642,8.797,2.963,434.753,,,,,,,,,0,0,Low,2.963
Democratic Republic of Congo,2018,COD,38.716,5.66,2.074,444.57,,,,,,,,,0,0,Low,2.074
Democratic Republic of Congo,2019,COD,39.839,2.9,1.123,443.118,,,,,,,,,0,0,Low,1.123
Democratic Republic of Congo,2020,COD,41.209,3.439,1.37,443.812,,,,,,,,,0,0,Low,1.37
Democratic Republic of Congo,2021,COD,39.402,-4.386,-1.808,410.887,,,,,,,,,0,0,Low,-1.808
Denmark,1965,DNK,166.208,,,34944.605,,,,,,,15.542,,0,0,Low,0
Denmark,1966,DNK,189.059,13.748,22.851,39416.855,,,,,4,0.003,16.029,,0.000131285,0.013128528,Low,22.848
Denmark,1967,DNK,190.123,0.563,1.064,39324.492,,,,,-3.846,-0.003,15.29,,-0.002819549,-0.281954887,Low,1.067
Denmark,1968,DNK,198.667,4.494,8.543,40812.922,,,,,-16,-0.012,12.757,,-0.001404659,-0.140465878,Low,8.555
Denmark,1969,DNK,228.047,14.788,29.38,46576.66,,,,,4.762,0.003,13.287,,0.00010211,0.010211028,Low,29.377
Denmark,1970,DNK,242.989,6.553,14.943,49358.32,,,,,9.091,0.006,14.416,,0.000401526,0.04015258,Low,14.937
Denmark,1971,DNK,229.635,-5.496,-13.354,46376.98,,,,,0,0,14.333,,0,0,Low,-13.354
Denmark,1972,DNK,242.342,5.534,12.707,48652.535,,,,,0,0,14.247,,0,0,Low,12.707
Denmark,1973,DNK,234.47,-3.249,-7.873,46813.574,,,,,0,0,14.169,,0,0,Low,-7.873
Denmark,1974,DNK,213.314,-9.023,-21.156,42378.215,,,,,0,0,14.099,,0,0,Low,-21.156
Denmark,1975,DNK,210.239,-1.441,-3.074,41564.062,,,,,-12.5,-0.009,12.276,,0.002927781,0.292778139,Low,-3.065
Denmark,1976,DNK,231.443,10.085,21.204,45570.688,,,,,-9.524,-0.006,11.062,,-0.000282965,-0.028296548,Low,21.21
Denmark,1977,DNK,236.189,2.051,4.746,46360.664,,,,,36.842,0.021,15.091,,0.004424779,0.442477876,Low,4.725
Denmark,1978,DNK,239.619,1.452,3.429,46901.902,,,,,15.385,0.012,17.364,,0.003499563,0.349956255,Low,3.417
Denmark,1979,DNK,239.139,-0.2,-0.48,46712.082,,,,,16.667,0.015,20.216,,-0.03125,-3.125,Low,-0.495
Denmark,1980,DNK,232.961,-2.583,-6.178,45452.262,,,,,27.429,0.028,25.731,,-0.004532211,-0.453221107,Low,-6.206
Denmark,1981,DNK,209.247,-10.179,-23.714,40812.961,,,,,3.139,0.004,26.53,,-0.000168677,-0.016867673,Low,-23.718
Denmark,1982,DNK,199.994,-4.422,-9.253,39012.621,,,,,6.087,0.008,28.149,,-0.000864584,-0.086458446,Low,-9.261
Denmark,1983,DNK,190.114,-4.941,-9.881,37100.109,,,37044.578,99.85,91.803,0.14,55.526,0.15,-0.014168606,-1.416860642,Low,-10.021
Denmark,1984,DNK,193.293,1.672,3.179,37742.77,1.67,3.171,37685.594,99.849,2.991,0.008,57.176,0.151,0.002516515,0.251651463,Low,3.171
Denmark,1985,DNK,217.816,12.687,24.523,42546.676,12.674,24.461,42477.383,99.837,21.473,0.062,69.291,0.163,0.002528239,0.25282388,Low,24.461
Denmark,1986,DNK,222.643,2.216,4.828,43490.426,2.099,4.564,43369.555,99.722,75.235,0.264,120.868,0.278,0.054681027,5.468102734,Low,4.564
Denmark,1987,DNK,214.641,-3.594,-8.003,41909.617,-3.684,-8.18,41754.273,99.629,28.752,0.177,155.342,0.371,-0.022116706,-2.211670624,Low,-8.18
Denmark,1988,DNK,212.306,-1.088,-2.334,41416.664,-1.288,-2.754,41179.656,99.428,53.104,0.419,237.006,0.572,-0.179520137,-17.95201371,Low,-2.753
Denmark,1989,DNK,195.815,-7.768,-16.492,38141.203,-8.06,-17.014,37802.922,99.113,42.719,0.522,338.28,0.887,-0.03165171,-3.165170992,Low,-17.014
Denmark,1990,DNK,201.961,3.139,6.146,39256.695,2.744,5.325,38759.516,98.734,46.943,0.821,497.181,1.266,0.133582818,13.35828181,Low,5.325
Denmark,1991,DNK,232.854,15.296,30.893,45141.34,15.072,30.054,44482.828,98.541,32.088,0.839,658.51,1.459,0.027158256,2.715825592,Low,30.054
Denmark,1992,DNK,218.137,-6.32,-14.717,42148.238,-6.874,-15.772,41288.051,97.959,30.665,1.055,860.188,2.041,-0.071685806,-7.168580553,Low,-15.772
Denmark,1993,DNK,231.304,6.036,13.167,44534.789,5.689,12.155,43482.887,97.638,22.239,1.011,1051.905,2.362,0.076782866,7.678286626,Low,12.156
Denmark,1994,DNK,248.056,7.243,16.752,47576.793,7.495,16.927,46562.387,97.868,-2.609,-0.174,1014.404,2.132,-0.010386819,-1.038681948,Low,16.926
Denmark,1995,DNK,243.62,-1.788,-4.436,46534.887,-1.97,-4.783,45458.383,97.687,6.394,0.347,1076.502,2.313,-0.078223625,-7.822362489,Low,-4.783
Denmark,1996,DNK,289.889,18.992,46.269,55153.883,19.145,45.563,53947.266,97.812,12.085,0.706,1206.616,2.188,0.015258596,1.525859647,Low,45.563
Denmark,1997,DNK,262.998,-9.276,-26.891,49834.898,-10.383,-29.441,48150.039,96.619,40.935,2.55,1684.86,3.381,-0.094827266,-9.482726563,Low,-29.441
Denmark,1998,DNK,253.691,-3.539,-9.307,47875.398,-4.831,-12.277,45636.859,95.324,34.013,2.97,2238.543,4.676,-0.319114645,-31.91146449,Low,-12.277
Denmark,1999,DNK,246.049,-3.012,-7.642,46251.039,-3.738,-9.04,43758.543,94.611,11.553,1.398,2492.5,5.389,-0.182936404,-18.29364041,Low,-9.04
Denmark,2000,DNK,236.519,-3.873,-9.529,44286.531,-5.607,-13.052,41144.105,92.904,27.24,3.523,3142.427,7.096,-0.369713506,-36.97135061,Low,-13.052
Denmark,2001,DNK,237.216,0.295,0.697,44250.59,-0.037,-0.08,40974.938,92.597,4.92,0.777,3275.657,7.403,1.114777618,111.4777618,High,-0.08
Denmark,2002,DNK,236.755,-0.194,-0.461,44017.227,-1.471,-3.231,40237.488,91.413,16.126,2.77,3779.738,8.587,-6.00867679,-600.867679,Low,-3.231
Denmark,2003,DNK,255.233,7.804,18.477,47297.211,6.771,14.655,42821.574,90.537,18.967,3.822,4475.639,9.463,0.206851762,20.68517616,Low,14.655
Denmark,2004,DNK,241.652,-5.321,-13.581,44621.559,-7.691,-17.772,39387.844,88.271,17.895,4.191,5233.716,11.729,-0.308592887,-30.85928871,Low,-17.772
Denmark,2005,DNK,233.617,-3.325,-8.035,42973.391,-4.141,-8.833,37612.758,87.526,3.053,0.798,5360.633,12.474,-0.099315495,-9.931549471,Low,-8.833
Denmark,2006,DNK,255.481,9.359,21.865,46809.781,11.595,23.709,41808.293,89.315,-5.751,-1.845,5001.487,10.685,-0.084381432,-8.438143151,Low,23.71
Denmark,2007,DNK,243.401,-4.728,-12.08,44418.504,-6.629,-15.126,38881.09,87.534,12.171,3.046,5537.413,12.466,-0.252152318,-25.21523179,Low,-15.126
Denmark,2008,DNK,234.872,-3.504,-8.529,42682.66,-3.674,-7.828,37295.715,87.379,-1.997,-0.7,5386.944,12.621,0.082072928,8.207292766,Low,-7.829
Denmark,2009,DNK,220.807,-5.988,-14.065,39954.535,-6.804,-13.964,34609.047,86.621,0.072,-0.101,5345.482,13.379,0.007180946,0.718094561,Low,-13.964
Denmark,2010,DNK,235.977,6.87,15.17,42511.805,4.169,7.975,35893.621,84.432,25.333,7.195,6618.181,15.568,0.474291365,47.42913645,Low,7.975
Denmark,2011,DNK,220.975,-6.357,-15.002,39629.48,-10.431,-20.782,32004.52,80.759,22.965,5.78,7624.965,19.241,-0.385281962,-38.52819624,Low,-20.782
Denmark,2012,DNK,205.243,-7.119,-15.731,36644.371,-10.296,-18.374,28581.471,77.997,10.409,2.643,8062.901,22.003,-0.168012205,-16.80122052,Low,-18.374
Denmark,2013,DNK,211.702,3.147,6.459,37633.344,2.244,3.593,29096.008,77.314,6.636,2.866,8537.335,22.686,0.443721938,44.37219384,Low,3.593
Denmark,2014,DNK,203.564,-3.844,-8.139,36024.77,-8.263,-13.524,26572.596,73.762,11.5,5.385,9452.174,26.238,-0.661629193,-66.16291928,Low,-13.524
Denmark,2015,DNK,198.975,-2.254,-4.589,35044.344,-4.591,-6.894,25231.445,71.999,4.577,2.305,9812.897,28.001,-0.50228808,-50.22880802,Low,-6.894
Denmark,2016,DNK,201.601,1.32,2.627,35326.188,2.811,4.027,25808.52,73.058,-2.543,-1.4,9517.667,26.942,-0.532927293,-53.29272935,Low,4.027
Denmark,2017,DNK,202.985,0.686,1.384,35380.039,-5.6,-8.248,24234.016,68.496,16.391,9.632,11146.023,31.504,6.959537572,695.9537572,High,-8.248
Denmark,2018,DNK,200.118,-1.412,-2.867,34702.457,0.249,0.346,24170.49,69.651,-4.37,-3.213,10531.966,30.349,1.120683641,112.0683641,High,0.346
Denmark,2019,DNK,196.046,-2.035,-4.072,33825.047,-7.312,-10.192,22290.203,65.899,10.496,6.12,11534.846,34.101,-1.502946955,-150.2946955,Low,-10.192
Denmark,2020,DNK,176.485,-9.978,-19.561,30294.584,-15.943,-20.597,18640.746,61.532,2.358,1.036,11653.837,38.468,-0.052962527,-5.296252748,Low,-20.597
Denmark,2021,DNK,189.435,7.338,12.95,32358.58,4.152,4.509,19319.908,59.706,10.269,8.441,13038.673,40.294,0.651814672,65.18146718,Medium,4.509
Denmark,2022,DNK,197.278,4.14,7.843,33537.797,2.479,2.804,19704.537,58.753,7.419,5.039,13833.258,41.247,0.642483743,64.24837435,Medium,2.804
Denmark,2023,DNK,195.523,-0.89,-1.755,33078.332,-3.4,-3.941,18942.352,57.265,3.329,2.186,14135.978,42.735,-1.245584046,-124.5584046,Low,-3.941
Djibouti,1980,DJI,6.345,,,19576.508,,,,,,,,,0,0,Low,0
Djibouti,1981,DJI,5.062,-20.219,-1.283,14831.604,,,,,,,,,0,0,Low,-1.283
Djibouti,1982,DJI,5.062,0,0,14255.496,,,,,,,,,0,0,Low,0
Djibouti,1983,DJI,3.797,-25,-1.266,10324.849,,,,,,,,,0,0,Low,-1.266
Djibouti,1984,DJI,3.173,-16.438,-0.624,8301.737,,,,,,,,,0,0,Low,-0.624
Djibouti,1985,DJI,3.164,-0.273,-0.009,7895.843,,,,,,,,,0,0,Low,-0.009
Djibouti,1986,DJI,2.848,-10,-0.316,6711.412,,,,,,,,,0,0,Low,-0.316
Djibouti,1987,DJI,2.91,2.179,0.062,6433.19,,,,,,,,,0,0,Low,0.062
Djibouti,1988,DJI,2.85,-2.044,-0.059,5909.012,,,,,,,,,0,0,Low,-0.059
Djibouti,1989,DJI,6.698,135.016,3.848,12853.945,,,,,,,,,0,0,Low,3.848
Djibouti,1990,DJI,6.882,2.741,0.184,11923.405,,,,,,,,,0,0,Low,0.184
Djibouti,1991,DJI,6.882,0,0,10949.371,,,,,,,,,0,0,Low,0
Djibouti,1992,DJI,6.968,1.254,0.086,11181.304,,,,,,,,,0,0,Low,0.086
Djibouti,1993,DJI,7.011,0.617,0.043,11470.606,,,,,,,,,0,0,Low,0.043
Djibouti,1994,DJI,7.201,2.713,0.19,11550.45,,,,,,,,,0,0,Low,0.19
Djibouti,1995,DJI,7.134,-0.934,-0.067,11330.889,,,,,,,,,0,0,Low,-0.067
Djibouti,1996,DJI,7.154,0.274,0.02,11097.016,,,,,,,,,0,0,Low,0.02
Djibouti,1997,DJI,7.201,0.667,0.048,10784.026,,,,,,,,,0,0,Low,0.048
Djibouti,1998,DJI,7.201,0,0,10362.896,,,,,,,,,0,0,Low,0
Djibouti,1999,DJI,7.201,0,0,10010.687,,,,,,,,,0,0,Low,0
Djibouti,2000,DJI,3.534,-50.93,-3.668,4762.17,,,,,,,,,0,0,Low,-3.668
Djibouti,2001,DJI,3.521,-0.372,-0.013,4599.132,,,,,,,,,0,0,Low,-0.013
Djibouti,2002,DJI,3.531,0.293,0.01,4474.387,,,,,,,,,0,0,Low,0.01
Djibouti,2003,DJI,3.663,3.732,0.132,4541.96,,,,,,,,,0,0,Low,0.132
Djibouti,2004,DJI,3.562,-2.737,-0.1,4353.042,,,,,,,,,0,0,Low,-0.1
Djibouti,2005,DJI,3.369,-5.436,-0.194,4054.557,,,,,,,,,0,0,Low,-0.194
Djibouti,2006,DJI,3.148,-6.551,-0.221,3716.954,,,,,,,,,0,0,Low,-0.221
Djibouti,2007,DJI,3.277,4.089,0.129,3787.355,,,,,,,,,0,0,Low,0.129
Djibouti,2008,DJI,3.664,11.825,0.387,4150.356,,,,,,,,,0,0,Low,0.387
Djibouti,2009,DJI,3.182,-13.164,-0.482,3531.152,,,,,,,,,0,0,Low,-0.482
Djibouti,2010,DJI,3.624,13.882,0.442,3942.156,,,,,,,,,0,0,Low,0.442
Djibouti,2011,DJI,2.737,-24.461,-0.886,2921.882,,,,,,,,,0,0,Low,-0.886
Djibouti,2012,DJI,3.612,31.952,0.875,3784.813,,,,,,,,,0,0,Low,0.875
Djibouti,2013,DJI,3.728,3.225,0.116,3836.707,,,,,,,,,0,0,Low,0.116
Djibouti,2014,DJI,4.138,10.996,0.41,4183.972,,,,,,,,,0,0,Low,0.41
Djibouti,2015,DJI,3.65,-11.808,-0.489,3626.965,,,,,,,,,0,0,Low,-0.489
Djibouti,2016,DJI,3.489,-4.402,-0.161,3409.709,,,,,,,,,0,0,Low,-0.161
Djibouti,2017,DJI,3.158,-9.479,-0.331,3036.137,,,,,,,,,0,0,Low,-0.331
Djibouti,2018,DJI,3.313,4.889,0.154,3133.48,,,,,,,,,0,0,Low,0.154
Djibouti,2019,DJI,3.06,-7.641,-0.253,2848.787,,,,,,,,,0,0,Low,-0.253
Djibouti,2020,DJI,2.945,-3.733,-0.114,2701.791,,,,,,,,,0,0,Low,-0.114
Djibouti,2021,DJI,3.079,4.539,0.134,2785.072,,,,,,,,,0,0,Low,0.134
Dominica,1980,DMA,0.147,,,2020.397,,,,,,,,,0,0,Low,0
Dominica,1981,DMA,0.21,42.571,0.063,2882.511,,,,,,,,,0,0,Low,0.063
Dominica,1982,DMA,0.207,-1.456,-0.003,2852.244,,,,,,,,,0,0,Low,-0.003
Dominica,1983,DMA,0.226,9.011,0.019,3124.752,,,,,,,,,0,0,Low,0.019
Dominica,1984,DMA,0.229,1.417,0.003,3183.684,,,,,,,,,0,0,Low,0.003
Dominica,1985,DMA,0.223,-2.873,-0.007,3107.056,,,,,,,,,0,0,Low,-0.007
Dominica,1986,DMA,0.187,-15.835,-0.035,2629.01,,,,,,,,,0,0,Low,-0.035
Dominica,1987,DMA,0.246,31.581,0.059,3479.255,,,,,,,,,0,0,Low,0.059
Dominica,1988,DMA,0.263,6.623,0.016,3731.591,,,,,,,,,0,0,Low,0.016
Dominica,1989,DMA,0.263,0.009,0,3753.906,,,,,,,,,0,0,Low,0
Dominica,1990,DMA,0.263,-0.054,0,3778.619,,,,,,,,,0,0,Low,0
Dominica,1991,DMA,0.263,0.061,0,3799.005,,,,,,,,,0,0,Low,0
Dominica,1992,DMA,0.263,0.016,0,3801.523,,,,,,,,,0,0,Low,0
Dominica,1993,DMA,0.262,-0.242,-0.001,3788.971,,,,,,,,,0,0,Low,-0.001
Dominica,1994,DMA,0.334,27.498,0.072,4829.25,,,,,,,,,0,0,Low,0.072
Dominica,1995,DMA,0.415,24.233,0.081,5999.083,,,,,,,,,0,0,Low,0.081
Dominica,1996,DMA,0.416,0.274,0.001,6019.151,,,,,,,,,0,0,Low,0.001
Dominica,1997,DMA,0.418,0.356,0.001,6048.09,,,,,,,,,0,0,Low,0.001
Dominica,1998,DMA,0.439,4.983,0.021,6362.287,,,,,,,,,0,0,Low,0.021
Dominica,1999,DMA,0.454,3.47,0.015,6606.403,,,,,,,,,0,0,Low,0.015
Dominica,2000,DMA,0.529,16.596,0.075,7741.992,,,,,,,,,0,0,Low,0.075
Dominica,2001,DMA,0.567,7.06,0.037,8312.158,,,,,,,,,0,0,Low,0.037
Dominica,2002,DMA,0.534,-5.761,-0.033,7820.661,,,,,,,,,0,0,Low,-0.033
Dominica,2003,DMA,0.596,11.562,0.062,8702.423,,,,,,,,,0,0,Low,0.062
Dominica,2004,DMA,0.706,18.47,0.11,10289.641,,,,,,,,,0,0,Low,0.11
Dominica,2005,DMA,0.676,-4.173,-0.029,9846.587,,,,,,,,,0,0,Low,-0.029
Dominica,2006,DMA,0.674,-0.283,-0.002,9808.021,,,,,,,,,0,0,Low,-0.002
Dominica,2007,DMA,0.815,20.816,0.14,11844.854,,,,,,,,,0,0,Low,0.14
Dominica,2008,DMA,0.734,-9.968,-0.081,10663.438,,,,,,,,,0,0,Low,-0.081
Dominica,2009,DMA,0.745,1.545,0.011,10826.458,,,,,,,,,0,0,Low,0.011
Dominica,2010,DMA,0.779,4.584,0.034,11327.723,,,,,,,,,0,0,Low,0.034
Dominica,2011,DMA,0.789,1.307,0.01,11478.59,,,,,,,,,0,0,Low,0.01
Dominica,2012,DMA,0.759,-3.777,-0.03,11020.953,,,,,,,,,0,0,Low,-0.03
Dominica,2013,DMA,0.759,-0.106,-0.001,11020.252,,,,,,,,,0,0,Low,-0.001
Dominica,2014,DMA,0.783,3.186,0.024,11281.383,,,,,,,,,0,0,Low,0.024
Dominica,2015,DMA,0.813,3.868,0.03,11610.774,,,,,,,,,0,0,Low,0.03
Dominica,2016,DMA,0.85,4.563,0.037,12128.221,,,,,,,,,0,0,Low,0.037
Dominica,2017,DMA,0.794,-6.608,-0.056,11274.687,,,,,,,,,0,0,Low,-0.056
Dominica,2018,DMA,0.819,3.12,0.025,11557.899,,,,,,,,,0,0,Low,0.025
Dominica,2019,DMA,0.789,-3.578,-0.029,11049.87,,,,,,,,,0,0,Low,-0.029
Dominica,2020,DMA,0.724,-8.272,-0.065,10056.246,,,,,,,,,0,0,Low,-0.065
Dominica,2021,DMA,0.764,5.505,0.04,10547.773,,,,,,,,,0,0,Low,0.04
Dominican Republic,1980,DOM,25.281,,,4392.319,,,,,,,,,0,0,Low,0
Dominican Republic,1981,DOM,25.344,0.248,0.063,4306.382,,,,,,,,,0,0,Low,0.063
Dominican Republic,1982,DOM,26.409,4.201,1.065,4390.509,,,,,,,,,0,0,Low,1.065
Dominican Republic,1983,DOM,31.466,19.151,5.058,5118.8,,,,,,,,,0,0,Low,5.058
Dominican Republic,1984,DOM,27.199,-13.561,-4.267,4329.653,,,,,,,,,0,0,Low,-4.267
Dominican Republic,1985,DOM,29.14,7.135,1.941,4540.488,,,,,,,,,0,0,Low,1.941
Dominican Republic,1986,DOM,31.827,9.221,2.687,4855.886,,,,,,,,,0,0,Low,2.687
Dominican Republic,1987,DOM,34.96,9.845,3.133,5223.644,,,,,,,,,0,0,Low,3.133
Dominican Republic,1988,DOM,38.743,10.82,3.783,5669.02,,,,,,,,,0,0,Low,3.783
Dominican Republic,1989,DOM,37.685,-2.731,-1.058,5399.004,,,,,,,,,0,0,Low,-1.058
Dominican Republic,1990,DOM,40.659,7.891,2.974,5703.297,,,,,,,,,0,0,Low,2.974
Dominican Republic,1991,DOM,39.301,-3.34,-1.358,5399.624,,,,,,,,,0,0,Low,-1.358
Dominican Republic,1992,DOM,42.027,6.936,2.726,5658.354,,,,,,,,,0,0,Low,2.726
Dominican Republic,1993,DOM,39.411,-6.225,-2.616,5201.967,,,,,,,,,0,0,Low,-2.616
Dominican Republic,1994,DOM,42.874,8.789,3.464,5550.848,,,,,,,,,0,0,Low,3.464
Dominican Republic,1995,DOM,46.279,7.941,3.405,5880.611,,,,,,,,,0,0,Low,3.405
Dominican Republic,1996,DOM,50.296,8.68,4.017,6277.345,,,,,,,,,0,0,Low,4.017
Dominican Republic,1997,DOM,53.197,5.768,2.901,6527.224,,,,,,,,,0,0,Low,2.901
Dominican Republic,1998,DOM,55.066,3.512,1.868,6648.758,,,,,,,,,0,0,Low,1.868
Dominican Republic,1999,DOM,62.542,13.576,7.476,7435.384,,,,,,,,,0,0,Low,7.476
Dominican Republic,2000,DOM,86.211,37.845,23.669,10094.044,,,,,,,,,0,0,Low,23.669
Dominican Republic,2001,DOM,83.807,-2.789,-2.404,9667.4,,,,,,,,,0,0,Low,-2.404
Dominican Republic,2002,DOM,88.521,5.625,4.714,10064.789,,,,,,,,,0,0,Low,4.714
Dominican Republic,2003,DOM,81.212,-8.257,-7.309,9104.642,,,,,,,,,0,0,Low,-7.309
Dominican Republic,2004,DOM,75.582,-6.933,-5.631,8357.896,,,,,,,,,0,0,Low,-5.631
Dominican Republic,2005,DOM,83.079,9.92,7.498,9065.088,,,,,,,,,0,0,Low,7.498
Dominican Republic,2006,DOM,82.922,-0.189,-0.157,8931.601,,,,,,,,,0,0,Low,-0.157
Dominican Republic,2007,DOM,85.242,2.798,2.32,9066.198,,,,,,,,,0,0,Low,2.32
Dominican Republic,2008,DOM,84.755,-0.572,-0.487,8900.079,,,,,,,,,0,0,Low,-0.487
Dominican Republic,2009,DOM,83.736,-1.203,-1.019,8679.013,,,,,,,,,0,0,Low,-1.019
Dominican Republic,2010,DOM,87.8,4.853,4.064,8981.36,,,,,,,,,0,0,Low,4.064
Dominican Republic,2011,DOM,86.398,-1.596,-1.402,8723.768,,,,,,,,,0,0,Low,-1.402
Dominican Republic,2012,DOM,95.898,10.995,9.5,9560.256,,,,,,,,,0,0,Low,9.5
Dominican Republic,2013,DOM,91.435,-4.653,-4.462,9002.167,,,,,,,,,0,0,Low,-4.462
Dominican Republic,2014,DOM,87.788,-3.989,-3.647,8537.962,,,,,,,,,0,0,Low,-3.647
Dominican Republic,2015,DOM,97.343,10.884,9.555,9354.642,,,,,,,,,0,0,Low,9.555
Dominican Republic,2016,DOM,103.54,6.366,6.197,9835.123,,,,,,,,,0,0,Low,6.197
Dominican Republic,2017,DOM,102.122,-1.37,-1.418,9591.366,,,,,,,,,0,0,Low,-1.418
Dominican Republic,2018,DOM,112.906,10.56,10.784,10487.733,,,,,,,,,0,0,Low,10.784
Dominican Republic,2019,DOM,120.771,6.966,7.865,11098.332,,,,,,,,,0,0,Low,7.865
Dominican Republic,2020,DOM,104.46,-13.505,-16.311,9496.668,,,,,,,,,0,0,Low,-16.311
Dominican Republic,2021,DOM,111.041,6.3,6.58,9987.583,,,,,,,,,0,0,Low,6.58
East Timor,2003,TLS,0.699,,,754.4,,,,,,,,,0,0,Low,0
East Timor,2004,TLS,0.757,8.282,0.058,800.244,,,,,,,,,0,0,Low,0.058
East Timor,2005,TLS,0.76,0.348,0.003,783.706,,,,,,,,,0,0,Low,0.003
East Timor,2006,TLS,0.775,2.023,0.015,779.26,,,,,,,,,0,0,Low,0.015
East Timor,2007,TLS,0.802,3.508,0.027,786.973,,,,,,,,,0,0,Low,0.027
East Timor,2008,TLS,0.882,9.903,0.079,845.242,,,,,,,,,0,0,Low,0.079
East Timor,2009,TLS,0.987,11.9,0.105,925.888,,,,,,,,,0,0,Low,0.105
East Timor,2010,TLS,1.027,4.087,0.04,943.407,,,,,,,,,0,0,Low,0.04
East Timor,2011,TLS,1.065,3.759,0.039,957.329,,,,,,,,,0,0,Low,0.039
East Timor,2012,TLS,1.263,18.512,0.197,1109.922,,,,,,,,,0,0,Low,0.197
East Timor,2013,TLS,1.901,50.522,0.638,1636.337,,,,,,,,,0,0,Low,0.638
East Timor,2014,TLS,2.181,14.74,0.28,1840.639,,,,,,,,,0,0,Low,0.28
East Timor,2015,TLS,2.138,-1.95,-0.043,1773.346,,,,,,,,,0,0,Low,-0.043
East Timor,2016,TLS,2.093,-2.122,-0.045,1709.139,,,,,,,,,0,0,Low,-0.045
East Timor,2017,TLS,2.135,1.993,0.042,1717.026,,,,,,,,,0,0,Low,0.042
East Timor,2018,TLS,2.164,1.366,0.029,1714.814,,,,,,,,,0,0,Low,0.029
East Timor,2019,TLS,2.18,0.769,0.017,1702.919,,,,,,,,,0,0,Low,0.017
East Timor,2020,TLS,2.067,-5.217,-0.114,1589.79,,,,,,,,,0,0,Low,-0.114
East Timor,2021,TLS,2.134,3.254,0.067,1615.498,,,,,,,,,0,0,Low,0.067
Ecuador,1965,ECU,8.657,,,1621.951,,,,,,,137.95,,0,0,Low,0
Ecuador,1966,ECU,9.112,5.262,0.456,1658.093,,,,,14.458,0.106,153.344,,0.23245614,23.24561404,Low,0.35
Ecuador,1967,ECU,9.86,8.199,0.747,1742.462,,,,,10.175,0.086,164.09,,0.115127175,11.51271754,Low,0.661
Ecuador,1968,ECU,11.642,18.078,1.782,1998.405,,,,,4.459,0.041,166.486,,0.023007856,2.300785634,Low,1.741
Ecuador,1969,ECU,12.369,6.248,0.727,2062.582,,,,,10.976,0.106,179.479,,0.145804677,14.58046768,Low,0.621
Ecuador,1970,ECU,14.773,19.432,2.404,2393.47,,,,,11.264,0.121,194.028,,0.050332779,5.03327787,Low,2.283
Ecuador,1971,ECU,16.231,9.872,1.458,2555.735,,,,,8.642,0.103,204.863,,0.070644719,7.064471879,Low,1.355
Ecuador,1972,ECU,16.959,4.484,0.728,2595.68,,,,,1.136,0.015,201.398,,0.020604396,2.06043956,Low,0.713
Ecuador,1973,ECU,18.152,7.033,1.193,2701.003,,,,,-2.247,-0.03,191.399,,-0.025146689,-2.514668902,Low,1.223
Ecuador,1974,ECU,21.188,16.724,3.036,3065.747,,,,,14.943,0.192,213.93,,0.063241107,6.324110672,Low,2.844
Ecuador,1975,ECU,21.458,1.277,0.271,3019.833,,,,,25.6,0.378,261.335,,1.394833948,139.4833948,High,-0.107
Ecuador,1976,ECU,23.625,10.096,2.166,3234.337,,,,,-3.662,-0.068,244.919,,-0.031394275,-3.139427516,Low,2.234
Ecuador,1977,ECU,28.093,18.915,4.469,3742.462,,,,,-7.769,-0.139,219.805,,-0.031103155,-3.110315507,Low,4.608
Ecuador,1978,ECU,29.384,4.594,1.291,3809.804,,,,,41.756,0.689,303.262,,0.53369481,53.36948102,Medium,0.602
Ecuador,1979,ECU,30.598,4.132,1.214,3862.172,,,,,-10.367,-0.242,264.627,,-0.199341021,-19.93410214,Low,1.456
Ecuador,1980,ECU,38.818,26.865,8.22,4771.244,,,,,22.99,0.482,316.93,,0.05863747,5.863746959,Low,7.738
Ecuador,1981,ECU,43.055,10.915,4.237,5154.685,,,,,-10.665,-0.275,275.782,,-0.064904414,-6.49044135,Low,4.512
Ecuador,1982,ECU,47.312,9.888,4.257,5519.013,,,,,14.891,0.343,308.716,,0.080573174,8.05731736,Low,3.914
Ecuador,1983,ECU,46.339,-2.058,-0.974,5268.238,,,,,92.29,2.442,578.564,,-2.507186858,-250.7186858,Low,-3.416
Ecuador,1984,ECU,51.571,11.291,5.232,5715.49,,,,,87.856,4.471,1059.511,,0.85454893,85.45489297,Medium,0.761
Ecuador,1985,ECU,60.968,18.223,9.398,6588.097,,,,,1.423,0.136,1047.725,,0.014471164,1.447116408,Low,9.262
Ecuador,1986,ECU,63.906,4.818,2.938,6733.95,,,,,22.354,2.167,1250.086,,0.737576583,73.75765827,Medium,0.771
Ecuador,1987,ECU,65.865,3.066,1.96,6769.744,,,,,13.908,1.65,1388.931,,0.841836735,84.18367347,Medium,0.31
Ecuador,1988,ECU,76.071,15.495,10.206,7630.175,,,,,5.602,0.757,1431.367,,0.074172056,7.417205565,Low,9.449
Ecuador,1989,ECU,78.448,3.124,2.376,7683.259,,,,,2.652,0.378,1434.736,,0.159090909,15.90909091,Low,1.998
Ecuador,1990,ECU,80.982,3.231,2.535,7749.599,,,6338.517,81.792,0.66,0.097,1411.081,18.208,0.0382643,3.82642998,Low,2.438
Ecuador,1991,ECU,89.439,10.443,8.457,8369.491,12.369,8.193,6964.938,83.218,1.789,0.264,1404.553,16.782,0.031216744,3.121674353,Low,8.193
Ecuador,1992,ECU,88.979,-0.514,-0.459,8152.61,-0.21,-0.157,6805.119,83.472,-2.016,-0.303,1347.492,16.528,0.660130719,66.0130719,Medium,-0.156
Ecuador,1993,ECU,92.231,3.655,3.252,8284.632,1.048,0.778,6741.403,81.372,16.82,2.474,1543.229,18.628,0.760762608,76.07626076,Medium,0.778
Ecuador,1994,ECU,100.323,8.773,8.091,8840.834,7.806,5.858,7130.043,80.649,12.997,2.233,1710.79,19.351,0.275985663,27.59856631,Low,5.858
Ecuador,1995,ECU,94.818,-5.487,-5.505,8201.073,-1.669,-1.351,6881.222,83.906,-21.396,-4.154,1319.851,16.094,0.754586739,75.45867393,Medium,-1.351
Ecuador,1996,ECU,107.914,13.811,13.095,9164.456,12.064,9.598,7571.5,82.618,22.921,3.498,1592.956,17.382,0.267124857,26.71248568,Low,9.597
Ecuador,1997,ECU,120.221,11.405,12.308,10028.598,13.172,11.744,8416.84,83.928,3.007,0.564,1611.758,16.072,0.045823854,4.58238544,Low,11.744
Ecuador,1998,ECU,120.844,0.518,0.623,9905.499,0.7,0.706,8328.537,84.08,-0.43,-0.083,1576.962,15.92,-0.133226324,-13.32263242,Low,0.706
Ecuador,1999,ECU,110.231,-8.783,-10.613,8880.938,-12.397,-12.596,7171.19,80.748,10.308,1.983,1709.749,19.252,-0.186846321,-18.68463206,Low,-12.596
Ecuador,2000,ECU,104.129,-5.536,-6.102,8246.84,-8.299,-7.387,6464.374,78.386,6.054,1.285,1782.466,21.614,-0.210586693,-21.05866929,Low,-7.387
Ecuador,2001,ECU,105.483,1.3,1.354,8211.651,3.784,3.088,6594.583,80.308,-7.102,-1.734,1617.068,19.692,-1.280649926,-128.0649926,Low,3.088
Ecuador,2002,ECU,104.109,-1.302,-1.374,7965.146,-3.026,-2.564,6284.884,78.905,6.415,1.19,1680.262,21.095,-0.866084425,-86.6084425,Low,-2.564
Ecuador,2003,ECU,106.607,2.399,2.498,8014.88,4.426,3.636,6449.297,80.467,-4.57,-1.138,1565.582,19.533,-0.455564452,-45.55644516,Low,3.636
Ecuador,2004,ECU,114.056,6.987,7.449,8426.991,8.049,6.904,6848.202,81.265,3.266,0.544,1578.79,18.735,0.073029937,7.30299369,Low,6.905
Ecuador,2005,ECU,120.725,5.847,6.669,8767.223,8.632,8.001,7312.162,83.403,-5.791,-1.332,1455.061,16.597,-0.199730094,-19.97300945,Low,8.001
Ecuador,2006,ECU,127.686,5.766,6.961,9114.504,6.203,6.246,7633.25,83.748,4.145,0.715,1481.254,16.252,0.102715127,10.27151271,Low,6.246
Ecuador,2007,ECU,134.253,5.143,6.567,9420.017,0.993,1.062,7577.718,80.443,27.248,5.505,1842.298,19.557,0.838282321,83.82823207,Medium,1.062
Ecuador,2008,ECU,143.285,6.728,9.033,9883.912,2.668,2.881,7648.416,77.382,24.272,6.151,2235.497,22.618,0.680947636,68.09476364,Medium,2.882
Ecuador,2009,ECU,139.805,-2.429,-3.48,9482.964,2.222,2.464,7687.909,81.071,-17.9,-5.943,1795.053,18.929,1.707758621,170.7758621,High,2.463
Ecuador,2010,ECU,155.194,11.008,15.389,10353.473,15.079,17.091,8701.494,84.044,-5.715,-1.702,1651.979,15.956,-0.110598479,-11.05984794,Low,17.091
Ecuador,2011,ECU,164.644,6.089,9.45,10805.037,1.978,2.58,8729.109,80.787,28.432,6.87,2075.929,19.213,0.726984127,72.6984127,Medium,2.58
Ecuador,2012,ECU,173.933,5.642,9.289,11233.192,4.798,6.382,9002.516,80.142,9.884,2.907,2230.676,19.858,0.312950802,31.2950802,Low,6.382
Ecuador,2013,ECU,179.509,3.206,5.576,11416.987,6.378,8.89,9431.035,82.605,-9.086,-3.314,1985.952,17.395,-0.594332855,-59.43328551,Low,8.89
Ecuador,2014,ECU,188.563,5.044,9.054,11816.219,5.158,7.648,9771.43,82.695,5.093,1.406,2044.79,17.305,0.155290479,15.52904793,Low,7.648
Ecuador,2015,ECU,188.046,-0.274,-0.517,11610.723,-3.15,-4.912,9324.604,80.31,14.357,4.395,2286.118,19.69,-8.500967118,-850.0967118,Low,-4.912
Ecuador,2016,ECU,187.404,-0.342,-0.642,11399.546,-5.316,-8.028,8698.032,76.302,20.728,7.386,2701.514,23.698,-11.5046729,-1150.46729,Low,-8.028
Ecuador,2017,ECU,195.11,4.112,7.706,11685.353,-2.334,-3.338,8364.049,71.577,26.021,11.044,3321.303,28.423,1.433168959,143.3168959,High,-3.338
Ecuador,2018,ECU,206.38,5.777,11.271,12128.832,7.256,10.133,8802.886,72.578,2.574,1.138,3325.946,27.422,0.100967084,10.09670837,Low,10.133
Ecuador,2019,ECU,211.333,2.4,4.953,12184.978,-3.64,-5.453,8321.976,68.297,18.936,10.406,3863.001,31.703,2.10094892,210.094892,High,-5.453
Ecuador,2020,ECU,182.862,-13.472,-28.471,10396.646,-18.927,-27.318,6652.962,63.991,-1.699,-1.153,3743.683,36.009,0.040497348,4.049734818,Low,-27.318
Ecuador,2021,ECU,212.597,16.261,29.734,11945.164,22.951,26.856,8083.739,67.674,5.007,2.878,3861.425,32.326,0.096791552,9.679155176,Low,26.856
Ecuador,2022,ECU,222.729,4.766,10.132,12373.124,8.957,12.887,8708.343,70.381,-3.592,-2.755,3664.78,29.619,-0.271910778,-27.19107777,Low,12.887
Ecuador,2023,ECU,234.31,5.2,11.581,12880.897,6.158,9.653,9148.316,71.022,3.367,1.928,3732.582,28.978,0.166479579,16.64795786,Low,9.653
Egypt,1965,EGY,91.675,,,2974.677,,,2808.456,94.412,,,166.222,5.588,0,0,Low,0
Egypt,1966,EGY,96.463,5.223,4.788,3051.35,5.215,4.513,2880.626,94.405,5.357,0.274,170.724,5.595,0.057226399,5.722639933,Low,4.514
Egypt,1967,EGY,82.585,-14.387,-13.878,2548.252,-15.699,-14.296,2368.813,92.958,7.748,0.418,179.438,7.042,-0.030119614,-3.011961378,Low,-14.296
Egypt,1968,EGY,89.118,7.91,6.533,2683.89,4.526,3.475,2416.661,90.043,52.584,3.058,267.229,9.957,0.468085106,46.80851064,Low,3.475
Egypt,1969,EGY,73.375,-17.665,-15.742,2158.35,-23.266,-18.67,1811.234,83.918,32.99,2.927,347.115,16.082,-0.185935713,-18.59357134,Low,-18.669
Egypt,1970,EGY,91.432,24.608,18.056,2628.706,25.971,15.992,2230.072,84.835,17.497,2.065,398.634,15.165,0.114366416,11.43664156,Low,15.991
Egypt,1971,EGY,93.99,2.799,2.559,2643.448,1.934,1.5,2223.722,84.122,7.634,1.059,419.727,15.878,0.413833529,41.38335287,Low,1.5
Egypt,1972,EGY,104.29,10.958,10.3,2870.57,12.597,9.96,2450.442,85.364,2.277,0.34,420.128,14.636,0.033009709,3.300970874,Low,9.96
Egypt,1973,EGY,98.573,-5.482,-5.717,2655.46,-6.393,-5.691,2244.977,84.542,-0.171,-0.026,410.482,15.458,0.00454784,0.454783978,Low,-5.691
Egypt,1974,EGY,112.037,13.66,13.465,2953.762,12.739,10.616,2476.934,83.857,18.696,2.849,476.828,16.143,0.211585592,21.15855923,Low,10.616
Egypt,1975,EGY,124.288,10.935,12.251,3205.322,10.912,10.251,2687.323,83.839,11.055,1.999,517.999,16.161,0.163170353,16.31703534,Low,10.252
Egypt,1976,EGY,148.624,19.58,24.336,3748.489,19.918,20.755,3151.593,84.076,17.827,3.581,596.896,15.924,0.147148258,14.71482577,Low,20.755
Egypt,1977,EGY,161.271,8.51,12.647,3974.42,7.674,9.589,3315.818,83.429,12.921,3.058,658.601,16.571,0.241796473,24.17964735,Low,9.589
Egypt,1978,EGY,170.354,5.632,9.082,4097.344,4.788,6.443,3391.08,82.763,9.878,2.64,706.263,17.237,0.290684871,29.06848712,Low,6.442
Egypt,1979,EGY,186.082,9.232,15.728,4364.79,11.832,16.682,3698.394,84.732,-3.249,-0.954,666.396,15.268,-0.060656155,-6.065615463,Low,16.682
Egypt,1980,EGY,211.662,13.747,25.581,4838.154,15.859,25.006,4175.615,86.306,2.024,0.575,662.538,13.694,0.02247762,2.247762011,Low,25.006
Egypt,1981,EGY,241.095,13.906,29.433,5369.658,15.447,28.218,4697.037,87.474,4.193,1.215,672.622,12.526,0.041280196,4.12801957,Low,28.218
Egypt,1982,EGY,268.999,11.574,27.903,5836.547,12.841,27.08,5163.417,88.467,2.726,0.823,673.131,11.533,0.029495036,2.949503638,Low,27.08
Egypt,1983,EGY,290.812,8.109,21.814,6141.286,10.007,23.813,5528.36,90.02,-6.445,-1.999,612.926,9.98,-0.091638397,-9.163839736,Low,23.813
Egypt,1984,EGY,317.112,9.044,26.3,6514.698,10.256,26.849,5929.704,91.02,-1.891,-0.549,584.994,8.98,-0.020874525,-2.087452471,Low,26.849
Egypt,1985,EGY,328.849,3.701,11.737,6572.277,4.56,13.162,6031.654,91.774,-5.004,-1.425,540.623,8.226,-0.121410923,-12.14109227,Low,13.162
Egypt,1986,EGY,336.317,2.271,7.467,6540.03,2.647,7.988,6024.124,92.112,-1.924,-0.52,515.906,7.888,-0.069639748,-6.963974823,Low,7.987
Egypt,1987,EGY,356.63,6.04,20.314,6749.079,6.56,20.321,6247.147,92.563,-0.028,-0.007,501.931,7.437,-0.00034459,-0.034458994,Low,20.321
Egypt,1988,EGY,361.877,1.471,5.247,6664.588,1.715,5.662,6183.779,92.786,-1.566,-0.415,480.81,7.214,-0.079092815,-7.909281494,Low,5.662
Egypt,1989,EGY,381.468,5.414,19.591,6840.526,5.255,17.645,6337.477,92.646,7.453,1.946,503.049,7.354,0.099331326,9.933132561,Low,17.645
Egypt,1990,EGY,391.323,2.584,9.856,6839.569,2.399,8.478,6325.174,92.479,4.912,1.378,514.395,7.521,0.139813312,13.98133117,Low,8.478
Egypt,1991,EGY,396.433,1.306,5.109,6763.79,1.442,5.219,6263.516,92.604,-0.372,-0.109,500.273,7.396,-0.021334899,-2.13348992,Low,5.218
Egypt,1992,EGY,392.626,-0.96,-3.807,6544.951,-0.943,-3.464,6061.888,92.619,-1.17,-0.343,483.062,7.381,0.090097189,9.009718939,Low,-3.464
Egypt,1993,EGY,392.913,0.073,0.287,6401.087,-0.159,-0.578,5914.896,92.405,2.985,0.865,486.19,7.595,3.013937282,301.3937282,High,-0.578
Egypt,1994,EGY,413.228,5.17,20.315,6582.588,5.078,18.436,6077.257,92.323,6.297,1.879,505.331,7.677,0.092493232,9.24932316,Low,18.436
Egypt,1995,EGY,437.821,5.951,24.593,6823.153,6.087,23.221,6307.394,92.441,4.325,1.372,515.758,7.559,0.055788232,5.578823242,Low,23.221
Egypt,1996,EGY,461.277,5.357,23.456,7035.391,5.582,22.593,6517.463,92.638,2.609,0.863,517.928,7.362,0.036792292,3.679229195,Low,22.593
Egypt,1997,EGY,480.5,4.167,19.224,7172.319,4.3,18.375,6652.766,92.756,2.499,0.849,519.552,7.244,0.044163546,4.416354557,Low,18.375
Egypt,1998,EGY,500.307,4.122,19.807,7309.517,4.223,18.821,6786.582,92.846,2.833,0.986,522.936,7.154,0.049780381,4.978038067,Low,18.821
Egypt,1999,EGY,536.889,7.312,36.581,7679.945,7.017,32.595,7110.927,92.591,11.136,3.986,569.019,7.409,0.10896367,10.89636697,Low,32.595
Egypt,2000,EGY,568.533,5.894,31.645,7965.848,5.886,29.261,7375.095,92.584,5.993,2.384,590.753,7.416,0.075335756,7.533575604,Low,29.261
Egypt,2001,EGY,593.314,4.359,24.78,8143.846,4.573,24.071,7555.379,92.774,2.347,0.709,588.467,7.226,0.028611784,2.86117837,Low,24.071
Egypt,2002,EGY,610.244,2.853,16.93,8202.89,3.33,18.331,7645.44,93.204,-2.641,-1.402,557.45,6.796,-0.082811577,-8.281157708,Low,18.332
Egypt,2003,EGY,645.992,5.858,35.748,8503.993,6.833,38.862,7999.052,94.062,-6.912,-3.114,504.942,5.938,-0.087109768,-8.710976838,Low,38.862
Egypt,2004,EGY,682.054,5.582,36.062,8798.149,5.923,35.988,8302.405,94.365,0.836,0.074,495.744,5.635,0.002052022,0.205202152,Low,35.988
Egypt,2005,EGY,699.417,2.546,17.363,8844.942,2.816,18.125,8368.58,94.614,-1.36,-0.763,476.363,5.386,-0.043944019,-4.394401889,Low,18.126
Egypt,2006,EGY,736.644,5.323,37.228,9136.145,5.56,36.795,8663.595,94.828,1.79,0.433,472.55,5.172,0.01163103,1.163103041,Low,36.795
Egypt,2007,EGY,784.579,6.507,47.935,9542.583,6.293,43.958,9030.8,94.637,11.132,3.977,511.784,5.363,0.082966517,8.296651716,Low,43.958
Egypt,2008,EGY,831.838,6.023,47.259,9921.167,5.966,44.299,9384.012,94.586,7.702,2.959,537.155,5.414,0.062612412,6.261241245,Low,44.3
Egypt,2009,EGY,861.671,3.586,29.833,10077.901,4.258,33.506,9594.103,95.199,-7.583,-3.672,483.799,4.801,-0.123085174,-12.30851741,Low,33.505
Egypt,2010,EGY,895.112,3.881,33.44,10258.876,4.251,34.868,9801.154,95.538,-2.856,-1.428,457.722,4.462,-0.042703349,-4.270334928,Low,34.868
Egypt,2011,EGY,941.574,5.191,46.462,10555.752,5.352,45.766,10100.223,95.685,2.367,0.696,455.53,4.315,0.014979984,1.497998364,Low,45.766
Egypt,2012,EGY,979.905,4.071,38.331,10739.813,4.24,38.197,10293.006,95.84,0.94,0.134,446.807,4.16,0.003495865,0.349586497,Low,38.197
Egypt,2013,EGY,973.269,-0.677,-6.636,10422.903,-0.672,-6.31,9989.811,95.845,-0.198,-0.326,433.091,4.155,0.04912598,4.912597951,Low,-6.31
Egypt,2014,EGY,961.971,-1.161,-11.297,10063.271,-1.161,-10.828,9645.122,95.845,-0.565,-0.469,418.149,4.155,0.041515447,4.151544658,Low,-10.828
Egypt,2015,EGY,976.108,1.47,14.137,9988.438,1.306,12.044,9557.997,95.691,5.865,2.092,430.441,4.309,0.147980477,14.79804768,Low,12.045
Egypt,2016,EGY,1030.261,5.548,54.153,10324.906,5.765,53.845,9900.272,95.887,1.33,0.307,424.633,4.113,0.005669123,0.566912267,Low,53.846
Egypt,2017,EGY,1070.745,3.93,40.484,10519.223,4.212,41.606,10113.971,96.148,-2.07,-1.121,405.252,3.852,-0.027689952,-2.768995159,Low,41.605
Egypt,2018,EGY,1071.346,0.056,0.6,10327.142,-0.166,-1.708,9907.259,95.934,6.218,2.309,419.883,4.066,3.848333333,384.8333333,High,-1.709
Egypt,2019,EGY,1051.106,-1.889,-20.24,9951.896,-3.001,-30.845,9439.065,94.847,24.808,10.605,512.83,5.153,-0.523962451,-52.39624506,Low,-30.845
Egypt,2020,EGY,989.069,-5.902,-62.037,9203.625,-7.267,-72.449,8602.723,93.471,19.662,10.412,600.903,6.529,-0.167835324,-16.78353241,Low,-72.449
Egypt,2021,EGY,1058.743,7.044,69.674,9689.934,7.619,70.436,9105.887,93.973,-0.817,-0.762,584.046,6.027,-0.010936648,-1.093664782,Low,70.436
Egypt,2022,EGY,1106.44,4.505,47.697,9968.82,4.87,48.452,9400.669,94.301,-0.821,-0.755,568.152,5.699,-0.015829088,-1.582908778,Low,48.452
Egypt,2023,EGY,1093.764,-1.146,-12.677,9703.661,-1.347,-14.055,9131.986,94.109,2.558,1.378,571.675,5.891,-0.108700797,-10.87007967,Low,-14.055
El Salvador,1980,SLV,13.244,,,2937.281,,,,,,,,,0,0,Low,0
El Salvador,1981,SLV,12.027,-9.194,-1.218,2643.662,,,,,,,,,0,0,Low,-1.218
El Salvador,1982,SLV,12.398,3.086,0.371,2695.201,,,,,,,,,0,0,Low,0.371
El Salvador,1983,SLV,12.471,0.594,0.074,2659.313,,,,,,,,,0,0,Low,0.074
El Salvador,1984,SLV,13.174,5.637,0.703,2754.854,,,,,,,,,0,0,Low,0.703
El Salvador,1985,SLV,13.407,1.764,0.232,2749.109,,,,,,,,,0,0,Low,0.232
El Salvador,1986,SLV,14.094,5.128,0.688,2835.412,,,,,,,,,0,0,Low,0.688
El Salvador,1987,SLV,13.735,-2.551,-0.36,2710.508,,,,,,,,,0,0,Low,-0.36
El Salvador,1988,SLV,14.982,9.084,1.248,2897.681,,,,,,,,,0,0,Low,1.248
El Salvador,1989,SLV,15.16,1.184,0.177,2876.148,,,,,,,,,0,0,Low,0.177
El Salvador,1990,SLV,15.718,3.681,0.558,2928.494,,,,,,,,,0,0,Low,0.558
El Salvador,1991,SLV,15.535,-1.164,-0.183,2844.645,,,,,,,,,0,0,Low,-0.183
El Salvador,1992,SLV,17.581,13.171,2.046,3166.474,,,,,,,,,0,0,Low,2.046
El Salvador,1993,SLV,18.218,3.624,0.637,3235.332,,,,,,,,,0,0,Low,0.637
El Salvador,1994,SLV,19.945,9.477,1.727,3503.343,,,,,,,,,0,0,Low,1.727
El Salvador,1995,SLV,24.837,24.527,4.892,4320.759,,,,,,,,,0,0,Low,4.892
El Salvador,1996,SLV,25.405,2.288,0.568,4382.319,,,,,,,,,0,0,Low,0.568
El Salvador,1997,SLV,25.216,-0.742,-0.189,4315.92,,,,,,,,,0,0,Low,-0.189
El Salvador,1998,SLV,28.748,14.005,3.532,4884.881,,,,,,,,,0,0,Low,3.532
El Salvador,1999,SLV,30.365,5.624,1.617,5125.835,,,,,,,,,0,0,Low,1.617
El Salvador,2000,SLV,29.403,-3.168,-0.962,4934.59,,,,,,,,,0,0,Low,-0.962
El Salvador,2001,SLV,30.531,3.838,1.129,5098.644,,,,,,,,,0,0,Low,1.129
El Salvador,2002,SLV,31.272,2.428,0.741,5202.291,,,,,,,,,0,0,Low,0.741
El Salvador,2003,SLV,33.366,6.694,2.094,5536.21,,,,,,,,,0,0,Low,2.094
El Salvador,2004,SLV,33.276,-0.269,-0.09,5513.259,,,,,,,,,0,0,Low,-0.09
El Salvador,2005,SLV,34.427,3.458,1.151,5701.853,,,,,,,,,0,0,Low,1.151
El Salvador,2006,SLV,36.387,5.694,1.96,6029.882,,,,,,,,,0,0,Low,1.96
El Salvador,2007,SLV,37.939,4.266,1.552,6277.061,,,,,,,,,0,0,Low,1.552
El Salvador,2008,SLV,37.234,-1.858,-0.705,6136.075,,,,,,,,,0,0,Low,-0.705
El Salvador,2009,SLV,35.896,-3.594,-1.338,5893.16,,,,,,,,,0,0,Low,-1.338
El Salvador,2010,SLV,37.191,3.606,1.294,6082.846,,,,,,,,,0,0,Low,1.294
El Salvador,2011,SLV,37.244,0.143,0.053,6068.424,,,,,,,,,0,0,Low,0.053
El Salvador,2012,SLV,37.562,0.855,0.318,6096.506,,,,,,,,,0,0,Low,0.318
El Salvador,2013,SLV,36.514,-2.79,-1.048,5903.089,,,,,,,,,0,0,Low,-1.048
El Salvador,2014,SLV,37.35,2.29,0.836,6015.019,,,,,,,,,0,0,Low,0.836
El Salvador,2015,SLV,38.634,3.436,1.283,6200.172,,,,,,,,,0,0,Low,1.283
El Salvador,2016,SLV,38.951,0.82,0.317,6231.595,,,,,,,,,0,0,Low,0.317
El Salvador,2017,SLV,38.685,-0.683,-0.266,6173.114,,,,,,,,,0,0,Low,-0.266
El Salvador,2018,SLV,41.711,7.821,3.026,6645.676,,,,,,,,,0,0,Low,3.026
El Salvador,2019,SLV,45.667,9.485,3.956,7271.521,,,,,,,,,0,0,Low,3.956
El Salvador,2020,SLV,42.26,-7.461,-3.407,6715.608,,,,,,,,,0,0,Low,-3.407
El Salvador,2021,SLV,44.682,5.732,2.422,7076.433,,,,,,,,,0,0,Low,2.422
Equatorial Guinea,1980,GNQ,0.25,,,884.108,,,,,,,,,0,0,Low,0
Equatorial Guinea,1981,GNQ,0.249,-0.251,-0.001,838.997,,,,,,,,,0,0,Low,-0.001
Equatorial Guinea,1982,GNQ,0.31,24.385,0.061,981.487,,,,,,,,,0,0,Low,0.061
Equatorial Guinea,1983,GNQ,0.31,0.012,0,920.376,,,,,,,,,0,0,Low,0
Equatorial Guinea,1984,GNQ,0.311,0.253,0.001,867.945,,,,,,,,,0,0,Low,0.001
Equatorial Guinea,1985,GNQ,0.371,19.286,0.06,979.568,,,,,,,,,0,0,Low,0.06
Equatorial Guinea,1986,GNQ,0.31,-16.391,-0.061,780.05,,,,,,,,,0,0,Low,-0.061
Equatorial Guinea,1987,GNQ,0.322,3.833,0.012,775.781,,,,,,,,,0,0,Low,0.012
Equatorial Guinea,1988,GNQ,0.323,0.242,0.001,747.352,,,,,,,,,0,0,Low,0.001
Equatorial Guinea,1989,GNQ,0.509,57.715,0.186,1134.428,,,,,,,,,0,0,Low,0.186
Equatorial Guinea,1990,GNQ,0.509,-0.003,0,1092.659,,,,,,,,,0,0,Low,0
Equatorial Guinea,1991,GNQ,0.509,0.004,0,1052.914,,,,,,,,,0,0,Low,0
Equatorial Guinea,1992,GNQ,0.51,0.254,0.001,1017.286,,,,,,,,,0,0,Low,0.001
Equatorial Guinea,1993,GNQ,0.509,-0.268,-0.001,977.697,,,,,,,,,0,0,Low,-0.001
Equatorial Guinea,1994,GNQ,0.509,0.001,0,941.932,,,,,,,,,0,0,Low,0
Equatorial Guinea,1995,GNQ,0.509,-0.007,0,907.036,,,,,,,,,0,0,Low,0
Equatorial Guinea,1996,GNQ,0.51,0.274,0.001,875.418,,,,,,,,,0,0,Low,0.001
Equatorial Guinea,1997,GNQ,0.574,12.526,0.064,947.674,,,,,,,,,0,0,Low,0.064
Equatorial Guinea,1998,GNQ,0.791,37.762,0.217,1255.437,,,,,,,,,0,0,Low,0.217
Equatorial Guinea,1999,GNQ,0.791,0.004,0,1207.001,,,,,,,,,0,0,Low,0
Equatorial Guinea,2000,GNQ,3.255,311.639,2.464,4751.271,,,,,,,,,0,0,Low,2.464
Equatorial Guinea,2001,GNQ,1.852,-43.102,-1.403,2574.472,,,,,,,,,0,0,Low,-1.403
Equatorial Guinea,2002,GNQ,28.258,1426,26.406,37471.238,,,,,,,,,0,0,Low,26.406
Equatorial Guinea,2003,GNQ,30.617,8.349,2.359,38771.441,,,,,,,,,0,0,Low,2.359
Equatorial Guinea,2004,GNQ,6.217,-79.694,-24.4,7523.655,,,,,,,,,0,0,Low,-24.4
Equatorial Guinea,2005,GNQ,22.617,263.779,16.4,26154.957,,,,,,,,,0,0,Low,16.4
Equatorial Guinea,2006,GNQ,27.632,22.171,5.015,30517.992,,,,,,,,,0,0,Low,5.015
Equatorial Guinea,2007,GNQ,30.564,10.612,2.932,32212.723,,,,,,,,,0,0,Low,2.932
Equatorial Guinea,2008,GNQ,30.279,-0.932,-0.285,30431.822,,,,,,,,,0,0,Low,-0.285
Equatorial Guinea,2009,GNQ,32.082,5.955,1.803,30738.887,,,,,,,,,0,0,Low,1.803
Equatorial Guinea,2010,GNQ,30.814,-3.951,-1.268,28152.885,,,,,,,,,0,0,Low,-1.268
Equatorial Guinea,2011,GNQ,33.128,7.509,2.314,28943.424,,,,,,,,,0,0,Low,2.314
Equatorial Guinea,2012,GNQ,32.216,-2.753,-0.912,26990.076,,,,,,,,,0,0,Low,-0.912
Equatorial Guinea,2013,GNQ,33.239,3.175,1.023,26720.799,,,,,,,,,0,0,Low,1.023
Equatorial Guinea,2014,GNQ,31.289,-5.866,-1.95,24158.016,,,,,,,,,0,0,Low,-1.95
Equatorial Guinea,2015,GNQ,27.944,-10.693,-3.346,20745.453,,,,,,,,,0,0,Low,-3.346
Equatorial Guinea,2016,GNQ,27.599,-1.233,-0.345,19728.445,,,,,,,,,0,0,Low,-0.345
Equatorial Guinea,2017,GNQ,30.995,12.306,3.396,21365.682,,,,,,,,,0,0,Low,3.396
Equatorial Guinea,2018,GNQ,28.107,-9.318,-2.888,18711.834,,,,,,,,,0,0,Low,-2.888
Equatorial Guinea,2019,GNQ,27.403,-2.505,-0.704,17644.693,,,,,,,,,0,0,Low,-0.704
Equatorial Guinea,2020,GNQ,18.08,-34.02,-9.323,11328.123,,,,,,,,,0,0,Low,-9.323
Equatorial Guinea,2021,GNQ,20.266,12.091,2.186,12399.339,,,,,,,,,0,0,Low,2.186
Eritrea,1994,ERI,3.884,,,1901.463,,,,,,,,,0,0,Low,0
Eritrea,1995,ERI,4.449,14.559,0.565,2062.443,,,,,,,,,0,0,Low,0.565
Eritrea,1996,ERI,4.548,2.211,0.098,2008.545,,,,,,,,,0,0,Low,0.098
Eritrea,1997,ERI,4.597,1.097,0.05,2006.214,,,,,,,,,0,0,Low,0.05
Eritrea,1998,ERI,4.882,6.193,0.285,2101.843,,,,,,,,,0,0,Low,0.285
Eritrea,1999,ERI,5.067,3.795,0.185,2150.386,,,,,,,,,0,0,Low,0.185
Eritrea,2000,ERI,2.599,-48.706,-2.468,1086.235,,,,,,,,,0,0,Low,-2.468
Eritrea,2001,ERI,2.847,9.548,0.248,1156.577,,,,,,,,,0,0,Low,0.248
Eritrea,2002,ERI,2.596,-8.82,-0.251,1019.168,,,,,,,,,0,0,Low,-0.251
Eritrea,2003,ERI,3.112,19.858,0.516,1172.767,,,,,,,,,0,0,Low,0.516
Eritrea,2004,ERI,3.389,8.903,0.277,1226.452,,,,,,,,,0,0,Low,0.277
Eritrea,2005,ERI,3.391,0.063,0.002,1197.504,,,,,,,,,0,0,Low,0.002
Eritrea,2006,ERI,2.332,-31.221,-1.059,809.802,,,,,,,,,0,0,Low,-1.059
Eritrea,2007,ERI,2.395,2.689,0.063,818.482,,,,,,,,,0,0,Low,0.063
Eritrea,2008,ERI,1.711,-28.546,-0.684,569.351,,,,,,,,,0,0,Low,-0.684
Eritrea,2009,ERI,2.068,20.827,0.356,670.504,,,,,,,,,0,0,Low,0.356
Eritrea,2010,ERI,2.061,-0.307,-0.006,654.89,,,,,,,,,0,0,Low,-0.006
Eritrea,2011,ERI,2.102,1.973,0.041,655.353,,,,,,,,,0,0,Low,0.041
Eritrea,2012,ERI,2.234,6.264,0.132,686.761,,,,,,,,,0,0,Low,0.132
Eritrea,2013,ERI,2.281,2.094,0.047,691.834,,,,,,,,,0,0,Low,0.047
Eritrea,2014,ERI,2.381,4.421,0.101,716.541,,,,,,,,,0,0,Low,0.101
Eritrea,2015,ERI,2.364,-0.721,-0.017,707.843,,,,,,,,,0,0,Low,-0.017
Eritrea,2016,ERI,2.406,1.781,0.042,715.034,,,,,,,,,0,0,Low,0.042
Eritrea,2017,ERI,2.644,9.87,0.237,778.286,,,,,,,,,0,0,Low,0.237
Eritrea,2018,ERI,3.019,14.18,0.375,876.149,,,,,,,,,0,0,Low,0.375
Eritrea,2019,ERI,3.277,8.544,0.258,936.479,,,,,,,,,0,0,Low,0.258
Eritrea,2020,ERI,3.135,-4.326,-0.142,881.588,,,,,,,,,0,0,Low,-0.142
Eritrea,2021,ERI,3.311,5.613,0.176,914.495,,,,,,,,,0,0,Low,0.176
Estonia,1985,EST,118.453,,,77633.625,,,77633.625,100,,,0,0,0,0,Low,0
Estonia,1986,EST,117.883,-0.481,-0.57,76745.102,-0.481,-0.57,76745.102,100,,0,0,0,0,0,Low,-0.57
Estonia,1987,EST,119.666,1.513,1.783,77318.375,1.513,1.783,77318.375,100,,0,0,0,0,0,Low,1.783
Estonia,1988,EST,117.633,-1.699,-2.033,75425.117,-1.699,-2.033,75425.117,100,,0,0,0,0,0,Low,-2.033
Estonia,1989,EST,121.225,3.054,3.592,77309.281,3.054,3.592,77309.281,100,,0,0,0,0,0,Low,3.592
Estonia,1990,EST,127.585,5.246,6.36,81229.359,5.246,6.36,81229.352,100,,0,0,0,0,0,Low,6.36
Estonia,1991,EST,116.75,-8.492,-10.835,74570.977,-8.492,-10.835,74570.969,100,,0,0,0,0,0,Low,-10.835
Estonia,1992,EST,81.29,-30.373,-35.46,52772.441,-30.373,-35.46,52772.449,100,,0,0,0,0,0,Low,-35.46
Estonia,1993,EST,67.562,-16.887,-13.728,44908.512,-16.887,-13.728,44908.512,100,,0,0,0,0,0,Low,-13.728
Estonia,1994,EST,68.539,1.446,0.977,46444.18,1.446,0.977,46444.18,100,,0,0,0,0,0,Low,0.977
Estonia,1995,EST,62.165,-9.299,-6.374,42790.711,-9.327,-6.393,42777.523,99.969,,0.019,13.184,0.031,-0.00298086,-0.298085974,Low,-6.393
Estonia,1996,EST,66.012,6.188,3.847,46012.145,6.195,3.85,46001.02,99.976,-16.667,-0.003,11.125,0.024,-0.000779828,-0.077982844,Low,3.85
Estonia,1997,EST,65.028,-1.492,-0.985,45746.004,-1.507,-0.994,45728.043,99.961,60,0.01,17.965,0.039,-0.010152284,-1.015228426,Low,-0.995
Estonia,1998,EST,58.334,-10.293,-6.693,41338.188,-10.316,-6.706,41311.039,99.934,50,0.013,27.145,0.066,-0.001942328,-0.194232781,Low,-6.706
Estonia,1999,EST,53.738,-7.88,-4.597,38288.625,-7.911,-4.612,38250.625,99.901,41.667,0.015,37.996,0.099,-0.003262998,-0.326299761,Low,-4.612
Estonia,2000,EST,55.496,3.272,1.758,39728.695,3.02,1.621,39592.426,99.657,252.941,0.137,136.272,0.343,0.077929465,7.79294653,Low,1.621
Estonia,2001,EST,57.846,4.234,2.35,41675.648,4.426,2.448,41609.387,99.841,-51,-0.098,66.26,0.159,-0.041702128,-4.170212766,Low,2.448
Estonia,2002,EST,57.607,-0.413,-0.239,41767.223,-0.439,-0.253,41689.918,99.815,15.646,0.015,77.304,0.185,-0.062761506,-6.276150628,Low,-0.254
Estonia,2003,EST,62.816,9.042,5.209,45828.633,9.004,5.177,45728.09,99.781,32.059,0.031,100.542,0.219,0.005951238,0.595123824,Low,5.178
Estonia,2004,EST,64.106,2.055,1.291,47051.02,1.984,1.243,46914.941,99.711,35.857,0.048,136.08,0.289,0.03718048,3.718048025,Low,1.243
Estonia,2005,EST,64.464,0.557,0.357,47586.574,0.344,0.22,47348.145,99.499,80.569,0.138,238.429,0.501,0.386554622,38.65546218,Low,0.219
Estonia,2006,EST,63.68,-1.215,-0.784,47285.801,-1.325,-0.85,46996.629,99.388,27.476,0.066,289.173,0.612,-0.084183673,-8.418367347,Low,-0.85
Estonia,2007,EST,73.746,15.806,10.065,55010.332,15.823,10.014,54681.934,99.403,10.253,0.051,328.402,0.597,0.005067064,0.506706408,Low,10.014
Estonia,2008,EST,67.856,-7.986,-5.89,50751.945,-8.281,-6.07,50287.504,99.085,59.065,0.181,464.443,0.915,-0.030730051,-3.073005093,Low,-6.071
Estonia,2009,EST,58.727,-13.453,-9.129,44005.016,-15.118,-10.164,42763.84,97.179,127.801,1.035,1241.178,2.821,-0.113374959,-11.33749589,Low,-10.164
Estonia,2010,EST,73.147,24.553,14.419,54934.047,22.383,12.774,52454.629,95.487,102.312,1.645,2479.417,4.513,0.114085582,11.40855815,Low,12.774
Estonia,2011,EST,72.963,-0.251,-0.184,54965.195,-0.762,-0.533,52215.496,94.997,8.669,0.349,2749.693,5.003,-1.89673913,-189.673913,Low,-0.533
Estonia,2012,EST,73.488,0.72,0.525,55559.734,-0.535,-0.371,52122.742,93.814,23.411,0.896,3436.992,6.186,1.706666667,170.6666667,High,-0.371
Estonia,2013,EST,77.463,5.41,3.976,58774.098,6.882,4.745,55908.348,95.124,-15.233,-0.769,2865.749,4.876,-0.193410463,-19.34104628,Low,4.745
Estonia,2014,EST,74.161,-4.263,-3.302,56416.676,-5.216,-3.843,53131.562,94.177,15.466,0.541,3285.118,5.823,-0.163840097,-16.38400969,Low,-3.843
Estonia,2015,EST,68.626,-7.464,-5.535,52200.957,-8.521,-5.952,48599.348,93.1,8.795,0.416,3601.606,6.9,-0.075158085,-7.515808491,Low,-5.951
Estonia,2016,EST,70.763,3.113,2.137,53774.238,3.3,2.108,50154.621,93.269,-0.626,0.028,3619.617,6.731,0.01310248,1.310248011,Low,2.109
Estonia,2017,EST,78.484,10.912,7.721,59568.504,10.432,6.885,55318.801,92.866,18.019,0.836,4249.703,7.134,0.10827613,10.827613,Low,6.885
Estonia,2018,EST,77.879,-0.771,-0.605,58903.477,-1.731,-1.262,54172.293,91.968,16.441,0.656,4731.181,8.032,-1.084297521,-108.4297521,Low,-1.261
Estonia,2019,EST,62.761,-19.413,-15.118,47293.754,-21.738,-15.57,42239.938,89.314,10.399,0.451,5053.813,10.686,-0.029831988,-2.983198836,Low,-15.569
Estonia,2020,EST,58.733,-6.417,-4.027,44178.688,-11.759,-6.592,37205.281,84.215,38.828,2.564,6973.403,15.785,-0.63670226,-63.67022597,Low,-6.591
Estonia,2021,EST,61.401,4.542,2.668,46211.348,5.961,2.949,39445.348,85.359,-1.33,-0.281,6766,14.641,-0.105322339,-10.53223388,Low,2.949
Estonia,2022,EST,63.392,3.242,1.991,47804.645,4.3,2.254,41223.449,86.233,-5.588,-0.263,6581.197,13.767,-0.132094425,-13.20944249,Low,2.254
Estonia,2023,EST,55.513,-12.43,-7.88,41967.047,-14.212,-7.769,35453.055,84.478,0.502,-0.111,6513.989,15.522,0.014086294,1.408629442,Low,-7.769
Eswatini,1980,SWZ,2.788,,,4657.874,,,,,,,,,0,0,Low,0
Eswatini,1981,SWZ,2.714,-2.671,-0.074,4403.667,,,,,,,,,0,0,Low,-0.074
Eswatini,1982,SWZ,2.393,-11.832,-0.321,3771.007,,,,,,,,,0,0,Low,-0.321
Eswatini,1983,SWZ,2.091,-12.601,-0.301,3189.903,,,,,,,,,0,0,Low,-0.301
Eswatini,1984,SWZ,2.447,17.037,0.356,3613.201,,,,,,,,,0,0,Low,0.356
Eswatini,1985,SWZ,3.077,25.718,0.629,4380.146,,,,,,,,,0,0,Low,0.629
Eswatini,1986,SWZ,2.957,-3.884,-0.12,4050.018,,,,,,,,,0,0,Low,-0.12
Eswatini,1987,SWZ,3.276,10.788,0.319,4318.252,,,,,,,,,0,0,Low,0.319
Eswatini,1988,SWZ,3.311,1.075,0.035,4168.178,,,,,,,,,0,0,Low,0.035
Eswatini,1989,SWZ,3.555,7.355,0.244,4303.98,,,,,,,,,0,0,Low,0.244
Eswatini,1990,SWZ,3.449,-2.987,-0.106,4038.231,,,,,,,,,0,0,Low,-0.106
Eswatini,1991,SWZ,3.528,2.296,0.079,3965.208,,,,,,,,,0,0,Low,0.079
Eswatini,1992,SWZ,3.455,-2.08,-0.073,3733.946,,,,,,,,,0,0,Low,-0.073
Eswatini,1993,SWZ,3.443,-0.345,-0.012,3610.69,,,,,,,,,0,0,Low,-0.012
Eswatini,1994,SWZ,4.458,29.485,1.015,4673.879,,,,,,,,,0,0,Low,1.015
Eswatini,1995,SWZ,4.365,-2.084,-0.093,4577.239,,,,,,,,,0,0,Low,-0.093
Eswatini,1996,SWZ,4.173,-4.386,-0.191,4286.543,,,,,,,,,0,0,Low,-0.191
Eswatini,1997,SWZ,4.289,2.782,0.116,4329.522,,,,,,,,,0,0,Low,0.116
Eswatini,1998,SWZ,5.31,23.785,1.02,5282.413,,,,,,,,,0,0,Low,1.02
Eswatini,1999,SWZ,5.412,1.924,0.102,5314.139,,,,,,,,,0,0,Low,0.102
Eswatini,2000,SWZ,6.269,15.848,0.858,6083.903,,,,,,,,,0,0,Low,0.858
Eswatini,2001,SWZ,6.323,0.857,0.054,6071.866,,,,,,,,,0,0,Low,0.054
Eswatini,2002,SWZ,6.515,3.031,0.192,6199.813,,,,,,,,,0,0,Low,0.192
Eswatini,2003,SWZ,5.992,-8.028,-0.523,5659.059,,,,,,,,,0,0,Low,-0.523
Eswatini,2004,SWZ,5.822,-2.836,-0.17,5462.625,,,,,,,,,0,0,Low,-0.17
Eswatini,2005,SWZ,6.024,3.476,0.202,5620.216,,,,,,,,,0,0,Low,0.202
Eswatini,2006,SWZ,6.129,1.746,0.105,5687.314,,,,,,,,,0,0,Low,0.105
Eswatini,2007,SWZ,6.387,4.204,0.258,5892.16,,,,,,,,,0,0,Low,0.258
Eswatini,2008,SWZ,6.173,-3.348,-0.214,5664.233,,,,,,,,,0,0,Low,-0.214
Eswatini,2009,SWZ,6.025,-2.4,-0.148,5503.006,,,,,,,,,0,0,Low,-0.148
Eswatini,2010,SWZ,5.661,-6.04,-0.364,5146.958,,,,,,,,,0,0,Low,-0.364
Eswatini,2011,SWZ,5.788,2.236,0.127,5236.062,,,,,,,,,0,0,Low,0.127
Eswatini,2012,SWZ,5.738,-0.856,-0.05,5162.853,,,,,,,,,0,0,Low,-0.05
Eswatini,2013,SWZ,5.651,-1.517,-0.087,5053.262,,,,,,,,,0,0,Low,-0.087
Eswatini,2014,SWZ,5.738,1.529,0.086,5096.139,,,,,,,,,0,0,Low,0.086
Eswatini,2015,SWZ,5.688,-0.857,-0.049,5016.504,,,,,,,,,0,0,Low,-0.049
Eswatini,2016,SWZ,6.019,5.805,0.33,5267.826,,,,,,,,,0,0,Low,0.33
Eswatini,2017,SWZ,6.395,6.248,0.376,5553.849,,,,,,,,,0,0,Low,0.376
Eswatini,2018,SWZ,6.758,5.679,0.363,5823.577,,,,,,,,,0,0,Low,0.363
Eswatini,2019,SWZ,6.761,0.042,0.003,5780.252,,,,,,,,,0,0,Low,0.003
Eswatini,2020,SWZ,6.629,-1.944,-0.131,5614.891,,,,,,,,,0,0,Low,-0.131
Eswatini,2021,SWZ,7.131,7.57,0.502,5981.112,,,,,,,,,0,0,Low,0.502
Ethiopia,1980,ETH,8.832,,,252.733,,,,,,,,,0,0,Low,0
Ethiopia,1981,ETH,8.91,0.879,0.078,248.739,,,,,,,,,0,0,Low,0.078
Ethiopia,1982,ETH,9.745,9.372,0.835,261.857,,,,,,,,,0,0,Low,0.835
Ethiopia,1983,ETH,11.135,14.272,1.391,291.233,,,,,,,,,0,0,Low,1.391
Ethiopia,1984,ETH,11.33,1.744,0.194,288.999,,,,,,,,,0,0,Low,0.194
Ethiopia,1985,ETH,13.345,17.785,2.015,331.247,,,,,,,,,0,0,Low,2.015
Ethiopia,1986,ETH,13.079,-1.987,-0.265,315.508,,,,,,,,,0,0,Low,-0.265
Ethiopia,1987,ETH,14.697,12.366,1.617,342.969,,,,,,,,,0,0,Low,1.617
Ethiopia,1988,ETH,14.425,-1.85,-0.272,324.074,,,,,,,,,0,0,Low,-0.272
Ethiopia,1989,ETH,15.168,5.154,0.743,328.35,,,,,,,,,0,0,Low,0.743
Ethiopia,1990,ETH,15.476,2.03,0.308,323.246,,,,,,,,,0,0,Low,0.308
Ethiopia,1991,ETH,13.418,-13.3,-2.058,268.696,,,,,,,,,0,0,Low,-2.058
Ethiopia,1992,ETH,18.051,34.525,4.633,347.05,,,,,,,,,0,0,Low,4.633
Ethiopia,1993,ETH,17.271,-4.32,-0.78,321.068,,,,,,,,,0,0,Low,-0.78
Ethiopia,1994,ETH,12.937,-25.093,-4.334,232.596,,,,,,,,,0,0,Low,-4.334
Ethiopia,1995,ETH,13.879,7.283,0.942,241.478,,,,,,,,,0,0,Low,0.942
Ethiopia,1996,ETH,11.653,-16.037,-2.226,196.359,,,,,,,,,0,0,Low,-2.226
Ethiopia,1997,ETH,11.743,0.768,0.09,191.773,,,,,,,,,0,0,Low,0.09
Ethiopia,1998,ETH,15.273,30.061,3.53,241.905,,,,,,,,,0,0,Low,3.53
Ethiopia,1999,ETH,18.113,18.596,2.84,278.333,,,,,,,,,0,0,Low,2.84
Ethiopia,2000,ETH,19.305,6.577,1.191,287.991,,,,,,,,,0,0,Low,1.191
Ethiopia,2001,ETH,21.019,8.883,1.715,304.547,,,,,,,,,0,0,Low,1.715
Ethiopia,2002,ETH,21.595,2.74,0.576,303.847,,,,,,,,,0,0,Low,0.576
Ethiopia,2003,ETH,23.357,8.158,1.762,319.221,,,,,,,,,0,0,Low,1.762
Ethiopia,2004,ETH,24.974,6.924,1.617,331.657,,,,,,,,,0,0,Low,1.617
Ethiopia,2005,ETH,28.678,14.833,3.704,370.189,,,,,,,,,0,0,Low,3.704
Ethiopia,2006,ETH,31.471,9.738,2.793,394.914,,,,,,,,,0,0,Low,2.793
Ethiopia,2007,ETH,34.836,10.693,3.365,424.853,,,,,,,,,0,0,Low,3.365
Ethiopia,2008,ETH,36.469,4.687,1.633,432.32,,,,,,,,,0,0,Low,1.633
Ethiopia,2009,ETH,37.707,3.395,1.238,434.64,,,,,,,,,0,0,Low,1.238
Ethiopia,2010,ETH,41.787,10.818,4.079,468.262,,,,,,,,,0,0,Low,4.079
Ethiopia,2011,ETH,47.217,12.995,5.43,514.245,,,,,,,,,0,0,Low,5.43
Ethiopia,2012,ETH,52.619,11.441,5.402,557.104,,,,,,,,,0,0,Low,5.402
Ethiopia,2013,ETH,61.419,16.723,8.8,632.633,,,,,,,,,0,0,Low,8.8
Ethiopia,2014,ETH,69.586,13.298,8.167,697.629,,,,,,,,,0,0,Low,8.167
Ethiopia,2015,ETH,73.311,5.353,3.725,715.425,,,,,,,,,0,0,Low,3.725
Ethiopia,2016,ETH,84.997,15.94,11.686,807.24,,,,,,,,,0,0,Low,11.686
Ethiopia,2017,ETH,86.015,1.198,1.018,794.977,,,,,,,,,0,0,Low,1.018
Ethiopia,2018,ETH,91.524,6.405,5.509,823.583,,,,,,,,,0,0,Low,5.509
Ethiopia,2019,ETH,105.218,14.962,13.694,921.991,,,,,,,,,0,0,Low,13.694
Ethiopia,2020,ETH,100.796,-4.203,-4.422,860.1,,,,,,,,,0,0,Low,-4.422
Ethiopia,2021,ETH,104.837,4.009,4.041,871.584,,,,,,,,,0,0,Low,4.041
Falkland Islands,1980,FLK,0.052,,,22965.031,,,,,,,,,0,0,Low,0
Falkland Islands,1981,FLK,0.052,-0.273,0,22963.303,,,,,,,,,0,0,Low,0
Falkland Islands,1982,FLK,0.052,0,0,23034.904,,,,,,,,,0,0,Low,0
Falkland Islands,1983,FLK,0.052,0,0,23024.648,,,,,,,,,0,0,Low,0
Falkland Islands,1984,FLK,0.052,0.274,0,23036.445,,,,,,,,,0,0,Low,0
Falkland Islands,1985,FLK,0.065,24.658,0.013,28716.881,,,,,,,,,0,0,Low,0.013
Falkland Islands,1986,FLK,0.05,-22.64,-0.015,22185.811,,,,,,,,,0,0,Low,-0.015
Falkland Islands,1987,FLK,0.05,0,0,21942.439,,,,,,,,,0,0,Low,0
Falkland Islands,1988,FLK,0.087,74.019,0.037,37802.594,,,,,,,,,0,0,Low,0.037
Falkland Islands,1989,FLK,0.125,43.207,0.038,53531.422,,,,,,,,,0,0,Low,0.038
Falkland Islands,1990,FLK,0.062,-50,-0.062,26481.332,,,,,,,,,0,0,Low,-0.062
Falkland Islands,1991,FLK,0.062,0,0,25995.234,,,,,,,,,0,0,Low,0
Falkland Islands,1992,FLK,0.062,0.274,0,25224.582,,,,,,,,,0,0,Low,0
Falkland Islands,1993,FLK,0.062,-0.273,0,24283.156,,,,,,,,,0,0,Low,0
Falkland Islands,1994,FLK,0.062,0,0,23398.639,,,,,,,,,0,0,Low,0
Falkland Islands,1995,FLK,0.125,100,0.062,45185.336,,,,,,,,,0,0,Low,0.062
Falkland Islands,1996,FLK,0.075,-39.556,-0.049,26588.848,,,,,,,,,0,0,Low,-0.049
Falkland Islands,1997,FLK,0.137,82.488,0.062,47351.461,,,,,,,,,0,0,Low,0.062
Falkland Islands,1998,FLK,0.075,-45.33,-0.062,25320.32,,,,,,,,,0,0,Low,-0.062
Falkland Islands,1999,FLK,0.075,0.007,0,24746.664,,,,,,,,,0,0,Low,0
Falkland Islands,2000,FLK,0.116,53.976,0.041,37317.547,,,,,,,,,0,0,Low,0.041
Falkland Islands,2001,FLK,0.128,11.012,0.013,40808.359,,,,,,,,,0,0,Low,0.013
Falkland Islands,2002,FLK,0.141,9.992,0.013,44560.195,,,,,,,,,0,0,Low,0.013
Falkland Islands,2003,FLK,0.154,9.116,0.013,48378.156,,,,,,,,,0,0,Low,0.013
Falkland Islands,2004,FLK,0.167,8.326,0.013,52046.82,,,,,,,,,0,0,Low,0.013
Falkland Islands,2005,FLK,0.167,-0.001,0,51820.352,,,,,,,,,0,0,Low,0
Falkland Islands,2006,FLK,0.193,15.4,0.026,59523.406,,,,,,,,,0,0,Low,0.026
Falkland Islands,2007,FLK,0.193,-0.002,0,59577.652,,,,,,,,,0,0,Low,0
Falkland Islands,2008,FLK,0.198,2.546,0.005,61264.891,,,,,,,,,0,0,Low,0.005
Falkland Islands,2009,FLK,0.198,-0.028,0,61342.887,,,,,,,,,0,0,Low,0
Falkland Islands,2010,FLK,0.19,-4.056,-0.008,59130.359,,,,,,,,,0,0,Low,-0.008
Falkland Islands,2011,FLK,0.187,-1.21,-0.002,58597.516,,,,,,,,,0,0,Low,-0.002
Falkland Islands,2012,FLK,0.194,3.353,0.006,60204.473,,,,,,,,,0,0,Low,0.006
Falkland Islands,2013,FLK,0.194,0.027,0,58919.254,,,,,,,,,0,0,Low,0
Falkland Islands,2014,FLK,0.194,-0.033,0,57671.355,,,,,,,,,0,0,Low,0
Falkland Islands,2015,FLK,0.199,2.762,0.005,57968.594,,,,,,,,,0,0,Low,0.005
Falkland Islands,2016,FLK,0.208,4.679,0.009,59029.152,,,,,,,,,0,0,Low,0.009
Falkland Islands,2017,FLK,0.2,-3.863,-0.008,55306.211,,,,,,,,,0,0,Low,-0.008
Falkland Islands,2018,FLK,0.207,3.573,0.007,56424.559,,,,,,,,,0,0,Low,0.007
Falkland Islands,2019,FLK,0.207,-0.188,0,55487.547,,,,,,,,,0,0,Low,0
Falkland Islands,2020,FLK,0.177,-14.581,-0.03,46956.242,,,,,,,,,0,0,Low,-0.03
Falkland Islands,2021,FLK,0.187,5.805,0.01,49393.32,,,,,,,,,0,0,Low,0.01
Faroe Islands,1980,FRO,0.149,,,3462.704,,,,,,,,,0,0,Low,0
Faroe Islands,1981,FRO,0.15,0.626,0.001,3439.975,,,,,,,,,0,0,Low,0.001
Faroe Islands,1982,FRO,0.15,0.01,0,3397.175,,,,,,,,,0,0,Low,0
Faroe Islands,1983,FRO,0.151,0.631,0.001,3380.38,,,,,,,,,0,0,Low,0.001
Faroe Islands,1984,FRO,0.15,-0.761,-0.001,3319.534,,,,,,,,,0,0,Low,-0.001
Faroe Islands,1985,FRO,2.337,1458.505,2.187,51240.457,,,,,,,,,0,0,Low,2.187
Faroe Islands,1986,FRO,2.231,-4.503,-0.105,48468.773,,,,,,,,,0,0,Low,-0.105
Faroe Islands,1987,FRO,2.31,3.543,0.079,49683.34,,,,,,,,,0,0,Low,0.079
Faroe Islands,1988,FRO,2.431,5.199,0.12,51731.398,,,,,,,,,0,0,Low,0.12
Faroe Islands,1989,FRO,2.668,9.773,0.238,56156.137,,,,,,,,,0,0,Low,0.238
Faroe Islands,1990,FRO,2.913,9.192,0.245,61327.211,,,,,,,,,0,0,Low,0.245
Faroe Islands,1991,FRO,2.689,-7.711,-0.225,57409.453,,,,,,,,,0,0,Low,-0.225
Faroe Islands,1992,FRO,2.71,0.786,0.021,58864.855,,,,,,,,,0,0,Low,0.021
Faroe Islands,1993,FRO,2.646,-2.339,-0.063,58656.34,,,,,,,,,0,0,Low,-0.063
Faroe Islands,1994,FRO,2.716,2.609,0.069,61492.637,,,,,,,,,0,0,Low,0.069
Faroe Islands,1995,FRO,2.908,7.085,0.192,66344.984,,,,,,,,,0,0,Low,0.192
Faroe Islands,1996,FRO,2.907,-0.033,-0.001,65822.852,,,,,,,,,0,0,Low,-0.001
Faroe Islands,1997,FRO,2.913,0.22,0.006,65440.391,,,,,,,,,0,0,Low,0.006
Faroe Islands,1998,FRO,2.917,0.137,0.004,64988.539,,,,,,,,,0,0,Low,0.004
Faroe Islands,1999,FRO,2.897,-0.7,-0.02,64048.57,,,,,,,,,0,0,Low,-0.02
Faroe Islands,2000,FRO,3.211,10.856,0.314,70296.211,,,,,,,,,0,0,Low,0.314
Faroe Islands,2001,FRO,3.536,10.107,0.325,76419.406,,,,,,,,,0,0,Low,0.325
Faroe Islands,2002,FRO,3.461,-2.107,-0.075,73905.156,,,,,,,,,0,0,Low,-0.075
Faroe Islands,2003,FRO,3.449,-0.362,-0.013,72738.656,,,,,,,,,0,0,Low,-0.013
Faroe Islands,2004,FRO,3.543,2.72,0.094,73795.477,,,,,,,,,0,0,Low,0.094
Faroe Islands,2005,FRO,3.471,-2.012,-0.071,71850.984,,,,,,,,,0,0,Low,-0.071
Faroe Islands,2006,FRO,3.438,-0.951,-0.033,71134.164,,,,,,,,,0,0,Low,-0.033
Faroe Islands,2007,FRO,3.583,4.212,0.145,74061.555,,,,,,,,,0,0,Low,0.145
Faroe Islands,2008,FRO,3.315,-7.478,-0.268,68445.32,,,,,,,,,0,0,Low,-0.268
Faroe Islands,2009,FRO,3.077,-7.194,-0.239,63500.5,,,,,,,,,0,0,Low,-0.239
Faroe Islands,2010,FRO,3.194,3.816,0.117,65953.414,,,,,,,,,0,0,Low,0.117
Faroe Islands,2011,FRO,3.054,-4.404,-0.141,63076.344,,,,,,,,,0,0,Low,-0.141
Faroe Islands,2012,FRO,3.118,2.117,0.065,64413.23,,,,,,,,,0,0,Low,0.065
Faroe Islands,2013,FRO,3.395,8.891,0.277,70091.234,,,,,,,,,0,0,Low,0.277
Faroe Islands,2014,FRO,3.188,-6.125,-0.208,65730.328,,,,,,,,,0,0,Low,-0.208
Faroe Islands,2015,FRO,3.41,6.991,0.223,69815.625,,,,,,,,,0,0,Low,0.223
Faroe Islands,2016,FRO,3.397,-0.397,-0.014,68590.719,,,,,,,,,0,0,Low,-0.014
Faroe Islands,2017,FRO,3.822,12.531,0.426,76055.422,,,,,,,,,0,0,Low,0.426
Faroe Islands,2018,FRO,3.926,2.704,0.103,77010.266,,,,,,,,,0,0,Low,0.103
Faroe Islands,2019,FRO,3.875,-1.304,-0.051,74932.953,,,,,,,,,0,0,Low,-0.051
Faroe Islands,2020,FRO,3.59,-7.336,-0.284,68466.914,,,,,,,,,0,0,Low,-0.284
Faroe Islands,2021,FRO,3.755,4.575,0.164,70956.359,,,,,,,,,0,0,Low,0.164
Fiji,1980,FJI,4.429,,,6870.855,,,,,,,,,0,0,Low,0
Fiji,1981,FJI,4.522,2.105,0.093,6845.114,,,,,,,,,0,0,Low,0.093
Fiji,1982,FJI,4.489,-0.743,-0.034,6630.333,,,,,,,,,0,0,Low,-0.034
Fiji,1983,FJI,3.825,-14.792,-0.664,5514.17,,,,,,,,,0,0,Low,-0.664
Fiji,1984,FJI,4.273,11.725,0.448,6013.583,,,,,,,,,0,0,Low,0.448
Fiji,1985,FJI,4.311,0.894,0.038,5926.376,,,,,,,,,0,0,Low,0.038
Fiji,1986,FJI,5.15,19.457,0.839,6934.609,,,,,,,,,0,0,Low,0.839
Fiji,1987,FJI,4.417,-14.227,-0.733,5852.491,,,,,,,,,0,0,Low,-0.733
Fiji,1988,FJI,4.383,-0.781,-0.035,5733.937,,,,,,,,,0,0,Low,-0.035
Fiji,1989,FJI,4.995,13.958,0.612,6463.761,,,,,,,,,0,0,Low,0.612
Fiji,1990,FJI,5.428,8.681,0.434,6955.363,,,,,,,,,0,0,Low,0.434
Fiji,1991,FJI,4.744,-12.602,-0.684,6044.741,,,,,,,,,0,0,Low,-0.684
Fiji,1992,FJI,4.904,3.364,0.16,6232.05,,,,,,,,,0,0,Low,0.16
Fiji,1993,FJI,5.158,5.181,0.254,6535.412,,,,,,,,,0,0,Low,0.254
Fiji,1994,FJI,5.302,2.794,0.144,6704.402,,,,,,,,,0,0,Low,0.144
Fiji,1995,FJI,5.703,7.566,0.401,7198.563,,,,,,,,,0,0,Low,0.401
Fiji,1996,FJI,5.841,2.426,0.138,7333.452,,,,,,,,,0,0,Low,0.138
Fiji,1997,FJI,5.823,-0.309,-0.018,7237.787,,,,,,,,,0,0,Low,-0.018
Fiji,1998,FJI,5.653,-2.925,-0.17,6945.021,,,,,,,,,0,0,Low,-0.17
Fiji,1999,FJI,6.139,8.605,0.486,7455.925,,,,,,,,,0,0,Low,0.486
Fiji,2000,FJI,7.75,26.23,1.61,9308.956,,,,,,,,,0,0,Low,1.61
Fiji,2001,FJI,8.056,3.946,0.306,9574.995,,,,,,,,,0,0,Low,0.306
Fiji,2002,FJI,6.823,-15.305,-1.233,8027.728,,,,,,,,,0,0,Low,-1.233
Fiji,2003,FJI,7.482,9.666,0.659,8717.398,,,,,,,,,0,0,Low,0.659
Fiji,2004,FJI,9.91,32.445,2.428,11433.929,,,,,,,,,0,0,Low,2.428
Fiji,2005,FJI,8.483,-14.402,-1.427,9695.102,,,,,,,,,0,0,Low,-1.427
Fiji,2006,FJI,9.295,9.573,0.812,10524.99,,,,,,,,,0,0,Low,0.812
Fiji,2007,FJI,8.962,-3.574,-0.332,10062.741,,,,,,,,,0,0,Low,-0.332
Fiji,2008,FJI,7.076,-21.05,-1.887,7890.729,,,,,,,,,0,0,Low,-1.887
Fiji,2009,FJI,6.133,-13.331,-0.943,6803.479,,,,,,,,,0,0,Low,-0.943
Fiji,2010,FJI,8.298,35.313,2.166,9167.494,,,,,,,,,0,0,Low,2.166
Fiji,2011,FJI,6.436,-22.443,-1.862,7085.076,,,,,,,,,0,0,Low,-1.862
Fiji,2012,FJI,6.488,0.811,0.052,7121.293,,,,,,,,,0,0,Low,0.052
Fiji,2013,FJI,6.854,5.636,0.366,7502.866,,,,,,,,,0,0,Low,0.366
Fiji,2014,FJI,7.221,5.355,0.367,7886.425,,,,,,,,,0,0,Low,0.367
Fiji,2015,FJI,7.55,4.565,0.33,8231.743,,,,,,,,,0,0,Low,0.33
Fiji,2016,FJI,7.434,-1.543,-0.116,8094.508,,,,,,,,,0,0,Low,-0.116
Fiji,2017,FJI,8.076,8.636,0.642,8787.309,,,,,,,,,0,0,Low,0.642
Fiji,2018,FJI,8.562,6.021,0.486,9316.589,,,,,,,,,0,0,Low,0.486
Fiji,2019,FJI,8.65,1.026,0.088,9417.632,,,,,,,,,0,0,Low,0.088
Fiji,2020,FJI,8.312,-3.905,-0.338,9030.606,,,,,,,,,0,0,Low,-0.338
Fiji,2021,FJI,8.528,2.593,0.216,9222.848,,,,,,,,,0,0,Low,0.216
Finland,1965,FIN,115.404,,,25282.402,,,,,,,6059.329,,0,0,Low,0
Finland,1966,FIN,131.365,13.831,15.962,28671.135,,,,,10.983,3.038,6699.55,,0.190327027,19.03270267,Low,12.924
Finland,1967,FIN,138.252,5.243,6.887,30008.465,,,,,12.027,3.692,7464.055,,0.536082474,53.60824742,Medium,3.195
Finland,1968,FIN,150.031,8.52,11.779,32419.574,,,,,-9.806,-3.372,6702.024,,-0.286272179,-28.62721793,Low,15.151
Finland,1969,FIN,164.92,9.924,14.89,35663.105,,,,,-16.622,-5.155,5592.124,,-0.346205507,-34.62055071,Low,20.045
Finland,1970,FIN,181.709,10.179,16.788,39445.078,,,,,8.905,2.303,6113.609,,0.13718132,13.718132,Low,14.485
Finland,1971,FIN,186.581,2.682,4.873,40451.836,,,,,12.143,3.42,6847.37,,0.70182639,70.18263903,Medium,1.453
Finland,1972,FIN,196.711,5.429,10.129,42396.055,,,,,-2.818,-0.89,6615.096,,-0.087866522,-8.786652187,Low,11.019
Finland,1973,FIN,216.779,10.202,20.068,46457.508,,,,,1.927,0.591,6704.505,,0.02944987,2.944987044,Low,19.477
Finland,1974,FIN,207.939,-4.078,-8.839,44331.238,,,36323.125,81.936,20.069,6.278,8008.115,18.064,-0.710261342,-71.02613418,Low,-15.117
Finland,1975,FIN,211.251,1.593,3.312,44838.484,2.801,4.773,37175.73,82.91,-3.888,-1.461,7662.749,17.09,-0.441123188,-44.11231884,Low,4.773
Finland,1976,FIN,224.04,6.054,12.789,47410.598,11.906,20.853,41477.363,87.485,-22.338,-8.065,5933.234,12.515,-0.630620064,-63.06200641,Low,20.854
Finland,1977,FIN,236.942,5.759,12.902,50001.094,-1.316,-2.579,40817.531,81.633,56.341,15.481,9183.566,18.367,1.19989149,119.989149,High,-2.579
Finland,1978,FIN,245.921,3.79,8.979,51746.727,7.406,14.326,43714.566,84.478,-12.034,-5.346,8032.16,15.522,-0.595389242,-59.53892416,Low,14.325
Finland,1979,FIN,265.846,8.102,19.925,55796.512,3.348,6.956,45062.91,80.763,34.704,12.969,10733.602,19.237,0.650890841,65.08908407,Medium,6.956
Finland,1980,FIN,264.663,-0.445,-1.184,55375.461,-0.02,-0.043,44913.945,81.108,-2.133,-1.141,10461.514,18.892,0.963682432,96.36824324,Medium,-0.043
Finland,1981,FIN,267.23,0.97,2.568,55674.52,-13.571,-29.132,38653.316,69.427,64.144,31.7,17021.203,30.573,12.34423676,1234.423676,High,-29.132
Finland,1982,FIN,263.894,-1.249,-3.337,54671.883,-4.102,-7.611,36860.359,67.421,5.423,4.274,17811.52,32.579,-1.28079113,-128.079113,Low,-7.611
Finland,1983,FIN,261.366,-0.958,-2.527,53826.316,-3.734,-6.643,35273.086,65.531,4.806,4.116,18553.225,34.469,-1.628808864,-162.8808864,Low,-6.643
Finland,1984,FIN,272.34,4.199,10.974,55787.406,5.096,8.727,36872.926,66.095,2.584,2.246,18914.48,33.905,0.204665573,20.46655732,Low,8.728
Finland,1985,FIN,285.741,4.921,13.401,58288.594,8.645,15.561,39893.465,68.441,-2.259,-2.16,18395.131,31.559,-0.161182001,-16.11820013,Low,15.561
Finland,1986,FIN,289.027,1.15,3.285,58767.051,1.569,3.067,40387.418,68.725,0.238,0.218,18379.639,31.275,0.066362253,6.636225266,Low,3.067
Finland,1987,FIN,304.3,5.284,15.273,61696.871,4.79,9.515,42201.844,68.402,6.288,5.759,19495.031,31.598,0.377070648,37.70706475,Low,9.514
Finland,1988,FIN,302.309,-0.654,-1.991,61114.883,-0.216,-0.45,41988.129,68.704,-1.576,-1.541,19126.758,31.296,0.773982923,77.39829232,Medium,-0.45
Finland,1989,FIN,303.614,0.432,1.305,61157.164,1.73,3.593,42560.301,69.592,-2.417,-2.288,18596.859,30.408,-1.753256705,-175.3256705,Low,3.593
Finland,1990,FIN,323.249,6.467,19.635,64824.148,4.195,8.863,44149.336,68.106,10.139,10.772,20674.807,31.894,0.548612172,54.86121721,Medium,8.863
Finland,1991,FIN,330.758,2.323,7.509,65968.766,0.118,0.259,43960.652,66.639,7.028,7.25,22008.111,33.361,0.965508057,96.5508057,Medium,0.259
Finland,1992,FIN,329.675,-0.327,-1.083,65384.23,-2.662,-5.868,42550.41,65.077,4.275,4.785,22833.816,34.923,-4.418282548,-441.8282548,Low,-5.868
Finland,1993,FIN,332.511,0.86,2.836,65627.883,1.184,2.539,42845.906,65.286,0.12,0.297,22781.975,34.714,0.104724965,10.47249647,Low,2.539
Finland,1994,FIN,349.031,4.968,16.521,68592.305,9.816,21.309,46849.332,68.301,-4.267,-4.788,21742.979,31.699,-0.289812965,-28.98129653,Low,21.309
Finland,1995,FIN,332.74,-4.668,-16.292,65141.621,-8.191,-19.527,42848.129,65.777,2.85,3.235,22293.49,34.223,-0.198563712,-19.85637123,Low,-19.527
Finland,1996,FIN,347.479,4.43,14.739,67804.484,8.885,19.445,46502.297,68.583,-3.931,-4.706,21302.182,31.417,-0.319288961,-31.92889613,Low,19.445
Finland,1997,FIN,352.381,1.411,4.902,68557.32,-2.795,-6.66,45068.73,65.739,10.227,11.562,23488.588,34.261,2.358629131,235.8629131,High,-6.66
Finland,1998,FIN,364.244,3.367,11.864,70678.375,-1.634,-3.785,44215.336,62.559,12.708,15.648,26463.035,37.441,1.318948078,131.8948078,High,-3.784
Finland,1999,FIN,357.149,-1.948,-7.095,69141.266,-0.238,-0.542,44008.195,63.65,-4.526,-6.554,25133.068,36.35,0.923749119,92.37491191,Medium,-0.541
Finland,2000,FIN,359.11,0.549,1.961,69377,-1.391,-3.161,43306.41,62.422,3.827,5.122,26070.59,37.578,2.611932687,261.1932687,High,-3.161
Finland,2001,FIN,366.894,2.168,7.784,70719.578,5.854,13.122,45737.195,64.674,-3.35,-5.338,24982.375,35.326,-0.685765673,-68.57656732,Low,13.122
Finland,2002,FIN,368.768,0.511,1.874,70908.922,3.662,8.69,47297.496,66.702,-4.938,-6.815,23611.424,33.298,-3.63660619,-363.660619,Low,8.689
Finland,2003,FIN,394.928,7.094,26.16,75758.367,11.228,27.618,52482.801,69.277,-0.693,-1.458,23275.566,30.723,-0.055733945,-5.573394495,Low,27.618
Finland,2004,FIN,393.254,-0.424,-1.674,75218.672,-7.423,-20.309,48446.055,64.407,15.676,18.636,26772.613,35.593,-11.13261649,-1113.261649,Low,-20.31
Finland,2005,FIN,357.548,-9.08,-35.706,68155.336,-11.847,-30.006,42560.824,62.447,-3.43,-5.7,25594.506,37.553,0.159637036,15.96370358,Low,-30.006
Finland,2006,FIN,383.512,7.262,25.965,72824.555,13.439,30.007,48095.781,66.043,-2.909,-4.043,24728.773,33.957,-0.155709609,-15.57096091,Low,30.008
Finland,2007,FIN,382.192,-0.344,-1.32,72265.938,-2.792,-7.071,46554.574,64.421,5.249,5.752,25711.361,35.579,-4.357575758,-435.7575758,Low,-7.072
Finland,2008,FIN,368.496,-3.584,-13.697,69352.664,-9.148,-22.525,42099.242,60.703,8.028,8.828,27253.422,39.297,-0.644520698,-64.4520698,Low,-22.525
Finland,2009,FIN,341.288,-7.383,-27.208,63925.77,-4.912,-10.988,39840.453,62.323,-9.542,-16.22,24085.309,37.677,0.596148192,59.61481917,Medium,-10.988
Finland,2010,FIN,371.291,8.791,30.003,69228.281,11.609,24.693,44262.723,63.937,3.781,5.31,24965.566,36.063,0.176982302,17.69823018,Low,24.693
Finland,2011,FIN,349.923,-5.755,-21.368,64942.777,-9.506,-22.567,39869.891,61.392,2.213,1.2,25072.881,38.608,-0.056158742,-5.615874204,Low,-22.568
Finland,2012,FIN,340.459,-2.705,-9.464,62886.449,-9.46,-20.322,35927,57.13,8.399,10.858,26959.447,42.87,-1.147295013,-114.7295013,Low,-20.322
Finland,2013,FIN,341.801,0.394,1.342,62843.996,3.982,7.746,37185.961,59.172,-3.869,-6.404,25658.035,40.828,-4.771982116,-477.1982116,Low,7.746
Finland,2014,FIN,329.823,-3.504,-11.978,60391.238,-7.724,-15.621,34172.004,56.584,6.404,3.644,26219.238,43.416,-0.304224411,-30.42244114,Low,-15.622
Finland,2015,FIN,328.893,-0.282,-0.93,60022.977,-5.763,-10.755,32096.895,53.474,7.138,9.825,27926.086,46.526,-10.56451613,-1056.451613,Low,-10.755
Finland,2016,FIN,334.083,1.578,5.19,60795.297,5.358,9.423,33719.621,55.464,-5.727,-4.233,27075.676,44.536,-0.815606936,-81.56069364,Low,9.423
Finland,2017,FIN,327.216,-2.056,-6.867,59405.816,-5.172,-9.584,31900.504,53.699,4.588,2.717,27505.312,46.301,-0.395660405,-39.56604048,Low,-9.584
Finland,2018,FIN,333.841,2.025,6.625,60528.164,2.464,4.33,32643.189,53.931,1.354,2.295,27884.975,46.069,0.346415094,34.64150943,Low,4.33
Finland,2019,FIN,326.982,-2.055,-6.859,59219.324,-5.182,-9.331,30917.422,52.208,2.435,2.471,28301.9,47.792,-0.360256597,-36.02565972,Low,-9.33
Finland,2020,FIN,313.95,-3.986,-13.032,56777.602,-12.001,-20.487,27168.043,47.85,5.21,7.455,29609.551,52.15,-0.572053407,-57.2053407,Low,-20.487
Finland,2021,FIN,320.64,2.131,6.69,57919.223,-2.534,-3.807,26448.344,45.664,8.987,10.497,31470.879,54.336,1.569058296,156.9058296,High,-3.807
Finland,2022,FIN,320.73,0.028,0.09,57885.66,-2.403,-3.518,25790.674,44.555,1.646,3.608,32094.984,55.445,40.08888889,4008.888889,High,-3.518
Finland,2023,FIN,332.156,3.563,11.426,59896.703,-10.827,-15.472,22978.654,38.364,14.305,26.898,36918.047,61.636,2.354104674,235.4104674,High,-15.472
France,1965,FRA,1347.172,,,27967.74,,,25036.961,89.521,,,2930.78,10.479,0,0,Low,0
France,1966,FRA,1376.653,2.188,29.481,28277.855,0.918,11.07,24999.855,88.408,13.009,18.411,3278,11.592,0.624503918,62.45039178,Medium,11.07
France,1967,FRA,1461.883,6.191,85.23,29724.305,8.447,102.81,26836.971,90.286,-10.992,-17.58,2887.336,9.714,-0.2062654,-20.62653995,Low,102.81
France,1968,FRA,1538.555,5.245,76.672,30989.717,4.384,57.866,27750.691,89.548,13.265,18.806,3239.026,10.452,0.245278589,24.52785893,Low,57.866
France,1969,FRA,1691.664,9.952,153.109,33774.48,10.434,143.748,30376.99,89.941,5.834,9.361,3397.491,10.059,0.06113945,6.113944967,Low,143.748
France,1970,FRA,1831.613,8.273,139.949,36252.637,8.014,121.934,32527.928,89.726,10.682,18.015,3724.709,10.274,0.128725464,12.87254643,Low,121.934
France,1971,FRA,1895.402,3.483,63.789,37186.113,4.66,76.592,33745.254,90.747,-6.564,-12.803,3440.859,9.253,-0.200708586,-20.07085861,Low,76.592
France,1972,FRA,2017.984,6.467,122.582,39252.477,6.24,107.332,35544.41,90.553,8.997,15.25,3708.068,9.447,0.12440652,12.44065197,Low,107.332
France,1973,FRA,2191.666,8.607,173.682,42298.656,9.657,176.473,38673.355,91.429,-1.448,-2.791,3625.303,8.571,-0.016069598,-1.606959846,Low,176.473
France,1974,FRA,2151.38,-1.838,-40.285,41242.98,-3.268,-65.49,37158.777,90.097,13.313,25.205,4084.202,9.903,-0.625667122,-62.56671218,Low,-65.49
France,1975,FRA,2034.122,-5.45,-117.259,38782.086,-7.132,-138.249,34319.988,88.494,10.004,20.991,4462.1,11.506,-0.179013978,-17.90139776,Low,-138.25
France,1976,FRA,2154.3,5.908,120.178,40889.984,8.977,161.585,37233.742,91.058,-17.671,-41.407,3656.245,8.942,-0.344547255,-34.45472549,Low,161.585
France,1977,FRA,2197.623,2.011,43.323,41522.996,-2.295,-45.029,36213.98,87.214,45.623,88.352,5309.016,12.786,2.039378621,203.9378621,High,-45.029
France,1978,FRA,2278.278,3.67,80.655,42844.656,3.577,68.562,37333.172,87.136,4.801,12.093,5511.488,12.864,0.149934908,14.99349079,Low,68.562
France,1979,FRA,2342.682,2.827,64.404,43846.82,2.164,42.954,37960.012,86.574,7.615,21.45,5886.809,13.426,0.333053848,33.30538476,Low,42.954
France,1980,FRA,2327.355,-0.654,-15.327,43328.781,-4.185,-84.888,36178.18,83.497,22.608,69.561,7150.602,16.503,-4.538461538,-453.8461538,Low,-84.888
France,1981,FRA,2293.176,-1.469,-34.179,42453.059,-8.604,-167.2,32879.965,77.45,35.361,133.021,9573.099,22.55,-3.891892683,-389.1892683,Low,-167.2
France,1982,FRA,2210.503,-3.605,-82.673,40694.355,-4.965,-88.19,31073.088,76.357,1.122,5.516,9621.269,23.643,-0.066720695,-6.672069479,Low,-88.189
France,1983,FRA,2259.899,2.235,49.396,41395.863,-2.823,-47.641,30045.186,72.58,18.916,97.037,11350.68,27.42,1.964470807,196.4470807,High,-47.641
France,1984,FRA,2338.574,3.481,78.675,42638.922,-2.665,-43.718,29109.16,68.269,20.107,122.392,13529.76,31.731,1.555665713,155.5665713,High,-43.717
France,1985,FRA,2415.445,3.287,76.872,43831.035,-0.333,-5.321,28874.143,65.876,11.264,82.193,14956.894,34.124,1.069218961,106.9218961,High,-5.321
France,1986,FRA,2472.164,2.348,56.719,44646.754,-1.903,-30.273,28189.988,63.14,10.649,86.992,16456.768,36.86,1.53373649,153.373649,High,-30.273
France,1987,FRA,2528.032,2.26,55.868,45434.27,-0.023,-0.36,28046.771,61.73,6.116,56.229,17387.496,38.27,1.00646166,100.646166,High,-0.361
France,1988,FRA,2561.471,1.323,33.439,45812.98,-0.822,-12.824,27681.996,60.424,4.751,46.263,18130.986,39.576,1.383504291,138.3504291,High,-12.824
France,1989,FRA,2593.291,1.242,31.819,46168.652,2.543,39.357,28255.297,61.2,-0.398,-7.538,17913.355,38.8,-0.23690248,-23.69024797,Low,39.357
France,1990,FRA,2649.823,2.18,56.533,46971.941,0.386,6.127,28242.217,60.126,4.952,50.406,18729.727,39.874,0.891620823,89.16208232,Medium,6.127
France,1991,FRA,2834.176,6.957,184.353,50033.805,7.766,123.729,30310.66,60.58,5.728,60.624,19723.15,39.42,0.328847374,32.88473743,Low,123.729
France,1992,FRA,2857.941,0.839,23.765,50259.188,-1.756,-30.148,29663.836,59.022,4.748,53.913,20595.355,40.978,2.26858826,226.858826,High,-30.148
France,1993,FRA,2853.888,-0.142,-4.053,50021.062,-4.519,-76.226,28229.182,56.435,6.302,72.173,21791.883,43.565,-17.80730323,-1780.730323,Low,-76.226
France,1994,FRA,2824.76,-1.021,-29.129,49357.965,-2.997,-48.264,27298.877,55.308,1.518,19.135,22059.09,44.692,-0.656905489,-65.69054894,Low,-48.264
France,1995,FRA,2904.198,2.812,79.438,50577.844,2.949,46.078,28010.877,55.382,2.803,33.36,22566.967,44.618,0.41995015,41.99501498,Low,46.078
France,1996,FRA,3012.348,3.724,108.15,52276.672,4.404,70.835,29141.557,55.745,3.08,37.316,23135.119,44.255,0.345039297,34.50392973,Low,70.834
France,1997,FRA,2965.679,-1.549,-46.669,51274.414,-2.16,-36.277,28405.43,55.399,-0.657,-10.392,22868.982,44.601,0.222674581,22.26745806,Low,-36.277
France,1998,FRA,3037.222,2.412,71.542,52293.457,5.981,98.27,29979.543,57.329,-2.076,-26.728,22313.91,42.671,-0.373598725,-37.35987252,Low,98.27
France,1999,FRA,3078.016,1.343,40.794,52748.922,-0.493,-8.585,29692.744,56.291,3.735,49.379,23056.178,43.709,1.210447615,121.0447615,High,-8.585
France,2000,FRA,3117.909,1.296,39.893,53147.277,-0.135,-2.331,29494.467,55.496,3.281,42.224,23652.807,44.504,1.058431304,105.8431304,High,-2.331
France,2001,FRA,3143.046,0.806,25.137,53258.633,-0.418,-7.241,29197.191,54.822,2.929,32.378,24061.445,45.178,1.288061423,128.8061423,High,-7.241
France,2002,FRA,3118.919,-0.768,-24.127,52531.129,-1.145,-19.722,28688.965,54.613,0.464,-4.405,23842.164,45.387,0.182575538,18.25755378,Low,-19.722
France,2003,FRA,3153.042,1.094,34.122,52789.781,2.037,34.703,29099.238,55.123,0.564,-0.581,23690.545,44.877,-0.017027138,-1.702713792,Low,34.703
France,2004,FRA,3180.13,0.859,27.088,52906.543,0.764,13.281,29136.133,55.071,1.65,13.807,23770.416,44.929,0.509709096,50.97090963,Medium,13.281
France,2005,FRA,3154.079,-0.819,-26.051,52124.855,-0.403,-7.061,28826.055,55.302,-0.316,-18.99,23298.799,44.698,0.728954743,72.89547426,Medium,-7.061
France,2006,FRA,3128.931,-0.797,-25.148,51362.02,-1.791,-31.237,28119.732,54.748,1.179,6.088,23242.287,45.252,-0.242086846,-24.20868459,Low,-31.236
France,2007,FRA,3075.79,-1.698,-53.141,50151.977,-2.006,-34.357,27371.438,54.577,0.231,-18.784,22780.539,45.423,0.353474718,35.34747182,Low,-34.357
France,2008,FRA,3084.845,0.294,9.055,49980.469,-0.836,-14.026,26970.51,53.962,3.381,23.081,23009.959,46.038,2.548978465,254.8978465,High,-14.026
France,2009,FRA,2908.91,-5.703,-175.934,46847.41,-4.688,-78.033,25552.09,54.543,-5.944,-97.901,21295.322,45.457,0.556464356,55.6464356,Medium,-78.033
France,2010,FRA,3001.231,3.174,92.32,48062.32,1.693,26.857,25838.447,53.76,5.276,65.463,22223.871,46.24,0.709087955,70.90879549,Medium,26.857
France,2011,FRA,2897.027,-3.472,-104.204,46149.176,-5.923,-95.569,24179.93,52.395,0.018,-8.635,21969.248,47.605,0.082866301,8.286630072,Low,-95.569
France,2012,FRA,2894.028,-0.104,-3,45884.934,-0.312,-4.731,23991.393,52.286,0.839,1.731,21893.543,47.714,-0.577,-57.7,Low,-4.731
France,2013,FRA,2924.146,1.041,30.118,46169.375,0.239,3.61,23948.48,51.871,2.393,26.507,22220.891,48.129,0.880104921,88.01049206,Medium,3.611
France,2014,FRA,2796.844,-4.353,-127.302,43983.484,-9.3,-141.064,21634.684,49.188,1.813,13.762,22348.799,50.812,-0.108105136,-10.81051358,Low,-141.064
France,2015,FRA,2822.273,0.909,25.429,44229.48,2.67,36.736,22135.375,50.047,-0.188,-11.307,22094.104,49.953,-0.444649809,-44.46498093,Low,36.736
France,2016,FRA,2765.453,-2.013,-56.82,43217.41,1.441,20.358,22391.416,51.811,-4.855,-77.179,20825.988,48.189,1.358306934,135.8306934,High,20.359
France,2017,FRA,2754.919,-0.381,-10.533,42948.914,1.774,25.419,22733.664,52.932,-2.031,-35.952,20215.25,47.068,3.413272572,341.3272572,High,25.419
France,2018,FRA,2788.956,1.235,34.037,43389.094,-3.428,-49.99,21908.648,50.493,6.655,84.027,21480.447,49.507,2.468695831,246.8695831,High,-49.99
France,2019,FRA,2729.562,-2.13,-59.394,42384.668,-1.406,-19.799,21559.725,50.867,-2.32,-39.595,20824.947,49.133,0.66664983,66.66498299,Medium,-19.799
France,2020,FRA,2441.166,-10.566,-288.396,37859.246,-14.278,-198.242,18458.41,48.755,-6.7,-90.155,19400.836,51.245,0.312608358,31.2608358,Low,-198.241
France,2021,FRA,2593.625,6.245,152.458,40191.641,8.181,97.371,19952.6,49.644,5.151,55.088,20239.043,50.356,0.361332301,36.13323014,Low,97.37
France,2022,FRA,2298.56,-11.377,-295.065,35566.758,-4.797,-61.765,18967.49,53.329,-16.478,-233.3,16599.271,46.671,0.790673241,79.06732415,Medium,-61.765
France,2023,FRA,2406.633,4.702,108.073,37164.297,-5.702,-69.899,17850.02,48.03,15.881,177.972,19314.277,51.97,1.64677579,164.677579,High,-69.899
French Guiana,1980,GUF,1.515,,,22662.57,,,,,,,,,0,0,Low,0
French Guiana,1981,GUF,1.33,-12.24,-0.185,19075.6,,,,,,,,,0,0,Low,-0.185
French Guiana,1982,GUF,1.632,22.727,0.302,22306.49,,,,,,,,,0,0,Low,0.302
French Guiana,1983,GUF,1.692,3.704,0.06,21881.375,,,,,,,,,0,0,Low,0.06
French Guiana,1984,GUF,1.333,-21.213,-0.359,16256.631,,,,,,,,,0,0,Low,-0.359
French Guiana,1985,GUF,1.33,-0.273,-0.004,15291.283,,,,,,,,,0,0,Low,-0.004
French Guiana,1986,GUF,1.558,17.176,0.228,16911.164,,,,,,,,,0,0,Low,0.228
French Guiana,1987,GUF,1.779,14.219,0.222,18246.133,,,,,,,,,0,0,Low,0.222
French Guiana,1988,GUF,2.045,14.91,0.265,19825.496,,,,,,,,,0,0,Low,0.265
French Guiana,1989,GUF,2.351,15.002,0.307,21616.996,,,,,,,,,0,0,Low,0.307
French Guiana,1990,GUF,2.808,19.429,0.457,24645.549,,,,,,,,,0,0,Low,0.457
French Guiana,1991,GUF,3.085,9.842,0.276,26026.326,,,,,,,,,0,0,Low,0.276
French Guiana,1992,GUF,2.545,-17.511,-0.54,20698.145,,,,,,,,,0,0,Low,-0.54
French Guiana,1993,GUF,3.393,33.353,0.849,26612.408,,,,,,,,,0,0,Low,0.849
French Guiana,1994,GUF,3.393,0,0,25653.328,,,,,,,,,0,0,Low,0
French Guiana,1995,GUF,3.957,16.609,0.564,28842.443,,,,,,,,,0,0,Low,0.564
French Guiana,1996,GUF,3.9,-1.432,-0.057,27419.594,,,,,,,,,0,0,Low,-0.057
French Guiana,1997,GUF,3.957,1.453,0.057,26847.871,,,,,,,,,0,0,Low,0.057
French Guiana,1998,GUF,3.957,0,0,25919.299,,,,,,,,,0,0,Low,0
French Guiana,1999,GUF,3.957,0,0,25022.24,,,,,,,,,0,0,Low,0
French Guiana,2000,GUF,2.251,-43.122,-1.706,13692.394,,,,,,,,,0,0,Low,-1.706
French Guiana,2001,GUF,4.124,83.221,1.873,24055.818,,,,,,,,,0,0,Low,1.873
French Guiana,2002,GUF,3.834,-7.028,-0.29,21448.084,,,,,,,,,0,0,Low,-0.29
French Guiana,2003,GUF,4.468,16.537,0.634,23991.318,,,,,,,,,0,0,Low,0.634
French Guiana,2004,GUF,4.463,-0.109,-0.005,23038.805,,,,,,,,,0,0,Low,-0.005
French Guiana,2005,GUF,4.467,0.098,0.004,22194.945,,,,,,,,,0,0,Low,0.004
French Guiana,2006,GUF,4.188,-6.246,-0.279,20146.705,,,,,,,,,0,0,Low,-0.279
French Guiana,2007,GUF,4.554,8.727,0.366,21347.045,,,,,,,,,0,0,Low,0.366
French Guiana,2008,GUF,4.645,2.013,0.092,21257.764,,,,,,,,,0,0,Low,0.092
French Guiana,2009,GUF,5.448,17.274,0.802,24371.533,,,,,,,,,0,0,Low,0.802
French Guiana,2010,GUF,5.207,-4.418,-0.241,22791.225,,,,,,,,,0,0,Low,-0.241
French Guiana,2011,GUF,5.349,2.733,0.142,22895.383,,,,,,,,,0,0,Low,0.142
French Guiana,2012,GUF,0,-100,-5.349,0,,,,,,,,,0,0,Low,-5.349
French Guiana,2013,GUF,0,,0,0,,,,,,,,,0,0,Low,0
French Guiana,2014,GUF,0,,0,0,,,,,,,,,0,0,Low,0
French Guiana,2015,GUF,0,,0,0,,,,,,,,,0,0,Low,0
French Guiana,2016,GUF,0,,0,0,,,,,,,,,0,0,Low,0
French Guiana,2017,GUF,0,,0,0,,,,,,,,,0,0,Low,0
French Guiana,2018,GUF,0,,0,0,,,,,,,,,0,0,Low,0
French Guiana,2019,GUF,0,,0,0,,,,,,,,,0,0,Low,0
French Guiana,2020,GUF,0,,0,0,,,,,,,,,0,0,Low,0
French Guiana,2021,GUF,0,,0,0,,,,,,,,,0,0,Low,0
French Polynesia,1980,PYF,0.909,,,5555.62,,,,,,,,,0,0,Low,0
French Polynesia,1981,PYF,1.39,52.914,0.481,8228.916,,,,,,,,,0,0,Low,0.481
French Polynesia,1982,PYF,1.813,30.435,0.423,10397.382,,,,,,,,,0,0,Low,0.423
French Polynesia,1983,PYF,2.467,36.054,0.654,13775.094,,,,,,,,,0,0,Low,0.654
French Polynesia,1984,PYF,3.709,50.38,1.243,20251.264,,,,,,,,,0,0,Low,1.243
French Polynesia,1985,PYF,3.24,-12.64,-0.469,17273.379,,,,,,,,,0,0,Low,-0.469
French Polynesia,1986,PYF,4.109,26.794,0.868,21374.791,,,,,,,,,0,0,Low,0.868
French Polynesia,1987,PYF,4.151,1.038,0.043,21086.23,,,,,,,,,0,0,Low,0.043
French Polynesia,1988,PYF,4.164,0.321,0.013,20641.037,,,,,,,,,0,0,Low,0.013
French Polynesia,1989,PYF,4.219,1.306,0.054,20422.01,,,,,,,,,0,0,Low,0.054
French Polynesia,1990,PYF,3.993,-5.344,-0.225,18916.686,,,,,,,,,0,0,Low,-0.225
French Polynesia,1991,PYF,4.028,0.854,0.034,18693.398,,,,,,,,,0,0,Low,0.034
French Polynesia,1992,PYF,3.827,-4.98,-0.201,17424.615,,,,,,,,,0,0,Low,-0.201
French Polynesia,1993,PYF,3.829,0.041,0.002,17113.086,,,,,,,,,0,0,Low,0.002
French Polynesia,1994,PYF,3.093,-19.213,-0.736,13584.229,,,,,,,,,0,0,Low,-0.736
French Polynesia,1995,PYF,3.297,6.608,0.204,14246.435,,,,,,,,,0,0,Low,0.204
French Polynesia,1996,PYF,3.274,-0.701,-0.023,13921.283,,,,,,,,,0,0,Low,-0.023
French Polynesia,1997,PYF,3.318,1.326,0.043,13878.914,,,,,,,,,0,0,Low,0.043
French Polynesia,1998,PYF,3.371,1.603,0.053,13878.106,,,,,,,,,0,0,Low,0.053
French Polynesia,1999,PYF,3.18,-5.652,-0.191,12884.734,,,,,,,,,0,0,Low,-0.191
French Polynesia,2000,PYF,3.564,12.066,0.384,14203.022,,,,,,,,,0,0,Low,0.384
French Polynesia,2001,PYF,3.911,9.726,0.347,15333.027,,,,,,,,,0,0,Low,0.347
French Polynesia,2002,PYF,4.156,6.263,0.245,16036.279,,,,,,,,,0,0,Low,0.245
French Polynesia,2003,PYF,4.496,8.2,0.341,17084.979,,,,,,,,,0,0,Low,0.341
French Polynesia,2004,PYF,4.47,-0.597,-0.027,16731.654,,,,,,,,,0,0,Low,-0.027
French Polynesia,2005,PYF,4.655,4.148,0.185,17172.723,,,,,,,,,0,0,Low,0.185
French Polynesia,2006,PYF,4.604,-1.099,-0.051,16746.74,,,,,,,,,0,0,Low,-0.051
French Polynesia,2007,PYF,4.879,5.968,0.275,17536.959,,,,,,,,,0,0,Low,0.275
French Polynesia,2008,PYF,4.966,1.793,0.087,17700.125,,,,,,,,,0,0,Low,0.087
French Polynesia,2009,PYF,4.936,-0.599,-0.03,17486.457,,,,,,,,,0,0,Low,-0.03
French Polynesia,2010,PYF,5.132,3.957,0.195,18082.105,,,,,,,,,0,0,Low,0.195
French Polynesia,2011,PYF,4.828,-5.92,-0.304,16923.406,,,,,,,,,0,0,Low,-0.304
French Polynesia,2012,PYF,4.654,-3.6,-0.174,16239.225,,,,,,,,,0,0,Low,-0.174
French Polynesia,2013,PYF,4.592,-1.34,-0.062,15941.214,,,,,,,,,0,0,Low,-0.062
French Polynesia,2014,PYF,4.565,-0.584,-0.027,15747.379,,,,,,,,,0,0,Low,-0.027
French Polynesia,2015,PYF,4.75,4.055,0.185,16278.416,,,,,,,,,0,0,Low,0.185
French Polynesia,2016,PYF,4.72,-0.625,-0.03,16079.959,,,,,,,,,0,0,Low,-0.03
French Polynesia,2017,PYF,4.598,-2.602,-0.123,15560.707,,,,,,,,,0,0,Low,-0.123
French Polynesia,2018,PYF,4.683,1.861,0.086,15735.306,,,,,,,,,0,0,Low,0.086
French Polynesia,2019,PYF,4.718,0.755,0.035,15742.186,,,,,,,,,0,0,Low,0.035
French Polynesia,2020,PYF,4.498,-4.663,-0.22,14898.559,,,,,,,,,0,0,Low,-0.22
French Polynesia,2021,PYF,4.634,3.02,0.136,15242.301,,,,,,,,,0,0,Low,0.136
Gabon,1980,GAB,8.335,,,11127.417,,,,,,,,,0,0,Low,0
Gabon,1981,GAB,9.277,11.294,0.941,12064.751,,,,,,,,,0,0,Low,0.941
Gabon,1982,GAB,8.858,-4.517,-0.419,11218.048,,,,,,,,,0,0,Low,-0.419
Gabon,1983,GAB,11.907,34.427,3.049,14680.169,,,,,,,,,0,0,Low,3.049
Gabon,1984,GAB,10.877,-8.651,-1.03,13051.078,,,,,,,,,0,0,Low,-1.03
Gabon,1985,GAB,9.402,-13.564,-1.475,10977.085,,,,,,,,,0,0,Low,-1.475
Gabon,1986,GAB,8.433,-10.301,-0.968,9579.448,,,,,,,,,0,0,Low,-0.968
Gabon,1987,GAB,9.758,15.713,1.325,10782.291,,,,,,,,,0,0,Low,1.325
Gabon,1988,GAB,10.299,5.545,0.541,11068.967,,,,,,,,,0,0,Low,0.541
Gabon,1989,GAB,12.84,24.671,2.541,13424.08,,,,,,,,,0,0,Low,2.541
Gabon,1990,GAB,12.644,-1.531,-0.197,12861.861,,,,,,,,,0,0,Low,-0.197
Gabon,1991,GAB,12.999,2.811,0.355,12870.298,,,,,,,,,0,0,Low,0.355
Gabon,1992,GAB,13.355,2.74,0.356,12873.189,,,,,,,,,0,0,Low,0.356
Gabon,1993,GAB,12.649,-5.29,-0.706,11872.439,,,,,,,,,0,0,Low,-0.706
Gabon,1994,GAB,12.984,2.649,0.335,11872.551,,,,,,,,,0,0,Low,0.335
Gabon,1995,GAB,12.165,-6.307,-0.819,10842.712,,,,,,,,,0,0,Low,-0.819
Gabon,1996,GAB,12.683,4.261,0.518,11023.358,,,,,,,,,0,0,Low,0.518
Gabon,1997,GAB,13.311,4.951,0.628,11282.633,,,,,,,,,0,0,Low,0.628
Gabon,1998,GAB,13,-2.341,-0.312,10745.112,,,,,,,,,0,0,Low,-0.312
Gabon,1999,GAB,15.012,15.48,2.012,12099.004,,,,,,,,,0,0,Low,2.012
Gabon,2000,GAB,11.477,-23.546,-3.535,9016.453,,,,,,,,,0,0,Low,-3.535
Gabon,2001,GAB,12.385,7.908,0.908,9478.856,,,,,,,,,0,0,Low,0.908
Gabon,2002,GAB,12.388,0.025,0.003,9233.193,,,,,,,,,0,0,Low,0.003
Gabon,2003,GAB,12.05,-2.727,-0.338,8742.188,,,,,,,,,0,0,Low,-0.338
Gabon,2004,GAB,12.28,1.907,0.23,8665.52,,,,,,,,,0,0,Low,0.23
Gabon,2005,GAB,13.147,7.063,0.867,9015.141,,,,,,,,,0,0,Low,0.867
Gabon,2006,GAB,13.485,2.567,0.338,8974.716,,,,,,,,,0,0,Low,0.338
Gabon,2007,GAB,13.4,-0.626,-0.084,8646.734,,,,,,,,,0,0,Low,-0.084
Gabon,2008,GAB,13.676,2.059,0.276,8547.841,,,,,,,,,0,0,Low,0.276
Gabon,2009,GAB,13.53,-1.07,-0.146,8182.456,,,,,,,,,0,0,Low,-0.146
Gabon,2010,GAB,15.767,16.535,2.237,9214.65,,,,,,,,,0,0,Low,2.237
Gabon,2011,GAB,16.134,2.325,0.367,9102.298,,,,,,,,,0,0,Low,0.367
Gabon,2012,GAB,20.215,25.295,4.081,11006.094,,,,,,,,,0,0,Low,4.081
Gabon,2013,GAB,20.43,1.066,0.215,10740.267,,,,,,,,,0,0,Low,0.215
Gabon,2014,GAB,21.332,4.41,0.901,10845.483,,,,,,,,,0,0,Low,0.901
Gabon,2015,GAB,20.505,-3.873,-0.826,10108.493,,,,,,,,,0,0,Low,-0.826
Gabon,2016,GAB,20.321,-0.898,-0.184,9740.699,,,,,,,,,0,0,Low,-0.184
Gabon,2017,GAB,21.514,5.872,1.193,10052.396,,,,,,,,,0,0,Low,1.193
Gabon,2018,GAB,19.279,-10.388,-2.235,8795.324,,,,,,,,,0,0,Low,-2.235
Gabon,2019,GAB,16.659,-13.594,-2.621,7427.662,,,,,,,,,0,0,Low,-2.621
Gabon,2020,GAB,19.182,15.148,2.524,8367.068,,,,,,,,,0,0,Low,2.524
Gabon,2021,GAB,18.752,-2.242,-0.43,8009.644,,,,,,,,,0,0,Low,-0.43
Gambia,1980,GMB,0.655,,,911.159,,,,,,,,,0,0,Low,0
Gambia,1981,GMB,0.653,-0.273,-0.002,878.999,,,,,,,,,0,0,Low,-0.002
Gambia,1982,GMB,0.653,0,0,849.913,,,,,,,,,0,0,Low,0
Gambia,1983,GMB,0.653,0,0,820.757,,,,,,,,,0,0,Low,0
Gambia,1984,GMB,0.714,9.39,0.061,865.998,,,,,,,,,0,0,Low,0.061
Gambia,1985,GMB,0.712,-0.273,-0.002,832.193,,,,,,,,,0,0,Low,-0.002
Gambia,1986,GMB,0.644,-9.608,-0.068,724.296,,,,,,,,,0,0,Low,-0.068
Gambia,1987,GMB,0.784,21.75,0.14,848.485,,,,,,,,,0,0,Low,0.14
Gambia,1988,GMB,0.786,0.27,0.002,818.078,,,,,,,,,0,0,Low,0.002
Gambia,1989,GMB,0.784,-0.269,-0.002,784.139,,,,,,,,,0,0,Low,-0.002
Gambia,1990,GMB,0.788,0.475,0.004,756.907,,,,,,,,,0,0,Low,0.004
Gambia,1991,GMB,0.784,-0.473,-0.004,723.492,,,,,,,,,0,0,Low,-0.004
Gambia,1992,GMB,0.786,0.27,0.002,697.373,,,,,,,,,0,0,Low,0.002
Gambia,1993,GMB,0.846,7.658,0.06,724.328,,,,,,,,,0,0,Low,0.06
Gambia,1994,GMB,0.975,15.258,0.129,808.835,,,,,,,,,0,0,Low,0.129
Gambia,1995,GMB,0.902,-7.477,-0.073,726.506,,,,,,,,,0,0,Low,-0.073
Gambia,1996,GMB,0.905,0.27,0.002,707.45,,,,,,,,,0,0,Low,0.002
Gambia,1997,GMB,0.902,-0.27,-0.002,685.22,,,,,,,,,0,0,Low,-0.002
Gambia,1998,GMB,0.963,6.721,0.061,710.139,,,,,,,,,0,0,Low,0.061
Gambia,1999,GMB,0.963,0,0,689.645,,,,,,,,,0,0,Low,0
Gambia,2000,GMB,1.266,31.411,0.303,880.397,,,,,,,,,0,0,Low,0.303
Gambia,2001,GMB,1.379,8.93,0.113,931.849,,,,,,,,,0,0,Low,0.113
Gambia,2002,GMB,1.373,-0.423,-0.006,901.834,,,,,,,,,0,0,Low,-0.006
Gambia,2003,GMB,1.373,0,0,876.481,,,,,,,,,0,0,Low,0
Gambia,2004,GMB,1.449,5.528,0.076,898.56,,,,,,,,,0,0,Low,0.076
Gambia,2005,GMB,1.464,1.049,0.015,881.663,,,,,,,,,0,0,Low,0.015
Gambia,2006,GMB,1.591,8.661,0.127,929.518,,,,,,,,,0,0,Low,0.127
Gambia,2007,GMB,1.65,3.73,0.059,934.913,,,,,,,,,0,0,Low,0.059
Gambia,2008,GMB,1.714,3.882,0.064,941.517,,,,,,,,,0,0,Low,0.064
Gambia,2009,GMB,1.842,7.439,0.128,980.541,,,,,,,,,0,0,Low,0.128
Gambia,2010,GMB,2.009,9.074,0.167,1036.858,,,,,,,,,0,0,Low,0.167
Gambia,2011,GMB,2.112,5.123,0.103,1056.741,,,,,,,,,0,0,Low,0.103
Gambia,2012,GMB,2.059,-2.513,-0.053,998.797,,,,,,,,,0,0,Low,-0.053
Gambia,2013,GMB,2.049,-0.474,-0.01,964.192,,,,,,,,,0,0,Low,-0.01
Gambia,2014,GMB,2.265,10.557,0.216,1034.743,,,,,,,,,0,0,Low,0.216
Gambia,2015,GMB,2.318,2.344,0.053,1028.859,,,,,,,,,0,0,Low,0.053
Gambia,2016,GMB,2.337,0.806,0.019,1008.469,,,,,,,,,0,0,Low,0.019
Gambia,2017,GMB,2.377,1.718,0.04,998.23,,,,,,,,,0,0,Low,0.04
Gambia,2018,GMB,2.393,0.672,0.016,978.746,,,,,,,,,0,0,Low,0.016
Gambia,2019,GMB,2.44,1.979,0.047,972.668,,,,,,,,,0,0,Low,0.047
Gambia,2020,GMB,2.33,-4.505,-0.11,905.346,,,,,,,,,0,0,Low,-0.11
Gambia,2021,GMB,2.458,5.498,0.128,931.273,,,,,,,,,0,0,Low,0.128
Georgia,1992,GEO,94.202,,,17979.797,,,,,,,,,0,0,Low,0
Georgia,1993,GEO,58.143,-38.279,-36.059,11339.383,,,,,,,,,0,0,Low,-36.059
Georgia,1994,GEO,44.816,-22.92,-13.327,8967.001,,,,,,,,,0,0,Low,-13.327
Georgia,1995,GEO,44.256,-1.25,-0.56,9073.216,,,,,,,,,0,0,Low,-0.56
Georgia,1996,GEO,46.533,5.145,2.277,9773.224,,,,,,,,,0,0,Low,2.277
Georgia,1997,GEO,47.934,3.01,1.401,10330.433,,,,,,,,,0,0,Low,1.401
Georgia,1998,GEO,48.536,1.258,0.603,10741.93,,,,,,,,,0,0,Low,0.603
Georgia,1999,GEO,47.084,-2.993,-1.453,10714.2,,,,,,,,,0,0,Low,-1.453
Georgia,2000,GEO,40.194,-14.633,-6.89,9423.704,,,,,,,,,0,0,Low,-6.89
Georgia,2001,GEO,37.133,-7.615,-3.061,8959.572,,,,,,,,,0,0,Low,-3.061
Georgia,2002,GEO,43.765,17.859,6.632,10776.443,,,,,,,,,0,0,Low,6.632
Georgia,2003,GEO,38.952,-10.996,-4.812,9694.849,,,,,,,,,0,0,Low,-4.812
Georgia,2004,GEO,40.229,3.279,1.277,10085.432,,,,,,,,,0,0,Low,1.277
Georgia,2005,GEO,45.765,13.76,5.535,11553.322,,,,,,,,,0,0,Low,5.535
Georgia,2006,GEO,41.373,-9.596,-4.392,10517.187,,,,,,,,,0,0,Low,-4.392
Georgia,2007,GEO,51.746,25.07,10.372,13246.12,,,,,,,,,0,0,Low,10.372
Georgia,2008,GEO,51.765,0.038,0.02,13342.63,,,,,,,,,0,0,Low,0.02
Georgia,2009,GEO,52.634,1.678,0.869,13652.776,,,,,,,,,0,0,Low,0.869
Georgia,2010,GEO,56.745,7.811,4.111,14789.647,,,,,,,,,0,0,Low,4.111
Georgia,2011,GEO,52.819,-6.92,-3.927,13820.907,,,,,,,,,0,0,Low,-3.927
Georgia,2012,GEO,54.695,3.551,1.876,14376.836,,,,,,,,,0,0,Low,1.876
Georgia,2013,GEO,61.591,12.608,6.896,16267.887,,,,,,,,,0,0,Low,6.896
Georgia,2014,GEO,64.329,4.447,2.739,17044.346,,,,,,,,,0,0,Low,2.739
Georgia,2015,GEO,68.213,6.038,3.884,18088.293,,,,,,,,,0,0,Low,3.884
Georgia,2016,GEO,72.101,5.699,3.888,19119.283,,,,,,,,,0,0,Low,3.888
Georgia,2017,GEO,71.688,-0.573,-0.413,19005.781,,,,,,,,,0,0,Low,-0.413
Georgia,2018,GEO,73.12,1.998,1.432,19383.402,,,,,,,,,0,0,Low,1.432
Georgia,2019,GEO,74.132,1.383,1.011,19659.346,,,,,,,,,0,0,Low,1.011
Georgia,2020,GEO,70.411,-5.02,-3.721,18696.85,,,,,,,,,0,0,Low,-3.721
Georgia,2021,GEO,78.297,11.2,7.886,20834.768,,,,,,,,,0,0,Low,7.886
Germany,1965,DEU,2969.293,,,39050.398,,,38415.559,98.374,,,634.836,1.626,0,0,Low,0
Germany,1966,DEU,2977.001,0.26,7.708,38854.746,0.116,3.38,38168.234,98.233,9.001,4.328,686.513,1.767,0.561494551,56.14945511,Medium,3.38
Germany,1967,DEU,2969.431,-0.254,-7.57,38477.32,-0.263,-7.687,37794.227,98.225,0.44,0.117,683.092,1.775,-0.015455746,-1.545574637,Low,-7.687
Germany,1968,DEU,3170.413,6.768,200.981,40831.562,6.813,198.717,40123.461,98.266,4.406,2.265,708.099,1.734,0.011269722,1.126972201,Low,198.716
Germany,1969,DEU,3419.778,7.865,249.365,43836.289,8.018,249.787,43136.922,98.405,-0.078,-0.422,699.368,1.595,-0.001692298,-0.169229844,Low,249.787
Germany,1970,DEU,3611.016,5.592,191.238,46120.891,5.129,172.587,45185.828,97.973,33.764,18.651,935.066,2.027,0.097527688,9.752768801,Low,172.587
Germany,1971,DEU,3643.557,0.901,32.541,46407.992,1.276,45.13,45635.867,98.336,-17.138,-12.59,772.121,1.664,-0.386896531,-38.68965305,Low,45.131
Germany,1972,DEU,3770.223,3.476,126.666,47940.641,3.292,117.966,47059.188,98.161,14.872,8.7,881.452,1.839,0.068684572,6.868457202,Low,117.966
Germany,1973,DEU,3987.354,5.759,217.131,50686.184,5.504,203.706,49634.34,97.925,19.548,13.425,1051.846,2.075,0.061829034,6.182903409,Low,203.706
Germany,1974,DEU,3918.027,-1.739,-69.327,49834.656,-2.131,-83.2,48605.73,97.534,16.855,13.873,1228.928,2.466,-0.200109625,-20.01096254,Low,-83.2
Germany,1975,DEU,3764.568,-3.917,-153.459,47948.027,-4.694,-179.366,46387.453,96.745,27.578,25.907,1560.571,3.255,-0.168820336,-16.88203364,Low,-179.366
Germany,1976,DEU,4016.905,6.703,252.337,51259.422,6.756,246.039,49615.512,96.793,5.519,6.298,1643.912,3.207,0.024958686,2.49586862,Low,246.039
Germany,1977,DEU,4007.19,-0.242,-9.714,51228.902,-1.387,-53.921,49016.828,95.682,34.543,44.207,2212.074,4.318,-4.550854437,-455.0854437,Low,-53.921
Germany,1978,DEU,4152.177,3.618,144.986,53184.246,3.522,135.025,50840.336,95.593,5.774,9.962,2343.912,4.407,0.068710082,6.871008235,Low,135.024
Germany,1979,DEU,4382.909,5.557,230.732,56251.914,5.216,207.024,53599.043,95.284,13.12,23.707,2652.867,4.716,0.10274691,10.27469098,Low,207.025
Germany,1980,DEU,4239.232,-3.278,-143.676,54498.168,-3.768,-157.375,51664.797,94.801,6.584,13.698,2833.371,5.199,-0.095339514,-9.533951391,Low,-157.374
Germany,1981,DEU,4107.233,-3.114,-131.999,52870.703,-4.036,-162.198,49644.859,93.899,13.87,30.199,3225.841,6.101,-0.228782036,-22.87820362,Low,-162.198
Germany,1982,DEU,3962.491,-3.524,-144.743,51056.168,-4.393,-169.437,47509.066,93.053,9.984,24.694,3547.102,6.947,-0.170605832,-17.06058324,Low,-169.437
Germany,1983,DEU,4018.511,1.414,56.021,51807.598,1.344,49.56,48175.172,92.989,2.451,6.461,3632.425,7.011,0.115331751,11.53317506,Low,49.56
Germany,1984,DEU,4166.991,3.695,148.479,53720.09,1.99,74.344,49132.043,91.459,26.572,74.135,4588.048,8.541,0.499296197,49.92961968,Low,74.344
Germany,1985,DEU,4290.329,2.96,123.338,55260.105,0.764,29.129,49462.777,89.509,26.717,94.209,5797.326,10.491,0.763827855,76.38278552,Medium,29.129
Germany,1986,DEU,4254.676,-0.831,-35.653,54684.992,-0.412,-15.833,49154.668,89.887,-4.457,-19.82,5530.327,10.113,0.555913948,55.59139483,Medium,-15.833
Germany,1987,DEU,4291.178,0.858,36.502,54951.07,-0.004,-0.142,48971.855,89.119,8.535,36.644,5979.213,10.881,1.003890198,100.3890198,High,-0.142
Germany,1988,DEU,4305.766,0.34,14.587,54866.223,-0.735,-28.096,48372.57,88.165,9.191,42.684,6493.652,11.835,2.926167135,292.6167135,High,-28.097
Germany,1989,DEU,4260.189,-1.058,-45.576,53983.547,-1.431,-54.321,47415.195,87.833,1.761,8.746,6568.356,12.167,-0.191899245,-19.18992452,Low,-54.322
Germany,1990,DEU,4192.642,-1.586,-67.548,52823.883,-1.015,-37.971,46665.719,88.342,-5.695,-29.577,6158.157,11.658,0.437866406,43.78664061,Low,-37.971
Germany,1991,DEU,4090.643,-2.433,-101.999,51259.914,-2.253,-83.464,45367.328,88.505,-3.782,-18.534,5892.586,11.496,0.181707664,18.17076638,Low,-83.465
Germany,1992,DEU,4009.338,-1.988,-81.305,49988.609,-3.387,-122.623,43610.484,87.241,8.773,41.317,6378.123,12.759,-0.508172929,-50.81729291,Low,-122.622
Germany,1993,DEU,3991.526,-0.444,-17.811,49538.949,-0.144,-5.02,43348.75,87.504,-2.536,-12.791,6190.201,12.496,0.718151704,71.8151704,Medium,-5.02
Germany,1994,DEU,3954.172,-0.936,-37.354,48888.086,-1.042,-36.409,42733.195,87.41,-0.158,-0.946,6154.887,12.59,0.025325266,2.532526637,Low,-36.408
Germany,1995,DEU,3974.795,0.522,20.623,48996.98,0.176,6.091,42681.25,87.11,2.904,14.532,6315.728,12.89,0.704650148,70.46501479,Medium,6.091
Germany,1996,DEU,4105.846,3.297,131.051,50501.871,3.343,115.747,44011.707,87.149,3.123,15.303,6490.163,12.851,0.116771333,11.67713333,Low,115.748
Germany,1997,DEU,4053.187,-1.283,-52.659,49771.383,-2.275,-81.411,42938.93,86.272,5.563,28.752,6832.451,13.728,-0.546003532,-54.60035322,Low,-81.411
Germany,1998,DEU,4019.631,-0.828,-33.556,49305.879,-0.426,-14.899,42709.668,86.622,-3.39,-18.656,6596.208,13.378,0.555966146,55.59661461,Medium,-14.9
Germany,1999,DEU,3963.56,-1.395,-56.071,48598.668,-2.556,-89,41601.348,85.602,6.176,32.929,6997.325,14.398,-0.587273279,-58.72732785,Low,-89
Germany,2000,DEU,3988.179,0.621,24.619,48903.699,-0.033,-1.104,41590.516,85.046,4.719,25.722,7313.188,14.954,1.044802795,104.4802795,High,-1.103
Germany,2001,DEU,4062.799,1.871,74.62,49841.387,2.023,68.605,42451.078,85.172,1.87,6.015,7390.309,14.828,0.080608416,8.060841597,Low,68.605
Germany,2002,DEU,4011.723,-1.257,-51.076,49257.789,-1.512,-52.325,41845.691,84.952,1.259,1.249,7412.095,15.048,-0.024453755,-2.445375519,Low,-52.325
Germany,2003,DEU,4010.471,-0.031,-1.252,49300.902,-0.088,-3,41858.516,84.904,1.493,1.748,7442.384,15.096,-1.396166134,-139.6166134,Low,-3
Germany,2004,DEU,4009.893,-0.014,-0.578,49342.406,-1.123,-38.246,41429.168,83.963,7.273,37.668,7913.237,16.037,-65.16955017,-6516.955017,Low,-38.246
Germany,2005,DEU,3962.635,-1.179,-47.258,48793.613,-1.739,-58.555,40735.957,83.486,4.49,11.297,8057.658,16.514,-0.239049473,-23.90494731,Low,-58.555
Germany,2006,DEU,4062.387,2.517,99.752,50043.066,1.583,52.362,41398.223,82.725,10.269,47.39,8644.846,17.275,0.475078194,47.50781939,Low,52.362
Germany,2007,DEU,3893.423,-4.159,-168.964,47958.113,-4.36,-146.51,39590.488,82.552,-2.061,-22.454,8367.628,17.448,0.132892214,13.28922137,Low,-146.51
Germany,2008,DEU,3934.666,1.059,41.243,48446.047,0.366,11.776,39719.078,81.986,3.289,29.466,8726.97,18.014,0.714448512,71.44485125,Medium,11.777
Germany,2009,DEU,3692.178,-6.163,-242.488,45436.254,-6.431,-207.452,37145.078,81.752,-4.492,-35.036,8291.177,18.248,0.1444855,14.44855003,Low,-207.452
Germany,2010,DEU,3847.151,4.197,154.973,47305.836,3.846,116.097,38543.195,81.477,5.713,38.876,8762.64,18.523,0.250856601,25.08566008,Low,116.097
Germany,2011,DEU,3710.584,-3.55,-136.567,45571.484,-3.25,-101.86,37245.68,81.73,-4.42,-34.707,8325.809,18.27,0.254138994,25.4138994,Low,-101.86
Germany,2012,DEU,3761.916,1.383,51.332,46132.684,0.656,19.895,37433.844,81.144,4.755,31.437,8698.844,18.856,0.612424998,61.24249981,Medium,19.895
Germany,2013,DEU,3868.517,2.834,106.601,47361.52,3.107,94.841,38533.078,81.359,0.968,11.761,8828.446,18.641,0.110327295,11.03272952,Low,94.84
Germany,2014,DEU,3710.465,-4.086,-158.052,45327.605,-5.854,-184.241,36198.457,79.86,4.038,26.189,9129.148,20.14,-0.165698631,-16.56986308,Low,-184.241
Germany,2015,DEU,3780.86,1.897,70.395,46066.906,0.606,17.971,36322.855,78.848,6.449,52.424,9744.049,21.152,0.744711982,74.47119824,Medium,17.971
Germany,2016,DEU,3841.451,1.603,60.591,46658.379,2.668,79.527,37174.879,79.675,-1.959,-18.935,9483.501,20.325,-0.312505158,-31.25051575,Low,79.526
Germany,2017,DEU,3888.133,1.215,46.682,47057.949,0.005,0.16,37045.012,78.722,6.165,46.523,10012.939,21.278,0.996593976,99.65939763,Medium,0.159
Germany,2018,DEU,3787.682,-2.584,-100.451,45691.598,-3.802,-116.384,35519.348,77.737,2.556,15.933,10172.254,22.263,-0.158614648,-15.86146479,Low,-116.384
Germany,2019,DEU,3694.84,-2.451,-92.843,44436.824,-4.593,-135.225,33785.625,76.031,5.048,42.382,10651.205,23.969,-0.456491066,-45.64910656,Low,-135.225
Germany,2020,DEU,3443.882,-6.792,-250.958,41328.738,-9.08,-255.066,30651.35,74.165,1.818,4.108,10677.387,25.835,-0.016369273,-1.636927295,Low,-255.066
Germany,2021,DEU,3544.581,2.924,100.699,42496.609,5.521,141.009,32312.693,76.036,-4.727,-40.31,10183.914,23.964,-0.40030189,-40.03018898,Low,141.009
Germany,2022,DEU,3413,-3.712,-131.581,40938.07,-3.638,-98.054,31151.562,76.094,-4.045,-33.526,9786.506,23.906,0.254793625,25.47936252,Low,-98.055
Germany,2023,DEU,3169.55,-7.133,-243.45,38052.27,-8.422,-218.725,28553.773,75.038,-2.608,-24.726,9498.495,24.962,0.101565003,10.15650031,Low,-218.724
Ghana,1980,GHA,25.332,,,2134.944,,,,,,,,,0,0,Low,0
Ghana,1981,GHA,24.362,-3.826,-0.969,1994.799,,,,,,,,,0,0,Low,-0.969
Ghana,1982,GHA,24.3,-0.257,-0.063,1930.859,,,,,,,,,0,0,Low,-0.063
Ghana,1983,GHA,16.109,-33.706,-8.19,1240.694,,,,,,,,,0,0,Low,-8.19
Ghana,1984,GHA,14.964,-7.112,-1.146,1121.5,,,,,,,,,0,0,Low,-1.146
Ghana,1985,GHA,17.375,16.117,2.412,1272.781,,,,,,,,,0,0,Low,2.412
Ghana,1986,GHA,22.723,30.779,5.348,1626.381,,,,,,,,,0,0,Low,5.348
Ghana,1987,GHA,24.924,9.685,2.201,1741.62,,,,,,,,,0,0,Low,2.201
Ghana,1988,GHA,27.311,9.577,2.387,1861.479,,,,,,,,,0,0,Low,2.387
Ghana,1989,GHA,30.134,10.338,2.823,2001.966,,,,,,,,,0,0,Low,2.823
Ghana,1990,GHA,29.355,-2.587,-0.779,1900.372,,,,,,,,,0,0,Low,-0.779
Ghana,1991,GHA,30.497,3.891,1.142,1924.908,,,,,,,,,0,0,Low,1.142
Ghana,1992,GHA,33.17,8.766,2.673,2042.323,,,,,,,,,0,0,Low,2.673
Ghana,1993,GHA,32.645,-1.583,-0.525,1961.425,,,,,,,,,0,0,Low,-0.525
Ghana,1994,GHA,33.619,2.982,0.974,1972.836,,,,,,,,,0,0,Low,0.974
Ghana,1995,GHA,34.184,1.681,0.565,1960.216,,,,,,,,,0,0,Low,0.565
Ghana,1996,GHA,36.121,5.667,1.937,2024.266,,,,,,,,,0,0,Low,1.937
Ghana,1997,GHA,35.558,-1.559,-0.563,1946.454,,,,,,,,,0,0,Low,-0.563
Ghana,1998,GHA,27.816,-21.771,-7.741,1486.343,,,,,,,,,0,0,Low,-7.741
Ghana,1999,GHA,33.798,21.503,5.981,1762.439,,,,,,,,,0,0,Low,5.981
Ghana,2000,GHA,41.627,23.165,7.829,2116.77,,,,,,,,,0,0,Low,7.829
Ghana,2001,GHA,41.868,0.578,0.24,2073.118,,,,,,,,,0,0,Low,0.24
Ghana,2002,GHA,38.324,-8.465,-3.544,1846.188,,,,,,,,,0,0,Low,-3.544
Ghana,2003,GHA,35.093,-8.43,-3.231,1645.281,,,,,,,,,0,0,Low,-3.231
Ghana,2004,GHA,41.455,18.129,6.362,1892.369,,,,,,,,,0,0,Low,6.362
Ghana,2005,GHA,42.603,2.769,1.148,1893.717,,,,,,,,,0,0,Low,1.148
Ghana,2006,GHA,41.445,-2.717,-1.158,1794.277,,,,,,,,,0,0,Low,-1.158
Ghana,2007,GHA,39.113,-5.627,-2.332,1649.767,,,,,,,,,0,0,Low,-2.332
Ghana,2008,GHA,46.215,18.158,7.102,1899.828,,,,,,,,,0,0,Low,7.102
Ghana,2009,GHA,53.156,15.019,6.941,2130.448,,,,,,,,,0,0,Low,6.941
Ghana,2010,GHA,54.777,3.049,1.621,2141.837,,,,,,,,,0,0,Low,1.621
Ghana,2011,GHA,68.864,25.716,14.087,2627.783,,,,,,,,,0,0,Low,14.087
Ghana,2012,GHA,70.667,2.618,1.803,2631.042,,,,,,,,,0,0,Low,1.803
Ghana,2013,GHA,74.279,5.112,3.612,2698.538,,,,,,,,,0,0,Low,3.612
Ghana,2014,GHA,75.372,1.472,1.094,2673.128,,,,,,,,,0,0,Low,1.094
Ghana,2015,GHA,82.196,9.053,6.824,2847.021,,,,,,,,,0,0,Low,6.824
Ghana,2016,GHA,83.195,1.215,0.999,2814.998,,,,,,,,,0,0,Low,0.999
Ghana,2017,GHA,83.352,0.188,0.156,2757.957,,,,,,,,,0,0,Low,0.156
Ghana,2018,GHA,96.078,15.269,12.727,3112.291,,,,,,,,,0,0,Low,12.727
Ghana,2019,GHA,98.841,2.875,2.763,3135.595,,,,,,,,,0,0,Low,2.763
Ghana,2020,GHA,112.122,13.436,13.28,3484.157,,,,,,,,,0,0,Low,13.28
Ghana,2021,GHA,114.369,2.005,2.248,3483.363,,,,,,,,,0,0,Low,2.248
Greece,1965,GRC,79.146,,,9282.632,,,,,,,277.794,,0,0,Low,0
Greece,1966,GRC,86.65,9.481,7.504,10169.437,,,,,115.98,2.747,600.377,,0.366071429,36.60714286,Low,4.757
Greece,1967,GRC,95.398,10.095,8.748,11199.461,,,,,-4.046,-0.207,576.258,,-0.023662551,-2.366255144,Low,8.955
Greece,1968,GRC,99.138,3.921,3.741,11637.534,,,,,-17.59,-0.863,474.849,,-0.230686982,-23.06869821,Low,4.604
Greece,1969,GRC,104.722,5.632,5.584,12282.445,,,,,50.219,2.031,712.704,,0.363717765,36.3717765,Low,3.553
Greece,1970,GRC,116.363,11.116,11.641,13617.834,,,,,28.272,1.718,912.199,,0.147581823,14.75818229,Low,9.923
Greece,1971,GRC,138.633,19.138,22.27,16164.987,,,,,0.607,0.047,914.393,,0.002110463,0.211046251,Low,22.223
Greece,1972,GRC,155.516,12.179,16.884,18048.34,,,,,0.943,0.074,918.669,,0.004382848,0.438284767,Low,16.81
Greece,1973,GRC,178.934,15.058,23.417,20646.846,,,,,-16.959,-1.342,758.492,,-0.057308793,-5.730879276,Low,24.759
Greece,1974,GRC,174.938,-2.233,-3.996,20039.398,,,,,5.578,0.367,794.993,,-0.091841842,-9.184184184,Low,-4.363
Greece,1975,GRC,198.29,13.349,23.352,22519.057,,,,,-14.146,-0.982,676.667,,-0.042052073,-4.205207263,Low,24.334
Greece,1976,GRC,219.074,10.482,20.784,24641.539,,,,,-6.749,-0.402,624.962,,-0.019341801,-1.934180139,Low,21.186
Greece,1977,GRC,227.19,3.705,8.116,25290.469,,,,,2.288,0.127,632.66,,0.015648103,1.564810251,Low,7.989
Greece,1978,GRC,231.183,1.757,3.992,25448.574,,,,,55.463,3.152,972.61,,0.789579158,78.95791583,Medium,0.84
Greece,1979,GRC,203.037,-12.175,-28.146,22083.158,,,,,19.344,1.709,1146.88,,-0.060719108,-6.071910751,Low,-29.855
Greece,1980,GRC,201.108,-0.95,-1.929,21607.857,,,,,-4.515,-0.476,1081.807,,0.246759979,24.67599793,Low,-1.453
Greece,1981,GRC,196.518,-2.282,-4.59,20863.965,,,,,0.059,0.006,1069.589,,-0.00130719,-0.130718954,Low,-4.596
Greece,1982,GRC,199.183,1.356,2.665,20903.236,,,19798.186,94.713,4.52,0.455,1105.052,5.287,0.170731707,17.07317073,Low,2.21
Greece,1983,GRC,200.299,0.56,1.116,20785.742,2.505,4.726,20067.695,96.545,-34.288,-3.61,718.047,3.455,-3.234767025,-323.4767025,Low,4.726
Greece,1984,GRC,209.138,4.413,8.839,21471.189,3.773,7.295,20602.342,95.953,22.308,1.544,868.847,4.047,0.174680394,17.46803937,Low,7.295
Greece,1985,GRC,220.911,5.629,11.773,22449.928,5.951,11.941,21607.018,96.245,-1.992,-0.169,842.91,3.755,-0.01435488,-1.435487981,Low,11.942
Greece,1986,GRC,221.38,0.213,0.47,22278.973,-0.377,-0.802,21316.293,95.679,15.33,1.272,962.677,4.321,2.706382979,270.6382979,High,-0.802
Greece,1987,GRC,242.08,9.351,20.7,24137.678,10.407,22.043,23317.729,96.603,-14.034,-1.342,819.949,3.397,-0.064830918,-6.483091787,Low,22.042
Greece,1988,GRC,255.601,5.585,13.52,25256.5,6.305,14.744,24564.893,97.262,-14.887,-1.224,691.607,2.738,-0.090532544,-9.053254438,Low,14.744
Greece,1989,GRC,277.07,8.399,21.469,27131.844,9.19,22.847,26581.389,97.971,-19.687,-1.378,550.455,2.029,-0.06418557,-6.418556989,Low,22.847
Greece,1990,GRC,287.312,3.697,10.243,27888.309,3.915,10.627,27379.988,98.177,-6.839,-0.384,508.319,1.823,-0.037489017,-3.748901689,Low,10.627
Greece,1991,GRC,291.482,1.451,4.17,28049.93,0.084,0.237,27167.52,96.854,75.099,3.933,882.411,3.146,0.943165468,94.31654676,Medium,0.237
Greece,1992,GRC,296.618,1.762,5.136,28307.635,2.75,7.765,27683.387,97.795,-28.668,-2.629,624.246,2.205,-0.511876947,-51.1876947,Low,7.765
Greece,1993,GRC,300.531,1.319,3.912,28450.086,1.228,3.564,27797.838,97.707,5.335,0.349,652.251,2.293,0.089212679,8.921267894,Low,3.563
Greece,1994,GRC,305.643,1.701,5.113,28705.861,1.432,4.205,27973.498,97.449,13.176,0.908,732.367,2.551,0.177586544,17.75865441,Low,4.205
Greece,1995,GRC,316.794,3.648,11.151,29529.844,2.823,8.41,28547.461,96.673,35.154,2.741,982.384,3.327,0.245807551,24.58075509,Low,8.41
Greece,1996,GRC,324.801,2.527,8.007,30063.527,1.821,5.576,28863.084,96.007,23.064,2.43,1200.443,3.993,0.303484451,30.34844511,Low,5.577
Greece,1997,GRC,334.044,2.846,9.243,30715.895,3.408,10.627,29650.586,96.532,-10.67,-1.384,1065.305,3.468,-0.149734935,-14.97349345,Low,10.627
Greece,1998,GRC,354.773,6.206,20.729,32430.525,6.549,21.117,31406.885,96.844,-3.344,-0.387,1023.643,3.156,-0.018669497,-1.866949684,Low,21.116
Greece,1999,GRC,354.705,-0.019,-0.068,32263.9,-0.853,-2.931,30984.941,96.036,25.561,2.863,1278.961,3.964,-42.10294118,-4210.294118,Low,-2.931
Greece,2000,GRC,373.052,5.173,18.347,33796.73,5.917,20.154,32686.6,96.715,-12.85,-1.807,1110.132,3.285,-0.098490216,-9.849021638,Low,20.154
Greece,2001,GRC,376.025,0.797,2.973,33961.258,1.827,6.593,33181.492,97.704,-29.247,-3.62,779.764,2.296,-1.217625294,-121.7625294,Low,6.593
Greece,2002,GRC,376.371,0.092,0.345,33917.586,-0.407,-1.496,32973.594,97.217,21.999,1.841,943.992,2.783,5.336231884,533.6231884,High,-1.496
Greece,2003,GRC,398.316,5.831,21.945,35850.453,4.182,15.302,34309.73,95.702,64.719,6.643,1540.724,4.298,0.302711324,30.27113238,Low,15.302
Greece,2004,GRC,398.232,-0.021,-0.084,35828.086,-0.015,-0.057,34290.398,95.708,0.438,-0.027,1537.688,4.292,0.321428571,32.14285714,Low,-0.057
Greece,2005,GRC,399.606,0.345,1.374,35956.984,0.021,0.081,34302.754,95.399,8.257,1.293,1654.229,4.601,0.941048035,94.10480349,Medium,0.081
Greece,2006,GRC,411.306,2.928,11.7,37034.242,2.012,7.668,35015.926,94.55,28.057,4.031,2018.318,5.45,0.344529915,34.45299145,Low,7.669
Greece,2007,GRC,419.35,1.956,8.045,37808.297,4.226,16.434,36543.754,96.655,-32.216,-8.39,1264.543,3.345,-1.042883779,-104.2883779,Low,16.435
Greece,2008,GRC,411.585,-1.852,-7.765,37168.062,-2.653,-10.754,35631.574,95.866,17.462,2.989,1536.493,4.134,-0.384932389,-38.49323889,Low,-10.754
Greece,2009,GRC,396.398,-3.69,-15.187,35855.25,-5.561,-21.941,33705.363,94.004,38.503,6.754,2149.887,5.996,-0.44472246,-44.472246,Low,-21.941
Greece,2010,GRC,378.437,-4.531,-17.961,34298.055,-6.7,-24.965,31509.072,91.868,32.481,7.005,2788.984,8.132,-0.390011692,-39.0011692,Low,-24.966
Greece,2011,GRC,371.285,-1.89,-7.153,33738.633,-0.039,-0.137,31579.805,93.601,-22.023,-7.016,2158.827,6.399,0.980847197,98.0847197,Medium,-0.137
Greece,2012,GRC,349.302,-5.921,-21.983,31860.057,-7.934,-27.572,29183.297,91.598,24.012,5.59,2676.761,8.402,-0.254287404,-25.42874039,Low,-27.573
Greece,2013,GRC,328.303,-6.012,-20.999,30079.553,-10.151,-32.48,26338.809,87.564,37.761,11.481,3740.747,12.436,-0.546740321,-54.6740321,Low,-32.48
Greece,2014,GRC,307.91,-6.212,-20.393,28344.934,-5.016,-14.421,25136.213,88.68,-12.718,-5.972,3208.718,11.32,0.292845584,29.28455843,Low,-14.421
Greece,2015,GRC,311.723,1.238,3.813,28845.504,-1.204,-3.288,24962.992,86.54,19.836,7.101,3882.511,13.46,1.862313139,186.2313139,High,-3.288
Greece,2016,GRC,306.993,-1.518,-4.73,28558.139,-1.748,-4.715,24656.535,86.338,0.745,-0.016,3901.602,13.662,0.003382664,0.338266385,Low,-4.714
Greece,2017,GRC,322.197,4.953,15.205,30133.779,6.909,18.312,26501.789,87.947,-6.435,-3.107,3631.994,12.053,-0.204340677,-20.43406774,Low,18.312
Greece,2018,GRC,324.066,0.58,1.868,30476.574,-1.464,-4.149,26258.535,86.16,15.005,6.017,4218.042,13.84,3.221092077,322.1092077,High,-4.149
Greece,2019,GRC,316.887,-2.215,-7.178,29968.463,-2.592,-7.237,25721.227,85.828,1.377,0.059,4247.234,14.172,-0.00821956,-0.821955977,Low,-7.237
Greece,2020,GRC,276.956,-12.601,-39.931,26346.08,-16.093,-43.769,21708.766,82.398,8.665,3.838,4637.316,17.602,-0.0961158,-9.611579975,Low,-43.769
Greece,2021,GRC,302.536,9.236,25.58,28963.67,5.929,13.53,23143.051,79.904,23.967,12.05,5820.62,20.096,0.471071149,47.10711493,Low,13.53
Greece,2022,GRC,314.337,3.901,11.801,30268.49,4.491,10.858,24323.156,80.358,2.463,0.944,5945.335,19.642,0.079993221,7.999322091,Low,10.857
Greece,2023,GRC,305.181,-2.913,-9.156,29510.961,-5.333,-13.47,23123.361,78.355,6.723,4.314,6387.6,21.645,-0.471166448,-47.11664482,Low,-13.47
Greenland,1980,GRL,2.291,,,45703.09,,,,,,,,,0,0,Low,0
Greenland,1981,GRL,2.161,-5.664,-0.13,42594.496,,,,,,,,,0,0,Low,-0.13
Greenland,1982,GRL,2.099,-2.857,-0.062,40874.824,,,,,,,,,0,0,Low,-0.062
Greenland,1983,GRL,1.482,-29.412,-0.617,28498.273,,,,,,,,,0,0,Low,-0.617
Greenland,1984,GRL,2.353,58.767,0.871,44683.93,,,,,,,,,0,0,Low,0.871
Greenland,1985,GRL,2.099,-10.771,-0.253,39434.508,,,,,,,,,0,0,Low,-0.253
Greenland,1986,GRL,1.396,-33.527,-0.704,25966.99,,,,,,,,,0,0,Low,-0.704
Greenland,1987,GRL,0.966,-30.816,-0.43,17790.945,,,,,,,,,0,0,Low,-0.43
Greenland,1988,GRL,2.259,133.995,1.294,41229.547,,,,,,,,,0,0,Low,1.294
Greenland,1989,GRL,1.992,-11.832,-0.267,36006.969,,,,,,,,,0,0,Low,-0.267
Greenland,1990,GRL,2.275,14.226,0.283,40911.164,,,,,,,,,0,0,Low,0.283
Greenland,1991,GRL,2.247,-1.231,-0.028,40364.66,,,,,,,,,0,0,Low,-0.028
Greenland,1992,GRL,1.997,-11.122,-0.25,35856.719,,,,,,,,,0,0,Low,-0.25
Greenland,1993,GRL,2.042,2.253,0.045,36647.945,,,,,,,,,0,0,Low,0.045
Greenland,1994,GRL,2.054,0.581,0.012,36867.426,,,,,,,,,0,0,Low,0.012
Greenland,1995,GRL,2.054,0,0,36809.293,,,,,,,,,0,0,Low,0
Greenland,1996,GRL,2.177,5.978,0.123,38890.434,,,,,,,,,0,0,Low,0.123
Greenland,1997,GRL,2.233,2.589,0.056,39816.215,,,,,,,,,0,0,Low,0.056
Greenland,1998,GRL,2.233,0.001,0,39778.469,,,,,,,,,0,0,Low,0
Greenland,1999,GRL,2.746,22.946,0.512,48920.961,,,,,,,,,0,0,Low,0.512
Greenland,2000,GRL,2.976,8.388,0.23,52953.5,,,,,,,,,0,0,Low,0.23
Greenland,2001,GRL,2.778,-6.663,-0.198,49252.449,,,,,,,,,0,0,Low,-0.198
Greenland,2002,GRL,2.689,-3.192,-0.089,47520.086,,,,,,,,,0,0,Low,-0.089
Greenland,2003,GRL,2.948,9.618,0.259,51946.254,,,,,,,,,0,0,Low,0.259
Greenland,2004,GRL,2.843,-3.569,-0.105,49968.973,,,,,,,,,0,0,Low,-0.105
Greenland,2005,GRL,3.423,20.428,0.581,60154.367,,,,,,,,,0,0,Low,0.581
Greenland,2006,GRL,3.141,-8.254,-0.283,55261.266,,,,,,,,,0,0,Low,-0.283
Greenland,2007,GRL,3.548,12.968,0.407,62545.469,,,,,,,,,0,0,Low,0.407
Greenland,2008,GRL,3.154,-11.102,-0.394,55727.66,,,,,,,,,0,0,Low,-0.394
Greenland,2009,GRL,3.455,9.541,0.301,61194.82,,,,,,,,,0,0,Low,0.301
Greenland,2010,GRL,4.365,26.343,0.91,77434.969,,,,,,,,,0,0,Low,0.91
Greenland,2011,GRL,4.315,-1.142,-0.05,76637.781,,,,,,,,,0,0,Low,-0.05
Greenland,2012,GRL,3.6,-16.574,-0.715,64041.523,,,,,,,,,0,0,Low,-0.715
Greenland,2013,GRL,3.622,0.604,0.022,64544.352,,,,,,,,,0,0,Low,0.022
Greenland,2014,GRL,3.385,-6.537,-0.237,60480.352,,,,,,,,,0,0,Low,-0.237
Greenland,2015,GRL,3.607,6.543,0.222,64502.316,,,,,,,,,0,0,Low,0.222
Greenland,2016,GRL,3.56,-1.292,-0.047,63640.645,,,,,,,,,0,0,Low,-0.047
Greenland,2017,GRL,3.542,-0.521,-0.019,63297.488,,,,,,,,,0,0,Low,-0.019
Greenland,2018,GRL,3.611,1.968,0.07,64539.719,,,,,,,,,0,0,Low,0.07
Greenland,2019,GRL,3.522,-2.475,-0.089,62941.348,,,,,,,,,0,0,Low,-0.089
Greenland,2020,GRL,3.552,0.859,0.03,63375.285,,,,,,,,,0,0,Low,0.03
Greenland,2021,GRL,3.574,0.617,0.022,63520.266,,,,,,,,,0,0,Low,0.022
Grenada,1980,GRD,0.18,,,1895.708,,,,,,,,,0,0,Low,0
Grenada,1981,GRD,0.239,32.969,0.059,2510.594,,,,,,,,,0,0,Low,0.059
Grenada,1982,GRD,0.239,0,0,2476.453,,,,,,,,,0,0,Low,0
Grenada,1983,GRD,0.239,0,0,2435.091,,,,,,,,,0,0,Low,0
Grenada,1984,GRD,0.24,0.274,0.001,2406.495,,,,,,,,,0,0,Low,0.001
Grenada,1985,GRD,0.239,-0.273,-0.001,2376.945,,,,,,,,,0,0,Low,-0.001
Grenada,1986,GRD,0.277,15.947,0.038,2747.406,,,,,,,,,0,0,Low,0.038
Grenada,1987,GRD,0.341,23.115,0.064,3392.321,,,,,,,,,0,0,Low,0.064
Grenada,1988,GRD,0.354,3.835,0.013,3547.717,,,,,,,,,0,0,Low,0.013
Grenada,1989,GRD,0.354,-0.232,-0.001,3563.036,,,,,,,,,0,0,Low,-0.001
Grenada,1990,GRD,0.526,48.664,0.172,5306.143,,,,,,,,,0,0,Low,0.172
Grenada,1991,GRD,0.526,0,0,5268.279,,,,,,,,,0,0,Low,0
Grenada,1992,GRD,0.542,3.097,0.016,5362.855,,,,,,,,,0,0,Low,0.016
Grenada,1993,GRD,0.623,14.958,0.081,6096.51,,,,,,,,,0,0,Low,0.081
Grenada,1994,GRD,0.714,14.684,0.091,6923.709,,,,,,,,,0,0,Low,0.091
Grenada,1995,GRD,0.651,-8.924,-0.064,6252.483,,,,,,,,,0,0,Low,-0.064
Grenada,1996,GRD,0.697,7.083,0.046,6645.128,,,,,,,,,0,0,Low,0.046
Grenada,1997,GRD,0.922,32.335,0.225,8735.42,,,,,,,,,0,0,Low,0.225
Grenada,1998,GRD,0.8,-13.283,-0.122,7528.633,,,,,,,,,0,0,Low,-0.122
Grenada,1999,GRD,0.8,0.001,0,7484.521,,,,,,,,,0,0,Low,0
Grenada,2000,GRD,0.863,7.904,0.063,8030.945,,,,,,,,,0,0,Low,0.063
Grenada,2001,GRD,0.898,4.08,0.035,8319.619,,,,,,,,,0,0,Low,0.035
Grenada,2002,GRD,0.923,2.755,0.025,8525.037,,,,,,,,,0,0,Low,0.025
Grenada,2003,GRD,0.976,5.783,0.053,8976.218,,,,,,,,,0,0,Low,0.053
Grenada,2004,GRD,0.948,-2.892,-0.028,8654.664,,,,,,,,,0,0,Low,-0.028
Grenada,2005,GRD,0.997,5.154,0.049,9039.732,,,,,,,,,0,0,Low,0.049
Grenada,2006,GRD,1.031,3.467,0.035,9290.929,,,,,,,,,0,0,Low,0.035
Grenada,2007,GRD,1.095,6.162,0.064,9798.676,,,,,,,,,0,0,Low,0.064
Grenada,2008,GRD,1.164,6.332,0.069,10349.056,,,,,,,,,0,0,Low,0.069
Grenada,2009,GRD,1.13,-2.907,-0.034,9980.479,,,,,,,,,0,0,Low,-0.034
Grenada,2010,GRD,1.175,3.906,0.044,10297.715,,,,,,,,,0,0,Low,0.044
Grenada,2011,GRD,1.172,-0.226,-0.003,10196.201,,,,,,,,,0,0,Low,-0.003
Grenada,2012,GRD,1.194,1.861,0.022,10296.617,,,,,,,,,0,0,Low,0.022
Grenada,2013,GRD,1.347,12.834,0.153,11516.319,,,,,,,,,0,0,Low,0.153
Grenada,2014,GRD,1.139,-15.461,-0.208,9650.67,,,,,,,,,0,0,Low,-0.208
Grenada,2015,GRD,1.185,4.075,0.046,9958.878,,,,,,,,,0,0,Low,0.046
Grenada,2016,GRD,1.221,3.011,0.036,10175.044,,,,,,,,,0,0,Low,0.036
Grenada,2017,GRD,1.327,8.719,0.106,10974.274,,,,,,,,,0,0,Low,0.106
Grenada,2018,GRD,1.307,-1.538,-0.02,10724.042,,,,,,,,,0,0,Low,-0.02
Grenada,2019,GRD,1.308,0.084,0.001,10655.754,,,,,,,,,0,0,Low,0.001
Grenada,2020,GRD,1.103,-15.667,-0.205,8918.377,,,,,,,,,0,0,Low,-0.205
Grenada,2021,GRD,1.175,6.574,0.073,9432.062,,,,,,,,,0,0,Low,0.073
Guadeloupe,1980,GLP,2.069,,,6189.176,,,,,,,,,0,0,Low,0
Guadeloupe,1981,GLP,2.888,39.617,0.82,8604.461,,,,,,,,,0,0,Low,0.82
Guadeloupe,1982,GLP,3.654,26.531,0.766,10781.093,,,,,,,,,0,0,Low,0.766
Guadeloupe,1983,GLP,3.831,4.839,0.177,11122.551,,,,,,,,,0,0,Low,0.177
Guadeloupe,1984,GLP,4.196,9.53,0.365,11955.986,,,,,,,,,0,0,Low,0.365
Guadeloupe,1985,GLP,3.831,-8.701,-0.365,10706.279,,,,,,,,,0,0,Low,-0.365
Guadeloupe,1986,GLP,3.988,4.087,0.157,10929.743,,,,,,,,,0,0,Low,0.157
Guadeloupe,1987,GLP,4.61,15.597,0.622,12394.957,,,,,,,,,0,0,Low,0.622
Guadeloupe,1988,GLP,5.075,10.086,0.465,13390.08,,,,,,,,,0,0,Low,0.465
Guadeloupe,1989,GLP,5.592,10.191,0.517,14491.791,,,,,,,,,0,0,Low,0.517
Guadeloupe,1990,GLP,6.043,8.069,0.451,15417.781,,,,,,,,,0,0,Low,0.451
Guadeloupe,1991,GLP,6.282,3.946,0.238,15822.82,,,,,,,,,0,0,Low,0.238
Guadeloupe,1992,GLP,5.956,-5.184,-0.326,14836.054,,,,,,,,,0,0,Low,-0.326
Guadeloupe,1993,GLP,6.785,13.912,0.829,16721.52,,,,,,,,,0,0,Low,0.829
Guadeloupe,1994,GLP,7.014,3.379,0.229,17111.305,,,,,,,,,0,0,Low,0.229
Guadeloupe,1995,GLP,7.202,2.688,0.189,17399.232,,,,,,,,,0,0,Low,0.189
Guadeloupe,1996,GLP,7.162,-0.558,-0.04,17138.258,,,,,,,,,0,0,Low,-0.04
Guadeloupe,1997,GLP,7.333,2.383,0.171,17383.408,,,,,,,,,0,0,Low,0.171
Guadeloupe,1998,GLP,7.348,0.202,0.015,17288.803,,,,,,,,,0,0,Low,0.015
Guadeloupe,1999,GLP,7.348,0.005,0,17258.416,,,,,,,,,0,0,Low,0
Guadeloupe,2000,GLP,8.722,18.704,1.374,20568.102,,,,,,,,,0,0,Low,1.374
Guadeloupe,2001,GLP,9.097,4.301,0.375,21598.848,,,,,,,,,0,0,Low,0.375
Guadeloupe,2002,GLP,9.355,2.833,0.258,22400.535,,,,,,,,,0,0,Low,0.258
Guadeloupe,2003,GLP,9.711,3.801,0.356,23487.152,,,,,,,,,0,0,Low,0.356
Guadeloupe,2004,GLP,9.538,-1.783,-0.173,23340.301,,,,,,,,,0,0,Low,-0.173
Guadeloupe,2005,GLP,9.431,-1.119,-0.107,23387.596,,,,,,,,,0,0,Low,-0.107
Guadeloupe,2006,GLP,9.745,3.327,0.314,24304.947,,,,,,,,,0,0,Low,0.314
Guadeloupe,2007,GLP,10.133,3.99,0.389,25231.457,,,,,,,,,0,0,Low,0.389
Guadeloupe,2008,GLP,9.444,-6.8,-0.689,23487.783,,,,,,,,,0,0,Low,-0.689
Guadeloupe,2009,GLP,9.351,-0.984,-0.093,23222.686,,,,,,,,,0,0,Low,-0.093
Guadeloupe,2010,GLP,9.945,6.343,0.593,24672.211,,,,,,,,,0,0,Low,0.593
Guadeloupe,2011,GLP,10.872,9.323,0.927,26967.006,,,,,,,,,0,0,Low,0.927
Guadeloupe,2012,GLP,0,-100,-10.872,0,,,,,,,,,0,0,Low,-10.872
Guadeloupe,2013,GLP,0,,0,0,,,,,,,,,0,0,Low,0
Guadeloupe,2014,GLP,0,,0,0,,,,,,,,,0,0,Low,0
Guadeloupe,2015,GLP,0,,0,0,,,,,,,,,0,0,Low,0
Guadeloupe,2016,GLP,0,,0,0,,,,,,,,,0,0,Low,0
Guadeloupe,2017,GLP,0,,0,0,,,,,,,,,0,0,Low,0
Guadeloupe,2018,GLP,0,,0,0,,,,,,,,,0,0,Low,0
Guadeloupe,2019,GLP,0,,0,0,,,,,,,,,0,0,Low,0
Guadeloupe,2020,GLP,0,,0,0,,,,,,,,,0,0,Low,0
Guadeloupe,2021,GLP,0,,0,0,,,,,,,,,0,0,Low,0
Guam,1980,GUM,14.641,,,132741.891,,,,,,,,,0,0,Low,0
Guam,1981,GUM,20.442,39.617,5.801,180530.391,,,,,,,,,0,0,Low,5.801
Guam,1982,GUM,15.77,-22.857,-4.672,135711.5,,,,,,,,,0,0,Low,-4.672
Guam,1983,GUM,15.185,-3.704,-0.584,127521.227,,,,,,,,,0,0,Low,-0.584
Guam,1984,GUM,5.271,-65.29,-9.915,43238.602,,,,,,,,,0,0,Low,-9.915
Guam,1985,GUM,2.687,-49.029,-2.584,21546.562,,,,,,,,,0,0,Low,-2.584
Guam,1986,GUM,4.502,67.57,1.815,35316.719,,,,,,,,,0,0,Low,1.815
Guam,1987,GUM,3.168,-29.624,-1.334,24321.053,,,,,,,,,0,0,Low,-1.334
Guam,1988,GUM,3.278,3.474,0.11,24632.486,,,,,,,,,0,0,Low,0.11
Guam,1989,GUM,3.045,-7.112,-0.233,22429.539,,,,,,,,,0,0,Low,-0.233
Guam,1990,GUM,7.645,151.056,4.6,55289.344,,,,,,,,,0,0,Low,4.6
Guam,1991,GUM,8.576,12.168,0.93,60928.648,,,,,,,,,0,0,Low,0.93
Guam,1992,GUM,10.311,20.237,1.735,72012.18,,,,,,,,,0,0,Low,1.735
Guam,1993,GUM,13.676,32.639,3.365,93963.523,,,,,,,,,0,0,Low,3.365
Guam,1994,GUM,19.914,45.607,6.237,134685.766,,,,,,,,,0,0,Low,6.237
Guam,1995,GUM,14.791,-25.725,-5.123,98537.453,,,,,,,,,0,0,Low,-5.123
Guam,1996,GUM,13.113,-11.347,-1.678,86110.727,,,,,,,,,0,0,Low,-1.678
Guam,1997,GUM,14.938,13.918,1.825,96783.398,,,,,,,,,0,0,Low,1.825
Guam,1998,GUM,12.348,-17.34,-2.59,78962.93,,,,,,,,,0,0,Low,-2.59
Guam,1999,GUM,13.726,11.161,1.378,86648.789,,,,,,,,,0,0,Low,1.378
Guam,2000,GUM,13.982,1.87,0.257,87275.984,,,,,,,,,0,0,Low,0.257
Guam,2001,GUM,19.359,38.455,5.377,119841.039,,,,,,,,,0,0,Low,5.377
Guam,2002,GUM,13.456,-30.491,-5.903,82767.82,,,,,,,,,0,0,Low,-5.903
Guam,2003,GUM,11.392,-15.339,-2.064,69718.664,,,,,,,,,0,0,Low,-2.064
Guam,2004,GUM,13.244,16.25,1.851,80743.289,,,,,,,,,0,0,Low,1.851
Guam,2005,GUM,15.508,17.1,2.265,94305.461,,,,,,,,,0,0,Low,2.265
Guam,2006,GUM,16.355,5.461,0.847,99310.289,,,,,,,,,0,0,Low,0.847
Guam,2007,GUM,11.815,-27.76,-4.54,71704.367,,,,,,,,,0,0,Low,-4.54
Guam,2008,GUM,7.44,-37.031,-4.375,45162.445,,,,,,,,,0,0,Low,-4.375
Guam,2009,GUM,11.819,58.865,4.379,71809.609,,,,,,,,,0,0,Low,4.379
Guam,2010,GUM,10.536,-10.86,-1.284,63885.816,,,,,,,,,0,0,Low,-1.284
Guam,2011,GUM,9.31,-11.635,-1.226,56198.336,,,,,,,,,0,0,Low,-1.226
Guam,2012,GUM,9.969,7.081,0.659,59909.613,,,,,,,,,0,0,Low,0.659
Guam,2013,GUM,8.406,-15.676,-1.563,50317.52,,,,,,,,,0,0,Low,-1.563
Guam,2014,GUM,8.136,-3.22,-0.271,48555.641,,,,,,,,,0,0,Low,-0.271
Guam,2015,GUM,8.644,6.251,0.509,51455.406,,,,,,,,,0,0,Low,0.509
Guam,2016,GUM,8.145,-5.781,-0.5,48375.195,,,,,,,,,0,0,Low,-0.5
Guam,2017,GUM,7.476,-8.205,-0.668,44338.289,,,,,,,,,0,0,Low,-0.668
Guam,2018,GUM,7.497,0.271,0.02,44438.316,,,,,,,,,0,0,Low,0.02
Guam,2019,GUM,7.493,-0.054,-0.004,44431.332,,,,,,,,,0,0,Low,-0.004
Guam,2020,GUM,7.124,-4.916,-0.368,42094.266,,,,,,,,,0,0,Low,-0.368
Guam,2021,GUM,7.536,5.774,0.411,44185.305,,,,,,,,,0,0,Low,0.411
Guatemala,1980,GTM,18.91,,,2706.181,,,,,,,,,0,0,Low,0
Guatemala,1981,GTM,15.98,-15.494,-2.93,2230.171,,,,,,,,,0,0,Low,-2.93
Guatemala,1982,GTM,16.428,2.8,0.447,2240.31,,,,,,,,,0,0,Low,0.447
Guatemala,1983,GTM,18,9.573,1.573,2396.189,,,,,,,,,0,0,Low,1.573
Guatemala,1984,GTM,15.639,-13.119,-2.361,2026.029,,,,,,,,,0,0,Low,-2.361
Guatemala,1985,GTM,17.596,12.516,1.957,2218.332,,,,,,,,,0,0,Low,1.957
Guatemala,1986,GTM,19.033,8.162,1.436,2335.797,,,,,,,,,0,0,Low,1.436
Guatemala,1987,GTM,19.155,0.645,0.123,2288.73,,,,,,,,,0,0,Low,0.123
Guatemala,1988,GTM,21.003,9.645,1.848,2442.146,,,,,,,,,0,0,Low,1.848
Guatemala,1989,GTM,21.965,4.584,0.963,2484.9,,,,,,,,,0,0,Low,0.963
Guatemala,1990,GTM,23.442,6.724,1.477,2580.391,,,,,,,,,0,0,Low,1.477
Guatemala,1991,GTM,22.791,-2.778,-0.651,2442.873,,,,,,,,,0,0,Low,-0.651
Guatemala,1992,GTM,25.089,10.083,2.298,2619.808,,,,,,,,,0,0,Low,2.298
Guatemala,1993,GTM,26.806,6.843,1.717,2726.418,,,,,,,,,0,0,Low,1.717
Guatemala,1994,GTM,29.929,11.651,3.123,2964.76,,,,,,,,,0,0,Low,3.123
Guatemala,1995,GTM,32.023,6.996,2.094,3090.082,,,,,,,,,0,0,Low,2.094
Guatemala,1996,GTM,33.116,3.414,1.093,3114.656,,,,,,,,,0,0,Low,1.093
Guatemala,1997,GTM,35.769,8.01,2.653,3279.899,,,,,,,,,0,0,Low,2.653
Guatemala,1998,GTM,42.065,17.603,6.296,3761.163,,,,,,,,,0,0,Low,6.296
Guatemala,1999,GTM,45.326,7.752,3.261,3953.918,,,,,,,,,0,0,Low,3.261
Guatemala,2000,GTM,47.631,5.085,2.305,4058.544,,,,,,,,,0,0,Low,2.305
Guatemala,2001,GTM,49.645,4.23,2.015,4133.946,,,,,,,,,0,0,Low,2.015
Guatemala,2002,GTM,50.179,1.074,0.533,4082.936,,,,,,,,,0,0,Low,0.533
Guatemala,2003,GTM,55.094,9.795,4.915,4382.797,,,,,,,,,0,0,Low,4.915
Guatemala,2004,GTM,51.992,-5.631,-3.102,4045.296,,,,,,,,,0,0,Low,-3.102
Guatemala,2005,GTM,53.676,3.239,1.684,4087.143,,,,,,,,,0,0,Low,1.684
Guatemala,2006,GTM,56.908,6.021,3.232,4242.915,,,,,,,,,0,0,Low,3.232
Guatemala,2007,GTM,61.005,7.2,4.097,4454.024,,,,,,,,,0,0,Low,4.097
Guatemala,2008,GTM,56.658,-7.126,-4.347,4052.934,,,,,,,,,0,0,Low,-4.347
Guatemala,2009,GTM,59.241,4.559,2.583,4154.522,,,,,,,,,0,0,Low,2.583
Guatemala,2010,GTM,58.236,-1.697,-1.005,4004.347,,,,,,,,,0,0,Low,-1.005
Guatemala,2011,GTM,59.401,2.002,1.166,4004.556,,,,,,,,,0,0,Low,1.166
Guatemala,2012,GTM,63.603,7.074,4.202,4204.253,,,,,,,,,0,0,Low,4.202
Guatemala,2013,GTM,68.008,6.925,4.405,4409.617,,,,,,,,,0,0,Low,4.405
Guatemala,2014,GTM,71.688,5.411,3.68,4562.104,,,,,,,,,0,0,Low,3.68
Guatemala,2015,GTM,80.047,11.661,8.36,5002.62,,,,,,,,,0,0,Low,8.36
Guatemala,2016,GTM,87.282,9.038,7.235,5357.698,,,,,,,,,0,0,Low,7.235
Guatemala,2017,GTM,94.633,8.422,7.351,5708.092,,,,,,,,,0,0,Low,7.351
Guatemala,2018,GTM,97.3,2.818,2.667,5774.417,,,,,,,,,0,0,Low,2.667
Guatemala,2019,GTM,100.102,2.88,2.802,5851.735,,,,,,,,,0,0,Low,2.802
Guatemala,2020,GTM,99.566,-0.535,-0.536,5734.478,,,,,,,,,0,0,Low,-0.536
Guatemala,2021,GTM,100.582,1.02,1.016,5712.118,,,,,,,,,0,0,Low,1.016
Guinea,1980,GIN,3.986,,,801.5,,,,,,,,,0,0,Low,0
Guinea,1981,GIN,3.916,-1.751,-0.07,772.729,,,,,,,,,0,0,Low,-0.07
Guinea,1982,GIN,3.979,1.609,0.063,769.474,,,,,,,,,0,0,Low,0.063
Guinea,1983,GIN,4.06,2.042,0.081,768.604,,,,,,,,,0,0,Low,0.081
Guinea,1984,GIN,4.072,0.304,0.012,753.845,,,,,,,,,0,0,Low,0.012
Guinea,1985,GIN,3.829,-5.966,-0.243,692.268,,,,,,,,,0,0,Low,-0.243
Guinea,1986,GIN,4.632,20.957,0.803,816.718,,,,,,,,,0,0,Low,0.803
Guinea,1987,GIN,4.941,6.674,0.309,848.867,,,,,,,,,0,0,Low,0.309
Guinea,1988,GIN,5.008,1.347,0.067,837.79,,,,,,,,,0,0,Low,0.067
Guinea,1989,GIN,4.846,-3.231,-0.162,789.713,,,,,,,,,0,0,Low,-0.162
Guinea,1990,GIN,6.393,31.927,1.547,1006.108,,,,,,,,,0,0,Low,1.547
Guinea,1991,GIN,5.045,-21.078,-1.347,762.644,,,,,,,,,0,0,Low,-1.347
Guinea,1992,GIN,5.2,3.065,0.155,761.118,,,,,,,,,0,0,Low,0.155
Guinea,1993,GIN,5.438,4.577,0.238,771.789,,,,,,,,,0,0,Low,0.238
Guinea,1994,GIN,5.501,1.151,0.063,757.453,,,,,,,,,0,0,Low,0.063
Guinea,1995,GIN,5.472,-0.531,-0.029,732.626,,,,,,,,,0,0,Low,-0.029
Guinea,1996,GIN,5.499,0.495,0.027,715.673,,,,,,,,,0,0,Low,0.027
Guinea,1997,GIN,5.804,5.545,0.305,739.978,,,,,,,,,0,0,Low,0.305
Guinea,1998,GIN,5.93,2.179,0.126,741.935,,,,,,,,,0,0,Low,0.126
Guinea,1999,GIN,6.184,4.289,0.254,756.5,,,,,,,,,0,0,Low,0.254
Guinea,2000,GIN,7.78,25.806,1.596,933.223,,,,,,,,,0,0,Low,1.596
Guinea,2001,GIN,8.524,9.564,0.744,1009.31,,,,,,,,,0,0,Low,0.744
Guinea,2002,GIN,8.881,4.186,0.357,1035.372,,,,,,,,,0,0,Low,0.357
Guinea,2003,GIN,8.629,-2.842,-0.252,983.643,,,,,,,,,0,0,Low,-0.252
Guinea,2004,GIN,9.331,8.136,0.702,1041.267,,,,,,,,,0,0,Low,0.702
Guinea,2005,GIN,9.43,1.065,0.099,1031.74,,,,,,,,,0,0,Low,0.099
Guinea,2006,GIN,9.589,1.684,0.159,1027.691,,,,,,,,,0,0,Low,0.159
Guinea,2007,GIN,10.18,6.16,0.591,1066.262,,,,,,,,,0,0,Low,0.591
Guinea,2008,GIN,10.279,0.976,0.099,1051.052,,,,,,,,,0,0,Low,0.099
Guinea,2009,GIN,10.79,4.97,0.511,1076.703,,,,,,,,,0,0,Low,0.511
Guinea,2010,GIN,12.349,14.452,1.559,1202.378,,,,,,,,,0,0,Low,1.559
Guinea,2011,GIN,12.58,1.866,0.23,1194.914,,,,,,,,,0,0,Low,0.23
Guinea,2012,GIN,12.204,-2.989,-0.376,1131.156,,,,,,,,,0,0,Low,-0.376
Guinea,2013,GIN,10.857,-11.034,-1.347,982.067,,,,,,,,,0,0,Low,-1.347
Guinea,2014,GIN,11.221,3.352,0.364,990.091,,,,,,,,,0,0,Low,0.364
Guinea,2015,GIN,13.617,21.35,2.396,1171.232,,,,,,,,,0,0,Low,2.396
Guinea,2016,GIN,15.34,12.657,1.724,1285.75,,,,,,,,,0,0,Low,1.724
Guinea,2017,GIN,15.438,0.638,0.098,1261.208,,,,,,,,,0,0,Low,0.098
Guinea,2018,GIN,14.088,-8.747,-1.35,1122.1,,,,,,,,,0,0,Low,-1.35
Guinea,2019,GIN,15.476,9.854,1.388,1201.79,,,,,,,,,0,0,Low,1.388
Guinea,2020,GIN,17.915,15.759,2.439,1356.659,,,,,,,,,0,0,Low,2.439
Guinea,2021,GIN,17.341,-3.201,-0.573,1281.525,,,,,,,,,0,0,Low,-0.573
Guinea-Bissau,1980,GNB,0.358,,,430.843,,,,,,,,,0,0,Low,0
Guinea-Bissau,1981,GNB,0.357,-0.273,-0.001,422.803,,,,,,,,,0,0,Low,-0.001
Guinea-Bissau,1982,GNB,0.357,0,0,416.07,,,,,,,,,0,0,Low,0
Guinea-Bissau,1983,GNB,0.357,0,0,409.506,,,,,,,,,0,0,Low,0
Guinea-Bissau,1984,GNB,0.478,33.699,0.12,538.969,,,,,,,,,0,0,Low,0.12
Guinea-Bissau,1985,GNB,0.536,12.193,0.058,595.363,,,,,,,,,0,0,Low,0.058
Guinea-Bissau,1986,GNB,0.461,-13.986,-0.075,504.229,,,,,,,,,0,0,Low,-0.075
Guinea-Bissau,1987,GNB,0.795,72.581,0.335,856.821,,,,,,,,,0,0,Low,0.335
Guinea-Bissau,1988,GNB,0.915,14.985,0.119,969.887,,,,,,,,,0,0,Low,0.119
Guinea-Bissau,1989,GNB,0.925,1.147,0.01,965.49,,,,,,,,,0,0,Low,0.01
Guinea-Bissau,1990,GNB,1.131,22.276,0.206,1161.993,,,,,,,,,0,0,Low,0.206
Guinea-Bissau,1991,GNB,1.131,0,0,1138.254,,,,,,,,,0,0,Low,0
Guinea-Bissau,1992,GNB,1.202,6.232,0.07,1174.847,,,,,,,,,0,0,Low,0.07
Guinea-Bissau,1993,GNB,1.317,9.569,0.115,1246.021,,,,,,,,,0,0,Low,0.115
Guinea-Bissau,1994,GNB,1.317,0,0,1208.449,,,,,,,,,0,0,Low,0
Guinea-Bissau,1995,GNB,1.317,0,0,1178.589,,,,,,,,,0,0,Low,0
Guinea-Bissau,1996,GNB,1.264,-4.008,-0.053,1108.157,,,,,,,,,0,0,Low,-0.053
Guinea-Bissau,1997,GNB,1.317,4.176,0.053,1132.739,,,,,,,,,0,0,Low,0.053
Guinea-Bissau,1998,GNB,1.317,0,0,1112.053,,,,,,,,,0,0,Low,0
Guinea-Bissau,1999,GNB,1.317,0,0,1091.403,,,,,,,,,0,0,Low,0
Guinea-Bissau,2000,GNB,0.997,-24.298,-0.32,809.855,,,,,,,,,0,0,Low,-0.32
Guinea-Bissau,2001,GNB,1.015,1.838,0.018,807.337,,,,,,,,,0,0,Low,0.018
Guinea-Bissau,2002,GNB,1.037,2.16,0.022,806.625,,,,,,,,,0,0,Low,0.022
Guinea-Bissau,2003,GNB,1.206,16.26,0.169,916.409,,,,,,,,,0,0,Low,0.169
Guinea-Bissau,2004,GNB,1.247,3.467,0.042,926.119,,,,,,,,,0,0,Low,0.042
Guinea-Bissau,2005,GNB,1.264,1.288,0.016,915.815,,,,,,,,,0,0,Low,0.016
Guinea-Bissau,2006,GNB,1.292,2.28,0.029,913.918,,,,,,,,,0,0,Low,0.029
Guinea-Bissau,2007,GNB,1.373,6.249,0.081,946.612,,,,,,,,,0,0,Low,0.081
Guinea-Bissau,2008,GNB,1.337,-2.608,-0.036,898.468,,,,,,,,,0,0,Low,-0.036
Guinea-Bissau,2009,GNB,1.386,3.605,0.048,907.23,,,,,,,,,0,0,Low,0.048
Guinea-Bissau,2010,GNB,1.422,2.621,0.036,907.236,,,,,,,,,0,0,Low,0.036
Guinea-Bissau,2011,GNB,1.443,1.466,0.021,896.623,,,,,,,,,0,0,Low,0.021
Guinea-Bissau,2012,GNB,1.471,1.968,0.028,890.101,,,,,,,,,0,0,Low,0.028
Guinea-Bissau,2013,GNB,1.506,2.364,0.035,886.973,,,,,,,,,0,0,Low,0.035
Guinea-Bissau,2014,GNB,1.582,5.069,0.076,907.578,,,,,,,,,0,0,Low,0.076
Guinea-Bissau,2015,GNB,1.637,3.442,0.054,914.877,,,,,,,,,0,0,Low,0.054
Guinea-Bissau,2016,GNB,1.704,4.11,0.067,928.796,,,,,,,,,0,0,Low,0.067
Guinea-Bissau,2017,GNB,1.379,-19.063,-0.325,733.632,,,,,,,,,0,0,Low,-0.325
Guinea-Bissau,2018,GNB,1.386,0.471,0.006,719.81,,,,,,,,,0,0,Low,0.006
Guinea-Bissau,2019,GNB,1.385,-0.008,0,703.127,,,,,,,,,0,0,Low,0
Guinea-Bissau,2020,GNB,1.323,-4.504,-0.062,656.343,,,,,,,,,0,0,Low,-0.062
Guinea-Bissau,2021,GNB,1.396,5.495,0.073,677.328,,,,,,,,,0,0,Low,0.073
Guyana,1980,GUY,6.103,,,7841.989,,,,,,,,,0,0,Low,0
Guyana,1981,GUY,7.449,22.061,1.346,9553.446,,,,,,,,,0,0,Low,1.346
Guyana,1982,GUY,5.776,-22.454,-1.673,7408.895,,,,,,,,,0,0,Low,-1.673
Guyana,1983,GUY,5.157,-10.723,-0.619,6625.208,,,,,,,,,0,0,Low,-0.619
Guyana,1984,GUY,5.792,12.316,0.635,7463.845,,,,,,,,,0,0,Low,0.635
Guyana,1985,GUY,5.9,1.867,0.108,7635.957,,,,,,,,,0,0,Low,0.108
Guyana,1986,GUY,5.606,-4.994,-0.295,7293.93,,,,,,,,,0,0,Low,-0.295
Guyana,1987,GUY,4.261,-23.994,-1.345,5578.719,,,,,,,,,0,0,Low,-1.345
Guyana,1988,GUY,4.211,-1.161,-0.049,5552.199,,,,,,,,,0,0,Low,-0.049
Guyana,1989,GUY,2.833,-32.725,-1.378,3762.737,,,,,,,,,0,0,Low,-1.378
Guyana,1990,GUY,2.726,-3.76,-0.107,3649.275,,,,,,,,,0,0,Low,-0.107
Guyana,1991,GUY,3.214,17.864,0.487,4318.646,,,,,,,,,0,0,Low,0.487
Guyana,1992,GUY,3.569,11.054,0.355,4790.264,,,,,,,,,0,0,Low,0.355
Guyana,1993,GUY,4.553,27.579,0.984,6093.414,,,,,,,,,0,0,Low,0.984
Guyana,1994,GUY,4.551,-0.042,-0.002,6071.675,,,,,,,,,0,0,Low,-0.002
Guyana,1995,GUY,3.864,-15.092,-0.687,5140.571,,,,,,,,,0,0,Low,-0.687
Guyana,1996,GUY,4.211,8.971,0.347,5587.776,,,,,,,,,0,0,Low,0.347
Guyana,1997,GUY,4.48,6.4,0.269,5932.499,,,,,,,,,0,0,Low,0.269
Guyana,1998,GUY,5.793,29.301,1.313,7655.701,,,,,,,,,0,0,Low,1.313
Guyana,1999,GUY,6.954,20.044,1.161,9174.269,,,,,,,,,0,0,Low,1.161
Guyana,2000,GUY,6.931,-0.333,-0.023,9131.178,,,,,,,,,0,0,Low,-0.023
Guyana,2001,GUY,6.774,-2.262,-0.157,8915.736,,,,,,,,,0,0,Low,-0.157
Guyana,2002,GUY,6.852,1.152,0.078,9012.365,,,,,,,,,0,0,Low,0.078
Guyana,2003,GUY,7.06,3.031,0.208,9282.544,,,,,,,,,0,0,Low,0.208
Guyana,2004,GUY,6.893,-2.369,-0.167,9064.288,,,,,,,,,0,0,Low,-0.167
Guyana,2005,GUY,6.221,-9.74,-0.671,8189.165,,,,,,,,,0,0,Low,-0.671
Guyana,2006,GUY,5.568,-10.507,-0.654,7341.676,,,,,,,,,0,0,Low,-0.654
Guyana,2007,GUY,6.889,23.736,1.322,9106.513,,,,,,,,,0,0,Low,1.322
Guyana,2008,GUY,6.55,-4.924,-0.339,8685.301,,,,,,,,,0,0,Low,-0.339
Guyana,2009,GUY,6.746,2.984,0.195,8978.938,,,,,,,,,0,0,Low,0.195
Guyana,2010,GUY,7.265,7.699,0.519,9713.229,,,,,,,,,0,0,Low,0.519
Guyana,2011,GUY,7.557,4.014,0.292,10153.407,,,,,,,,,0,0,Low,0.292
Guyana,2012,GUY,8.568,13.384,1.011,11516.412,,,,,,,,,0,0,Low,1.011
Guyana,2013,GUY,8.392,-2.054,-0.176,11227.718,,,,,,,,,0,0,Low,-0.176
Guyana,2014,GUY,8.371,-0.252,-0.021,11144.22,,,,,,,,,0,0,Low,-0.021
Guyana,2015,GUY,8.493,1.466,0.123,11248.948,,,,,,,,,0,0,Low,0.123
Guyana,2016,GUY,9.591,12.92,1.097,12634.438,,,,,,,,,0,0,Low,1.097
Guyana,2017,GUY,9.51,-0.846,-0.081,12459.088,,,,,,,,,0,0,Low,-0.081
Guyana,2018,GUY,9.718,2.189,0.208,12371.177,,,,,,,,,0,0,Low,0.208
Guyana,2019,GUY,11.33,16.592,1.612,14184.612,,,,,,,,,0,0,Low,1.612
Guyana,2020,GUY,11.015,-2.785,-0.316,13816.492,,,,,,,,,0,0,Low,-0.316
Guyana,2021,GUY,11.015,0,0,13690.034,,,,,,,,,0,0,Low,0
Haiti,1980,HTI,4.729,,,837.519,,,,,,,,,0,0,Low,0
Haiti,1981,HTI,3.562,-24.689,-1.168,618.311,,,,,,,,,0,0,Low,-1.168
Haiti,1982,HTI,4.301,20.753,0.739,731.704,,,,,,,,,0,0,Low,0.739
Haiti,1983,HTI,3.8,-11.637,-0.5,633.617,,,,,,,,,0,0,Low,-0.5
Haiti,1984,HTI,3.856,1.465,0.056,630.062,,,,,,,,,0,0,Low,0.056
Haiti,1985,HTI,4.438,15.1,0.582,710.613,,,,,,,,,0,0,Low,0.582
Haiti,1986,HTI,4.467,0.656,0.029,700.736,,,,,,,,,0,0,Low,0.029
Haiti,1987,HTI,6.499,45.488,2.032,998.612,,,,,,,,,0,0,Low,2.032
Haiti,1988,HTI,6.877,5.81,0.378,1034.912,,,,,,,,,0,0,Low,0.378
Haiti,1989,HTI,6.398,-6.959,-0.479,943.141,,,,,,,,,0,0,Low,-0.479
Haiti,1990,HTI,4.109,-35.774,-2.289,593.39,,,,,,,,,0,0,Low,-2.289
Haiti,1991,HTI,4.158,1.188,0.049,588.482,,,,,,,,,0,0,Low,0.049
Haiti,1992,HTI,4.495,8.104,0.337,623.838,,,,,,,,,0,0,Low,0.337
Haiti,1993,HTI,3.402,-24.32,-1.093,463.112,,,,,,,,,0,0,Low,-1.093
Haiti,1994,HTI,2.911,-14.445,-0.491,388.799,,,,,,,,,0,0,Low,-0.491
Haiti,1995,HTI,4.557,56.581,1.647,597.513,,,,,,,,,0,0,Low,1.647
Haiti,1996,HTI,5.295,16.188,0.738,681.437,,,,,,,,,0,0,Low,0.738
Haiti,1997,HTI,6.412,21.087,1.117,810.059,,,,,,,,,0,0,Low,1.117
Haiti,1998,HTI,6.3,-1.745,-0.112,781.539,,,,,,,,,0,0,Low,-0.112
Haiti,1999,HTI,6.82,8.262,0.521,830.854,,,,,,,,,0,0,Low,0.521
Haiti,2000,HTI,6.99,2.484,0.169,836.08,,,,,,,,,0,0,Low,0.169
Haiti,2001,HTI,7.604,8.791,0.614,893.391,,,,,,,,,0,0,Low,0.614
Haiti,2002,HTI,8.329,9.532,0.725,961.624,,,,,,,,,0,0,Low,0.725
Haiti,2003,HTI,7.706,-7.484,-0.623,874.446,,,,,,,,,0,0,Low,-0.623
Haiti,2004,HTI,8.874,15.158,1.168,990.221,,,,,,,,,0,0,Low,1.168
Haiti,2005,HTI,9.256,4.307,0.382,1015.82,,,,,,,,,0,0,Low,0.382
Haiti,2006,HTI,9.475,2.362,0.219,1022.49,,,,,,,,,0,0,Low,0.219
Haiti,2007,HTI,10.218,7.85,0.744,1084.662,,,,,,,,,0,0,Low,0.744
Haiti,2008,HTI,10.295,0.75,0.077,1075.174,,,,,,,,,0,0,Low,0.077
Haiti,2009,HTI,9.787,-4.936,-0.508,1005.778,,,,,,,,,0,0,Low,-0.508
Haiti,2010,HTI,9.077,-7.257,-0.71,922.152,,,,,,,,,0,0,Low,-0.71
Haiti,2011,HTI,9.542,5.129,0.466,958.598,,,,,,,,,0,0,Low,0.466
Haiti,2012,HTI,10.491,9.944,0.949,1037.84,,,,,,,,,0,0,Low,0.949
Haiti,2013,HTI,11.039,5.221,0.548,1075.777,,,,,,,,,0,0,Low,0.548
Haiti,2014,HTI,11.896,7.766,0.857,1142.445,,,,,,,,,0,0,Low,0.857
Haiti,2015,HTI,13.57,14.075,1.674,1284.612,,,,,,,,,0,0,Low,1.674
Haiti,2016,HTI,14.088,3.815,0.518,1314.938,,,,,,,,,0,0,Low,0.518
Haiti,2017,HTI,13.984,-0.737,-0.104,1287.264,,,,,,,,,0,0,Low,-0.104
Haiti,2018,HTI,14.597,4.384,0.613,1325.532,,,,,,,,,0,0,Low,0.613
Haiti,2019,HTI,13.218,-9.45,-1.379,1184.346,,,,,,,,,0,0,Low,-1.379
Haiti,2020,HTI,11.048,-16.418,-2.17,977.081,,,,,,,,,0,0,Low,-2.17
Haiti,2021,HTI,11.801,6.82,0.753,1030.881,,,,,,,,,0,0,Low,0.753
Honduras,1980,HND,9.654,,,2555.26,,,,,,,,,0,0,Low,0
Honduras,1981,HND,9.191,-4.79,-0.462,2359.326,,,,,,,,,0,0,Low,-0.462
Honduras,1982,HND,9.268,0.836,0.077,2308.009,,,,,,,,,0,0,Low,0.077
Honduras,1983,HND,9.846,6.23,0.577,2379.428,,,,,,,,,0,0,Low,0.577
Honduras,1984,HND,9.954,1.102,0.109,2335.579,,,,,,,,,0,0,Low,0.109
Honduras,1985,HND,9.332,-6.253,-0.622,2126.777,,,,,,,,,0,0,Low,-0.622
Honduras,1986,HND,11.007,17.958,1.676,2437.66,,,,,,,,,0,0,Low,1.676
Honduras,1987,HND,10.615,-3.569,-0.393,2284.797,,,,,,,,,0,0,Low,-0.393
Honduras,1988,HND,13.346,25.736,2.732,2793.226,,,,,,,,,0,0,Low,2.732
Honduras,1989,HND,15.42,15.537,2.074,3138.166,,,,,,,,,0,0,Low,2.074
Honduras,1990,HND,17.286,12.099,1.866,3420.693,,,,,,,,,0,0,Low,1.866
Honduras,1991,HND,17.263,-0.129,-0.022,3321.838,,,,,,,,,0,0,Low,-0.022
Honduras,1992,HND,17.815,3.198,0.552,3333.216,,,,,,,,,0,0,Low,0.552
Honduras,1993,HND,17.767,-0.272,-0.048,3232.187,,,,,,,,,0,0,Low,-0.048
Honduras,1994,HND,17.756,-0.064,-0.011,3140.937,,,,,,,,,0,0,Low,-0.011
Honduras,1995,HND,19.196,8.112,1.44,3302.317,,,,,,,,,0,0,Low,1.44
Honduras,1996,HND,21.474,11.87,2.279,3593.107,,,,,,,,,0,0,Low,2.279
Honduras,1997,HND,22.051,2.683,0.576,3588.894,,,,,,,,,0,0,Low,0.576
Honduras,1998,HND,23.661,7.305,1.611,3750.679,,,,,,,,,0,0,Low,1.611
Honduras,1999,HND,25.352,7.147,1.691,3913.984,,,,,,,,,0,0,Low,1.691
Honduras,2000,HND,24.346,-3.969,-1.006,3657.385,,,,,,,,,0,0,Low,-1.006
Honduras,2001,HND,26.576,9.159,2.23,3886.625,,,,,,,,,0,0,Low,2.23
Honduras,2002,HND,26.845,1.012,0.269,3824.135,,,,,,,,,0,0,Low,0.269
Honduras,2003,HND,29.437,9.655,2.592,4087.409,,,,,,,,,0,0,Low,2.592
Honduras,2004,HND,31.276,6.246,1.839,4235.931,,,,,,,,,0,0,Low,1.839
Honduras,2005,HND,32.102,2.642,0.826,4243.708,,,,,,,,,0,0,Low,0.826
Honduras,2006,HND,30.896,-3.756,-1.206,3989.089,,,,,,,,,0,0,Low,-1.206
Honduras,2007,HND,38.258,23.827,7.362,4827.849,,,,,,,,,0,0,Low,7.362
Honduras,2008,HND,37.898,-0.94,-0.36,4677.777,,,,,,,,,0,0,Low,-0.36
Honduras,2009,HND,35.912,-5.24,-1.986,4338.667,,,,,,,,,0,0,Low,-1.986
Honduras,2010,HND,37.518,4.47,1.605,4439.492,,,,,,,,,0,0,Low,1.605
Honduras,2011,HND,37.997,1.276,0.479,4406.682,,,,,,,,,0,0,Low,0.479
Honduras,2012,HND,41.388,8.926,3.391,4707.272,,,,,,,,,0,0,Low,3.391
Honduras,2013,HND,41.48,0.223,0.092,4629.147,,,,,,,,,0,0,Low,0.092
Honduras,2014,HND,45.448,9.565,3.967,4979.008,,,,,,,,,0,0,Low,3.967
Honduras,2015,HND,50.56,11.25,5.113,5439.805,,,,,,,,,0,0,Low,5.113
Honduras,2016,HND,49.596,-1.907,-0.964,5242.269,,,,,,,,,0,0,Low,-0.964
Honduras,2017,HND,52.526,5.907,2.93,5456.188,,,,,,,,,0,0,Low,2.93
Honduras,2018,HND,57.746,9.938,5.22,5896.753,,,,,,,,,0,0,Low,5.22
Honduras,2019,HND,56.173,-2.723,-1.573,5640.568,,,,,,,,,0,0,Low,-1.573
Honduras,2020,HND,51.099,-9.033,-5.074,5048.45,,,,,,,,,0,0,Low,-5.074
Honduras,2021,HND,52.285,2.321,1.186,5086.934,,,,,,,,,0,0,Low,1.186
Hong Kong,1965,HKG,26.302,,,7301.993,,,,,,,0,,0,0,Low,0
Hong Kong,1966,HKG,28.526,8.455,2.224,7741.759,,,,,,0,0,,0,0,Low,2.224
Hong Kong,1967,HKG,33.693,18.113,5.167,8955.669,,,,,,0,0,,0,0,Low,5.167
Hong Kong,1968,HKG,36.428,8.118,2.735,9501.208,,,,,,0,0,,0,0,Low,2.735
Hong Kong,1969,HKG,42.8,17.492,6.372,10978.891,,,,,,0,0,,0,0,Low,6.372
Hong Kong,1970,HKG,45.982,7.434,3.182,11625.99,,,,,,0,0,,0,0,Low,3.182
Hong Kong,1971,HKG,48.56,5.607,2.578,12053.715,,,,,,0,0,,0,0,Low,2.578
Hong Kong,1972,HKG,55.154,13.58,6.594,13359.896,,,,,,0,0,,0,0,Low,6.594
Hong Kong,1973,HKG,57.202,3.713,2.048,13507.762,,,,,,0,0,,0,0,Low,2.048
Hong Kong,1974,HKG,58.558,2.37,1.355,13483.886,,,,,,0,0,,0,0,Low,1.355
Hong Kong,1975,HKG,55.127,-5.858,-3.43,12384.696,,,,,,0,0,,0,0,Low,-3.43
Hong Kong,1976,HKG,65.091,18.074,9.964,14277.871,,,,,,0,0,,0,0,Low,9.964
Hong Kong,1977,HKG,70.284,7.978,5.193,15066.502,,,,,,0,0,,0,0,Low,5.193
Hong Kong,1978,HKG,73.017,3.889,2.733,15311.37,,,,,,0,0,,0,0,Low,2.733
Hong Kong,1979,HKG,74.763,2.391,1.746,15343.069,,,,,,0,0,,0,0,Low,1.746
Hong Kong,1980,HKG,76.396,2.184,1.633,15344.992,,,,,,0,0,,0,0,Low,1.633
Hong Kong,1981,HKG,81.409,6.562,5.013,16032.551,,,,,,0,0,,0,0,Low,5.013
Hong Kong,1982,HKG,89.35,9.755,7.941,17292.791,,,,,,0,0,,0,0,Low,7.941
Hong Kong,1983,HKG,94.743,6.035,5.393,18038.969,,,,,,0,0,,0,0,Low,5.393
Hong Kong,1984,HKG,97.063,2.448,2.32,18198.438,,,,,,0,0,,0,0,Low,2.32
Hong Kong,1985,HKG,100.768,3.818,3.705,18620.49,,,,,,0,0,,0,0,Low,3.705
Hong Kong,1986,HKG,105.591,4.786,4.823,19223.525,,,,,,0,0,,0,0,Low,4.823
Hong Kong,1987,HKG,116.019,9.876,10.429,20797.48,,,,,,0,0,,0,0,Low,10.429
Hong Kong,1988,HKG,133.649,15.195,17.63,23589.496,,,,,,0,0,,0,0,Low,17.63
Hong Kong,1989,HKG,142.859,6.891,9.21,24833.414,,,,,,0,0,,0,0,Low,9.21
Hong Kong,1990,HKG,139.358,-2.451,-3.502,23868.459,,,,,,0,0,,0,0,Low,-3.502
Hong Kong,1991,HKG,144.389,3.611,5.032,24375.887,,,,,,0,0,,0,0,Low,5.032
Hong Kong,1992,HKG,169.929,17.688,25.539,28285.232,,,,,,0,0,,0,0,Low,25.539
Hong Kong,1993,HKG,185.502,9.165,15.573,30461.104,,,,,,0,0,,0,0,Low,15.573
Hong Kong,1994,HKG,168.093,-9.385,-17.409,27249.283,,,,,,0,0,,0,0,Low,-17.409
Hong Kong,1995,HKG,180.681,7.489,12.588,28937.334,,,28937.332,100,,0,0,0,0,0,Low,12.588
Hong Kong,1996,HKG,180.591,-0.05,-0.09,28513.861,-0.05,-0.09,28513.861,100,,0,0,0,0,0,Low,-0.09
Hong Kong,1997,HKG,182.693,1.164,2.102,28363.01,1.164,2.102,28363.01,100,,0,0,0,0,0,Low,2.102
Hong Kong,1998,HKG,186.234,1.938,3.541,28449.789,1.938,3.541,28449.789,100,,0,0,0,0,0,Low,3.541
Hong Kong,1999,HKG,188.622,1.282,2.388,28398.51,1.282,2.388,28398.512,100,,0,0,0,0,0,Low,2.388
Hong Kong,2000,HKG,197.475,4.694,8.854,29337.334,4.694,8.854,29337.336,,,,,,0,0,Low,8.854
Hong Kong,2001,HKG,249.42,26.305,51.945,36671.148,26.305,51.945,36671.152,,,,,,0,0,Low,51.945
Hong Kong,2002,HKG,243.433,-2.401,-5.988,35543.574,-2.401,-5.988,35543.578,,,,,,0,0,Low,-5.988
Hong Kong,2003,HKG,251.405,3.275,7.973,36507.191,3.275,7.973,36507.191,,,,,,0,0,Low,7.973
Hong Kong,2004,HKG,281.527,11.981,30.122,40706.633,11.981,30.121,40706.629,,,,,,0,0,Low,30.122
Hong Kong,2005,HKG,270.09,-4.062,-11.436,38935.48,-4.062,-11.436,38935.48,,,,,,0,0,Low,-11.436
Hong Kong,2006,HKG,285.752,5.799,15.662,41052.852,5.798,15.66,41052.57,,,,,,0,0,Low,15.662
Hong Kong,2007,HKG,304.014,6.391,18.262,43421.625,6.391,18.262,43421.281,,,,,,0,0,Low,18.262
Hong Kong,2008,HKG,282.853,-6.961,-21.161,40117.203,-6.961,-21.161,40116.883,99.999,,,0.322,0.001,0,0,Low,-21.161
Hong Kong,2009,HKG,308.858,9.194,26.005,43534.281,9.194,26.004,43533.855,99.999,36.183,0.001,0.433,0.001,3.85E-05,0.003845414,Low,26.004
Hong Kong,2010,HKG,321.176,3.988,12.317,45030.289,3.933,12.148,45006.055,99.946,7518.203,0.17,24.233,0.054,0.013802062,1.380206219,Low,12.147
Hong Kong,2011,HKG,329.331,2.539,8.155,45897.434,2.453,7.875,45834.223,99.862,320.97,0.281,63.205,0.138,0.034457388,3.445738811,Low,7.874
Hong Kong,2012,HKG,316.489,-3.899,-12.842,43749.898,-3.826,-12.583,43722.906,99.938,-72.112,-0.258,26.988,0.062,0.020090329,2.009032861,Low,-12.584
Hong Kong,2013,HKG,325.028,2.698,8.538,44543.734,2.596,8.21,44471.938,99.839,346.001,0.329,71.802,0.161,0.038533614,3.853361443,Low,8.209
Hong Kong,2014,HKG,317.208,-2.406,-7.82,43144.723,-2.397,-7.778,43079.223,99.848,-13.174,-0.042,65.5,0.152,0.005370844,0.537084399,Low,-7.778
Hong Kong,2015,HKG,326.451,2.914,9.243,44115.941,2.858,9.052,44025.07,99.794,41.697,0.191,90.873,0.206,0.020664286,2.066428649,Low,9.052
Hong Kong,2016,HKG,335.053,2.635,8.602,45058.672,2.634,8.58,44965.359,99.793,0.836,0.021,93.315,0.207,0.002441293,0.244129272,Low,8.581
Hong Kong,2017,HKG,359.341,7.249,24.288,48159.262,7.245,24.225,48057.836,99.789,10.908,0.063,101.43,0.211,0.002593874,0.259387352,Low,24.225
Hong Kong,2018,HKG,363.573,1.178,4.233,48595.906,1.146,4.111,48478.457,99.758,19.321,0.122,117.444,0.242,0.028821167,2.882116702,Low,4.111
Hong Kong,2019,HKG,344.545,-5.234,-19.029,45963.055,-5.247,-19.03,45845.629,99.745,-4.262,0.002,117.426,0.255,-0.000105103,-0.010510274,Low,-19.031
Hong Kong,2020,HKG,257.87,-25.156,-86.674,34378.316,-25.294,-86.926,34227.48,99.561,22.962,0.251,150.837,0.439,-0.002895909,-0.289590881,Low,-86.925
Hong Kong,2021,HKG,243.604,-5.532,-14.266,32504.035,-5.716,-14.674,32298.6,99.368,28.771,0.408,205.437,0.632,-0.028599467,-2.859946726,Low,-14.674
Hong Kong,2022,HKG,217.463,-10.731,-26.141,29038.205,-11.019,-26.673,28761.506,99.047,32.937,0.532,276.698,0.953,-0.020351172,-2.035117249,Low,-26.673
Hong Kong,2023,HKG,250.947,15.397,33.484,33497.102,15.415,33.202,33182.871,99.062,17.363,0.282,314.231,0.938,0.008421933,0.842193286,Low,33.202
Hungary,1965,HUN,184.975,,,18240.607,,,18218.738,99.88,,,21.869,0.12,0,0,Low,0
Hungary,1966,HUN,187.463,1.345,2.487,18432.77,1.306,2.414,18403.693,99.842,33.333,0.074,29.075,0.158,0.029754725,2.975472457,Low,2.413
Hungary,1967,HUN,178.892,-4.572,-8.57,17526.738,-4.551,-8.517,17502.982,99.864,-18,-0.053,23.756,0.136,0.006184364,0.618436406,Low,-8.517
Hungary,1968,HUN,185.606,3.753,6.713,18117.885,3.746,6.693,18092.195,99.858,8.537,0.021,25.689,0.142,0.003128259,0.31282586,Low,6.692
Hungary,1969,HUN,198.762,7.088,13.157,19332.75,7.089,13.139,19305.424,99.859,6.742,0.018,27.323,0.141,0.001368093,0.136809303,Low,13.139
Hungary,1970,HUN,214.14,7.736,15.377,20759.289,7.758,15.398,20734.062,99.878,-7.368,-0.021,25.226,0.122,-0.001365676,-0.136567601,Low,15.398
Hungary,1971,HUN,221.097,3.249,6.957,21371.594,3.242,6.934,21344.154,99.872,9.091,0.024,27.439,0.128,0.003449763,0.344976283,Low,6.933
Hungary,1972,HUN,228.278,3.248,7.181,21999.264,3.233,7.14,21967.92,99.858,14.583,0.041,31.346,0.142,0.005709511,0.570951121,Low,7.14
Hungary,1973,HUN,247.194,8.286,18.916,23744.668,8.31,18.943,23715.98,99.879,-8.182,-0.027,28.688,0.121,-0.001427363,-0.142736308,Low,18.943
Hungary,1974,HUN,254.761,3.061,7.567,24360.551,3.089,7.627,24337.646,99.906,-19.802,-0.059,22.903,0.094,-0.007797013,-0.779701335,Low,7.626
Hungary,1975,HUN,269.719,5.871,14.957,25638.094,5.781,14.715,25592.279,99.821,101.235,0.242,45.815,0.179,0.016179715,1.617971518,Low,14.715
Hungary,1976,HUN,288.155,6.835,18.436,27239.627,6.845,18.43,27193.506,99.831,1.227,0.006,46.122,0.169,0.00032545,0.032545021,Low,18.43
Hungary,1977,HUN,302.98,5.145,14.825,28507.908,5.17,14.872,28466.453,99.855,-9.697,-0.047,41.456,0.145,-0.00317032,-0.31703204,Low,14.872
Hungary,1978,HUN,324.038,6.95,21.058,30383.674,6.971,21.091,30345.412,99.874,-7.383,-0.033,38.263,0.126,-0.0015671,-0.156710039,Low,21.091
Hungary,1979,HUN,320.872,-0.977,-3.166,30008.422,-0.986,-3.19,29968.045,99.865,5.797,0.024,40.375,0.135,-0.007580543,-0.758054327,Low,-3.19
Hungary,1980,HUN,321.839,0.301,0.967,30082.096,0.333,1.068,30051.141,99.897,-23.288,-0.101,30.955,0.103,-0.104446743,-10.44467425,Low,1.068
Hungary,1981,HUN,318.581,-1.012,-3.258,29827.961,-1.065,-3.423,29781.449,99.844,50,0.166,46.512,0.156,-0.050951504,-5.095150399,Low,-3.424
Hungary,1982,HUN,319.994,0.443,1.413,30030.488,0.452,1.439,29986.365,99.853,-5.357,-0.027,44.123,0.147,-0.01910828,-1.910828025,Low,1.44
Hungary,1983,HUN,314.48,-1.723,-5.514,29609.459,-3.918,-12.519,28905.613,97.623,1552.83,7.005,703.847,2.377,-1.270402612,-127.0402612,Low,-12.519
Hungary,1984,HUN,323.017,2.715,8.537,30528.307,1.561,4.791,29467.783,96.526,50.19,3.746,1060.523,3.474,0.43879583,43.87958299,Low,4.791
Hungary,1985,HUN,333.381,3.208,10.364,31621.826,0.879,2.74,29834.303,94.347,68.102,7.624,1787.524,5.653,0.735623311,73.56233115,Medium,2.74
Hungary,1986,HUN,331.824,-0.467,-1.557,31584.959,-1.346,-4.232,29536.457,93.514,14.213,2.676,2048.501,6.486,-1.718689788,-171.8689788,Low,-4.233
Hungary,1987,HUN,346.654,4.469,14.829,33111.777,1.507,4.678,30086.457,90.863,47.202,10.152,3025.32,9.137,0.684604491,68.46044912,Medium,4.677
Hungary,1988,HUN,338.656,-2.307,-7.997,32456.16,-4.754,-14.975,28752.006,88.587,22.044,6.977,3704.152,11.413,-0.87245217,-87.24521696,Low,-14.974
Hungary,1989,HUN,329.905,-2.584,-8.751,31730.266,-3.328,-9.984,27894.309,87.911,3.195,1.233,3835.957,12.089,-0.140898183,-14.08981831,Low,-9.984
Hungary,1990,HUN,323.255,-2.016,-6.65,31154.18,-2.175,-6.309,27343.215,87.767,-0.876,-0.341,3810.965,12.233,0.051278195,5.127819549,Low,-6.309
Hungary,1991,HUN,301.901,-6.606,-21.354,29099.613,-7.546,-21.41,25282.848,86.884,0.129,0.055,3816.766,13.116,-0.00257563,-0.257562986,Low,-21.409
Hungary,1992,HUN,289.652,-4.057,-12.249,27931.543,-4.914,-12.888,24051.424,86.108,1.606,0.639,3880.119,13.892,-0.052167524,-5.216752388,Low,-12.888
Hungary,1993,HUN,278.841,-3.732,-10.811,26921.881,-4.144,-10.335,23082.922,85.74,-1.179,-0.475,3838.958,14.26,0.043936731,4.393673111,Low,-10.336
Hungary,1994,HUN,283.585,1.701,4.743,27419.527,1.682,4.021,23505.172,85.724,1.814,0.722,3914.356,14.276,0.152224331,15.22243306,Low,4.021
Hungary,1995,HUN,286.801,1.134,3.216,27771.453,1.333,3.24,23853.656,85.893,-0.07,-0.024,3917.795,14.107,-0.007462687,-0.746268657,Low,3.24
Hungary,1996,HUN,292.249,1.9,5.448,28350.887,1.989,4.9,24372.756,85.968,1.348,0.548,3978.132,14.032,0.100587372,10.05873715,Low,4.9
Hungary,1997,HUN,285.197,-2.413,-7.051,27726.135,-2.582,-6.486,23794.438,85.82,-1.385,-0.565,3931.696,14.18,0.080130478,8.013047795,Low,-6.486
Hungary,1998,HUN,289.477,1.501,4.28,28211.484,1.835,4.492,24290.766,86.102,-0.513,-0.212,3920.719,13.898,-0.04953271,-4.953271028,Low,4.492
Hungary,1999,HUN,289.338,-0.048,-0.139,28282.535,-0.26,-0.649,24300.201,85.919,1.257,0.51,3982.333,14.081,-3.669064748,-366.9064748,Low,-0.649
Hungary,2000,HUN,280.802,-2.95,-8.535,27524.096,-3.526,-8.765,23508.256,85.41,0.565,0.229,4015.838,14.59,-0.026830697,-2.683069713,Low,-8.764
Hungary,2001,HUN,287.644,2.437,6.842,28261.502,3.009,7.217,24272.951,85.887,-0.277,-0.375,3988.549,14.113,-0.054808536,-5.480853552,Low,7.217
Hungary,2002,HUN,280.912,-2.34,-6.732,27680.426,-2.397,-5.921,23760.182,85.837,-1.342,-0.811,3920.245,14.163,0.1204694,12.04693999,Low,-5.921
Hungary,2003,HUN,284.387,1.237,3.475,28106.879,4.806,11.589,24976.828,88.864,-20.021,-8.114,3130.053,11.136,-2.334964029,-233.4964029,Low,11.589
Hungary,2004,HUN,288.927,1.596,4.54,28622.199,0.134,0.34,25068.779,87.585,13.235,4.2,3553.419,12.415,0.925110132,92.51101322,Medium,0.34
Hungary,2005,HUN,308.077,6.628,19.151,30582.842,4.378,11.079,26220.771,85.737,22.432,8.071,4362.07,14.263,0.421440134,42.14401337,Low,11.08
Hungary,2006,HUN,302.061,-1.953,-6.017,30034.668,-1.379,-3.643,25901.496,86.239,-4.152,-2.374,4133.169,13.761,0.394548778,39.45487785,Low,-3.643
Hungary,2007,HUN,298.086,-1.316,-3.975,29686.33,-3.247,-8.459,25100.043,84.551,12.02,4.484,4586.284,15.449,-1.128050314,-112.8050314,Low,-8.459
Hungary,2008,HUN,293.896,-1.405,-4.189,29320.721,-2.92,-7.358,24410.162,83.252,12.916,3.169,4910.562,16.748,-0.756505132,-75.65051325,Low,-7.358
Hungary,2009,HUN,272.688,-7.216,-21.208,27245.459,-9.93,-24.296,22019.047,80.817,6.277,3.088,5226.412,19.183,-0.145605432,-14.56054319,Low,-24.296
Hungary,2010,HUN,277.827,1.884,5.139,27819.338,1.874,4.13,22480.566,80.809,2.569,1.008,5338.771,19.191,0.19614711,19.61471103,Low,4.131
Hungary,2011,HUN,269.464,-3.01,-8.363,27072.971,-2.978,-6.686,21884.672,80.836,-2.681,-1.677,5188.299,19.164,0.200526127,20.0526127,Low,-6.686
Hungary,2012,HUN,251.116,-6.809,-18.348,25308.668,-8.288,-18.053,20133.857,79.553,-0.038,-0.295,5174.811,20.447,0.016078047,1.607804665,Low,-18.053
Hungary,2013,HUN,238.041,-5.207,-13.075,24057.619,-5.985,-11.956,18981.432,78.9,-2.437,-1.118,5076.187,21.1,0.085506692,8.550669216,Low,-11.957
Hungary,2014,HUN,238.269,0.096,0.227,24145.828,-1.047,-1.966,18833.666,78,6.289,2.193,5312.163,22,9.660792952,966.0792952,High,-1.966
Hungary,2015,HUN,251.04,5.36,12.771,25501.146,6.714,12.478,20146.443,79.002,0.511,0.293,5354.702,20.998,0.022942604,2.294260434,Low,12.478
Hungary,2016,HUN,255.495,1.775,4.455,26030.773,2.007,3.981,20611.85,79.183,1.834,0.474,5418.923,20.817,0.106397306,10.63973064,Low,3.981
Hungary,2017,HUN,269.293,5.401,13.799,27509.971,6.711,13.577,22053.951,80.167,0.014,0.221,5456.021,19.833,0.016015653,1.601565331,Low,13.578
Hungary,2018,HUN,271.203,0.709,1.909,27740.646,0.893,1.927,22279.477,80.313,1.19,-0.018,5461.169,19.687,-0.00942902,-0.942902043,Low,1.927
Hungary,2019,HUN,274.892,1.361,3.69,28131.205,-0.025,-0.054,22284.369,79.216,7.289,3.744,5846.836,20.784,1.014634146,101.4634146,High,-0.054
Hungary,2020,HUN,270.327,-1.661,-4.565,27724.254,-3.148,-6.854,21629.916,78.018,6.411,2.289,6094.336,21.982,-0.501423877,-50.14238773,Low,-6.854
Hungary,2021,HUN,283.958,5.042,13.631,29244.559,4.853,10.236,22774.951,77.878,5.599,3.395,6469.604,22.122,0.249064632,24.90646321,Low,10.236
Hungary,2022,HUN,267.017,-5.966,-16.941,26789.283,-8.33,-18.421,20338.369,75.92,3.02,1.48,6450.914,24.08,-0.087362021,-8.736202113,Low,-18.421
Hungary,2023,HUN,252.933,-5.275,-14.084,24904.189,-8.5,-17.232,18263.344,73.334,5.794,3.148,6640.845,26.666,-0.223516047,-22.35160466,Low,-17.232
Iceland,1965,ISL,7.583,,,39428.82,,,,,,,9850.891,,0,0,Low,0
Iceland,1966,ISL,7.952,4.866,0.369,40666.879,,,,,-2.622,-0.05,9434.722,,-0.135501355,-13.5501355,Low,0.419
Iceland,1967,ISL,7.879,-0.912,-0.073,39648.586,,,,,6.507,0.12,9887.232,,-1.643835616,-164.3835616,Low,-0.193
Iceland,1968,ISL,8.334,5.774,0.455,41365.504,,,,,3.371,0.066,10081.028,,0.145054945,14.50549451,Low,0.389
Iceland,1969,ISL,8.322,-0.147,-0.012,40925.727,,,,,25.492,0.518,12533.729,,-43.16666667,-4316.666667,Low,-0.53
Iceland,1970,ISL,10.104,21.409,1.782,49411.852,,,,,65.311,1.664,20599.457,,0.933782267,93.37822671,Medium,0.118
Iceland,1971,ISL,10.997,8.844,0.894,53337.906,,,,,8.887,0.374,22245.781,,0.418344519,41.8344519,Low,0.52
Iceland,1972,ISL,11.961,8.761,0.963,57174.805,,,,,11.126,0.509,24359.781,,0.528556594,52.8556594,Medium,0.454
Iceland,1973,ISL,14.463,20.916,2.502,68098.695,,,,,27.892,1.422,30690.053,,0.568345324,56.83453237,Medium,1.08
Iceland,1974,ISL,14.108,-2.453,-0.355,65529.219,,,,,2.664,0.176,31091.83,,-0.495774648,-49.57746479,Low,-0.531
Iceland,1975,ISL,13.537,-4.046,-0.571,62074.066,,,,,-1.767,-0.12,30144.881,,0.210157618,21.01576182,Low,-0.451
Iceland,1976,ISL,13.997,3.399,0.46,63549.793,,,,,6.5,0.427,31787.523,,0.92826087,92.82608696,Medium,0.033
Iceland,1977,ISL,14.813,5.826,0.815,66754.273,,,,,7.064,0.495,33783.469,,0.607361963,60.73619632,Medium,0.32
Iceland,1978,ISL,15.464,4.394,0.651,69143.055,,,,,3.449,0.258,34674.625,,0.396313364,39.63133641,Low,0.393
Iceland,1979,ISL,16.132,4.32,0.668,71421.812,,,,,9.204,0.711,37480.625,,1.064371257,106.4371257,High,-0.043
Iceland,1980,ISL,16.362,1.426,0.23,71674.758,,,,,8.138,0.69,40105.121,,3,300,High,-0.46
Iceland,1981,ISL,16.681,1.952,0.319,72246.367,,,,,3.543,0.315,41015.996,,0.987460815,98.7460815,Medium,0.004
Iceland,1982,ISL,17.123,2.652,0.442,73176.008,,,,,11.174,1.056,44981.613,,2.389140271,238.9140271,High,-0.614
Iceland,1983,ISL,17.684,3.276,0.561,74573.523,,,,,5.427,0.571,46793.746,,1.017825312,101.7825312,High,-0.01
Iceland,1984,ISL,18.606,5.212,0.922,77628.273,,,,,4.03,0.448,48166.227,,0.485900217,48.59002169,Low,0.474
Iceland,1985,ISL,18.41,-1.053,-0.196,76204.242,,,,,-1.969,-0.227,46844.152,,1.158163265,115.8163265,High,0.031
Iceland,1986,ISL,19.249,4.559,0.839,79096.305,,,,,5.738,0.646,49154.883,,0.769964243,76.99642431,Medium,0.193
Iceland,1987,ISL,19.856,3.153,0.607,80703.617,,,,,2.319,0.275,49739.762,,0.453047776,45.30477759,Low,0.332
Iceland,1988,ISL,20.947,5.491,1.09,83813.891,,,,,6.303,0.772,52055.934,,0.708256881,70.82568807,Medium,0.318
Iceland,1989,ISL,21.678,3.491,0.731,85665.969,,,,,1.386,0.179,52119.582,,0.244870041,24.4870041,Low,0.552
Iceland,1990,ISL,21.688,0.046,0.01,85042.648,,,,,-0.763,-0.104,51309.305,,-10.4,-1040,Low,0.114
Iceland,1991,ISL,21.188,-2.307,-0.5,82124.383,,,,,-0.358,-0.045,50544.133,,0.09,9,Low,-0.455
Iceland,1992,ISL,21.934,3.523,0.746,83950.5,,,,,2.564,0.34,51209.395,,0.455764075,45.57640751,Low,0.406
Iceland,1993,ISL,22.785,3.881,0.851,86327.312,,,,,3.996,0.533,52710.91,,0.626321974,62.63219741,Medium,0.318
Iceland,1994,ISL,23.04,1.117,0.255,86541.711,,,,,1.111,0.154,52837.965,,0.603921569,60.39215686,Medium,0.101
Iceland,1995,ISL,23.782,3.221,0.742,88842.273,,,,,4.147,0.581,54720.578,,0.783018868,78.30188679,Medium,0.161
Iceland,1996,ISL,25.168,5.827,1.386,93512.523,,,,,2.821,0.408,55940.254,,0.294372294,29.43722944,Low,0.978
Iceland,1997,ISL,26.403,4.908,1.235,97298.727,,,,,9.185,1.383,60578.637,,1.119838057,111.9838057,High,-0.148
Iceland,1998,ISL,28.57,8.207,2.167,104159.297,,,,,12.447,2.018,67290.055,,0.931241347,93.12413475,Medium,0.149
Iceland,1999,ISL,31.3,9.556,2.73,112739.609,,,,,14.506,2.631,75956.641,,0.963736264,96.37362637,Medium,0.099
Iceland,2000,ISL,33.23,6.164,1.929,118057.812,,,,,6.905,1.443,80049.312,,0.748055988,74.80559876,Medium,0.486
Iceland,2001,ISL,33.6,1.114,0.37,117792.883,,,,,4.565,0.868,82031.25,,2.345945946,234.5945946,High,-0.498
Iceland,2002,ISL,34.911,3.903,1.312,121304.664,,,,,4.707,0.954,84617.148,,0.727134146,72.71341463,Medium,0.358
Iceland,2003,ISL,35.086,0.501,0.175,121068.531,,,,,1.023,0.096,84362.547,,0.548571429,54.85714286,Medium,0.079
Iceland,2004,ISL,35.781,1.979,0.694,122384.422,,,,,1.5,0.203,84318.188,,0.292507205,29.25072046,Low,0.491
Iceland,2005,ISL,35.904,0.345,0.123,120874.469,,,,,0.697,-0.004,82979.539,,-0.032520325,-3.25203252,Low,0.127
Iceland,2006,ISL,39.382,9.687,3.478,129510.242,,,,,14.379,3.281,91846.438,,0.943358252,94.33582519,Medium,0.197
Iceland,2007,ISL,45.02,14.317,5.638,144361.562,,,37098.488,25.698,20.69,5.522,107263.086,74.302,0.979425328,97.94253281,Medium,0.116
Iceland,2008,ISL,56.451,25.389,11.43,177673.469,,,,,37.505,12.36,144184.891,,1.081364829,108.1364829,High,-0.93
Iceland,2009,ISL,56.355,-0.17,-0.096,176767.391,,,,,2.229,0.684,145837.688,,-7.125,-712.5,Low,-0.78
Iceland,2010,ISL,56.386,0.055,0.031,177121.828,,,,,1.337,0.349,147146.219,,11.25806452,1125.806452,High,-0.318
Iceland,2011,ISL,56.377,-0.015,-0.009,176561.359,,,,,0.893,0.106,147034.188,,-11.77777778,-1177.777778,Low,-0.115
Iceland,2012,ISL,56.898,0.924,0.521,177259.344,,,,,1.965,0.586,148088.922,,1.124760077,112.4760077,High,-0.065
Iceland,2013,ISL,58.717,3.196,1.819,181204.219,,,,,3.367,1.279,150644.125,,0.70313359,70.31335899,Medium,0.54
Iceland,2014,ISL,58.63,-0.148,-0.087,178940.125,,,,,0.157,-0.252,148213.734,,2.896551724,289.6551724,High,0.165
Iceland,2015,ISL,61.207,4.396,2.578,184878.391,,,,,4.215,1.645,151652.609,,0.638091544,63.80915438,Medium,0.933
Iceland,2016,ISL,61.442,0.383,0.234,183038.078,,,,,-1.229,-0.953,146732.125,,-4.072649573,-407.2649573,Low,1.187
Iceland,2017,ISL,64.246,4.564,2.804,186955.547,,,,,3.773,1.553,147849.656,,0.553851641,55.38516405,Medium,1.251
Iceland,2018,ISL,66.459,3.445,2.213,188294,,,,,3.219,1.211,147379.516,,0.547220967,54.7220967,Medium,1.002
Iceland,2019,ISL,63.328,-4.71,-3.13,175527.734,,,,,-1.716,-1.093,141148.375,,0.349201278,34.9201278,Low,-2.037
Iceland,2020,ISL,58.082,-8.285,-5.247,158397.484,,,,,-1.754,-1.114,135840.672,,0.212311797,21.23117972,Low,-4.133
Iceland,2021,ISL,60.645,4.413,2.563,163754.672,,,,,3.02,1.207,137760.094,,0.470932501,47.0932501,Low,1.356
Iceland,2022,ISL,63.735,5.095,3.09,170914.562,,,,,1.951,1.005,139506.578,,0.325242718,32.52427184,Low,2.085
Iceland,2023,ISL,62.837,-1.408,-0.898,167421.547,,,,,0.6,0.11,138901.734,,-0.122494432,-12.24944321,Low,-1.008
India,1965,IND,619.451,,,1238.62,,,1125.293,90.851,,,113.327,9.149,0,0,Low,0
India,1966,IND,638.414,3.061,18.962,1249.36,2.924,16.453,1133.536,90.729,4.427,2.509,115.825,9.271,0.132317266,13.23172661,Low,16.453
India,1967,IND,658.433,3.136,20.02,1261.398,2.24,12.976,1134.519,89.941,11.901,7.044,126.879,10.059,0.351848152,35.18481518,Low,12.976
India,1968,IND,703.985,6.918,45.552,1319.728,5.968,35.346,1176.438,89.142,15.41,10.206,143.29,10.858,0.224051633,22.40516333,Low,35.346
India,1969,IND,780.436,10.86,76.451,1431.166,10.512,65.965,1271.77,88.863,13.831,10.486,159.396,11.137,0.137159749,13.71597494,Low,65.965
India,1970,IND,763.741,-2.139,-16.695,1369.935,-3.387,-23.486,1201.843,87.73,7.885,6.791,168.093,12.27,-0.406768494,-40.67684936,Low,-23.486
India,1971,IND,794.386,4.013,30.645,1393.662,3.415,22.882,1215.635,87.226,8.228,7.763,178.027,12.774,0.253320281,25.33202806,Low,22.882
India,1972,IND,835.859,5.221,41.472,1434.118,6.424,44.511,1265.227,88.223,-2.997,-3.039,168.891,11.777,-0.073278356,-7.327835648,Low,44.511
India,1973,IND,853.324,2.089,17.465,1431.493,1.129,8.323,1251.025,87.393,9.402,9.142,180.468,12.607,0.523446894,52.34468938,Medium,8.323
India,1974,IND,903.988,5.937,50.664,1482.623,7.37,54.958,1313.227,88.575,-4,-4.294,169.396,11.425,-0.084754461,-8.475446076,Low,54.958
India,1975,IND,972.011,7.525,68.024,1558.899,5.986,47.927,1361.021,87.307,19.457,20.097,197.877,12.693,0.295439845,29.54398448,Low,47.927
India,1976,IND,1019.454,4.881,47.443,1599.265,4.782,40.578,1394.942,87.224,5.602,6.865,204.323,12.776,0.144699956,14.46999557,Low,40.578
India,1977,IND,1078.32,5.774,58.866,1654.663,5.62,49.975,1441.159,87.097,6.736,8.891,213.503,12.903,0.151037951,15.10379506,Low,49.975
India,1978,IND,1120.973,3.955,42.653,1682.466,0.986,9.261,1423.517,84.609,23.997,33.392,258.949,15.391,0.782875765,78.28757649,Medium,9.261
India,1979,IND,1182.959,5.53,61.986,1736.458,7.136,67.681,1491.562,85.897,-3.29,-5.695,244.896,14.103,-0.091875585,-9.187558481,Low,67.681
India,1980,IND,1218.599,3.013,35.64,1748.779,3.109,31.588,1503.544,85.977,2.432,4.052,245.235,14.023,0.11369248,11.36924804,Low,31.588
India,1981,IND,1349.284,10.724,130.686,1892.751,11.441,119.867,1637.859,86.533,6.321,10.818,254.893,13.467,0.082778568,8.277856848,Low,119.868
India,1982,IND,1336.049,-0.981,-13.235,1832.289,1.277,14.916,1621.701,88.507,-15.488,-28.151,210.588,11.493,2.127011711,212.7011711,High,14.916
India,1983,IND,1405.05,5.165,69.001,1883.883,6.069,71.764,1681.703,89.268,-1.725,-2.763,202.18,10.732,-0.040042898,-4.004289793,Low,71.764
India,1984,IND,1500.919,6.823,95.868,1967.398,6.096,76.46,1744.301,88.66,12.916,19.409,223.098,11.34,0.20245546,20.24554596,Low,76.459
India,1985,IND,1584.263,5.553,83.344,2030.476,6.579,87.543,1817.719,89.522,-2.427,-4.199,212.756,10.478,-0.050381551,-5.038155116,Low,87.543
India,1986,IND,1695.59,7.027,111.328,2125.122,7.589,107.639,1912.445,89.992,2.252,3.689,212.677,10.008,0.033136318,3.313631791,Low,107.639
India,1987,IND,1802.854,6.326,107.263,2210.148,7.672,117.074,2014.149,91.132,-5.74,-9.811,196,8.868,-0.091466769,-9.14667686,Low,117.074
India,1988,IND,1962.301,8.844,159.448,2353.642,8.557,140.589,2139.258,90.891,11.805,18.858,214.384,9.109,0.118270533,11.82705333,Low,140.59
India,1989,IND,2143.414,9.23,181.112,2515.706,9.03,161.055,2282.382,90.725,11.039,20.057,233.324,9.275,0.110743628,11.07436283,Low,161.055
India,1990,IND,2300.701,7.338,157.288,2643.11,7.271,141.392,2396.468,90.668,8.114,15.895,246.643,9.332,0.10105666,10.10566604,Low,141.393
India,1991,IND,2427.663,5.518,126.962,2730.958,5.133,107.076,2467.075,90.337,9.169,19.886,263.883,9.663,0.156629543,15.66295427,Low,107.076
India,1992,IND,2552.772,5.153,125.109,2812.742,6.097,133.704,2563.747,91.148,-3.606,-8.594,248.996,8.852,-0.0686921,-6.869210049,Low,133.703
India,1993,IND,2616.248,2.487,63.476,2824.25,2.645,61.549,2578.222,91.289,0.827,1.927,246.029,8.711,0.030357931,3.035793056,Low,61.549
India,1994,IND,2757.121,5.385,140.873,2916.78,4.848,115.784,2649.131,90.824,10.895,25.089,267.649,9.176,0.178096583,17.80965834,Low,115.784
India,1995,IND,2963.118,7.471,205.997,3072.884,8.371,209.621,2814.272,91.584,-1.321,-3.624,258.612,8.416,-0.017592489,-1.759248921,Low,209.621
India,1996,IND,3081.631,4,118.513,3134.029,4.968,134.818,2896.995,92.437,-6.498,-16.304,237.033,7.563,-0.137571406,-13.75714057,Low,134.817
India,1997,IND,3252.01,5.529,170.378,3244.433,5.658,161.184,3002.733,92.55,3.994,9.195,241.701,7.45,0.053968235,5.396823534,Low,161.183
India,1998,IND,3449.497,6.073,197.487,3377.11,5.079,152.851,3096.229,91.683,18.385,44.636,280.881,8.317,0.226019941,22.60199406,Low,152.851
India,1999,IND,3546.363,2.808,96.866,3408.325,2.996,94.765,3130.572,91.851,0.754,2.101,277.753,8.149,0.021689757,2.168975698,Low,94.765
India,2000,IND,3725.401,5.049,179.038,3515.744,5.678,184.942,3248.578,92.401,-1.496,-5.904,267.166,7.599,-0.03297624,-3.297623968,Low,184.942
India,2001,IND,3740.874,0.415,15.473,3467.075,0.582,20.024,3208.916,92.554,-0.646,-4.551,258.16,7.446,-0.29412525,-29.41252504,Low,20.024
India,2002,IND,3870.808,3.473,129.935,3524.322,4.051,140.25,3280.1,93.07,-3.007,-10.315,244.222,6.93,-0.079385847,-7.938584677,Low,140.25
India,2003,IND,4008.71,3.563,137.901,3587.485,3.813,137.37,3346.962,93.296,0.734,0.531,240.523,6.704,0.003850588,0.385058847,Low,137.37
India,2004,IND,4352.651,8.58,343.942,3830.667,6.34,237.13,3500.132,91.371,40.224,106.811,330.535,8.629,0.310549453,31.05494531,Low,237.131
India,2005,IND,4608.417,5.876,255.766,3991.22,6.85,272.422,3680.37,92.212,-3.952,-16.656,310.85,7.788,-0.065122026,-6.51220256,Low,272.422
India,2006,IND,4854.867,5.348,246.45,4141.057,4.499,191.178,3787.765,91.469,15.83,55.271,353.292,8.531,0.224268614,22.42686143,Low,191.179
India,2007,IND,5268.96,8.529,414.093,4428.845,8.449,375.181,4047.987,91.401,9.845,38.913,380.858,8.599,0.093971644,9.397164405,Low,375.18
India,2008,IND,5576.529,5.837,307.569,4621.171,6.729,324.041,4259.342,92.17,-3.094,-16.472,361.829,7.83,-0.053555462,-5.355546235,Low,324.041
India,2009,IND,5991.853,7.448,415.324,4896.744,8.293,426.24,4548.835,92.895,-2.433,-10.916,347.909,7.105,-0.026283095,-2.628309464,Low,426.24
India,2010,IND,6251.326,4.33,259.474,5038.898,3.96,220.441,4664.287,92.566,9.984,39.032,374.611,7.434,0.150427403,15.04274031,Low,220.442
India,2011,IND,6592.371,5.456,341.044,5241.937,3.99,230.91,4784.817,91.28,25.033,110.135,457.119,8.72,0.322934871,32.29348706,Low,230.909
India,2012,IND,6948.685,5.405,356.314,5452.142,6.298,378.991,5018.865,92.053,-3.686,-22.677,433.277,7.947,-0.063643303,-6.364330338,Low,378.991
India,2013,IND,7178.72,3.31,230.035,5560.02,2.644,169.099,5085.132,91.459,11.577,60.936,474.887,8.541,0.26489882,26.48988197,Low,169.099
India,2014,IND,7664.003,6.76,485.284,5862.708,6.793,446.006,5363.627,91.487,6.711,39.278,499.08,8.513,0.080938172,8.093817229,Low,446.006
India,2015,IND,7929.679,3.467,265.676,5994.315,3.608,252.994,5491.542,91.612,2.249,12.682,502.774,8.388,0.047734835,4.773483491,Low,252.994
India,2016,IND,8284.972,4.481,355.292,6189.113,4.753,345.286,5684.788,91.851,3.504,10.006,504.325,8.149,0.028162751,2.816275064,Low,345.286
India,2017,IND,8600.742,3.811,315.771,6351.181,3.305,251.488,5805.181,91.403,9.496,64.283,546,8.597,0.203574742,20.35747425,Low,251.488
India,2018,IND,9088.107,5.667,487.365,6638.485,5.148,404.725,6038.025,90.955,12.753,82.64,600.459,9.045,0.169564905,16.95649052,Low,404.725
India,2019,IND,9317.351,2.522,229.243,6736.512,1.299,107.391,6054.077,89.87,15.358,121.852,682.434,10.13,0.531540767,53.15407668,Medium,107.391
India,2020,IND,8828.374,-5.248,-488.977,6322.297,-6.178,-517.341,5626.037,88.987,3.085,28.367,696.26,11.013,-0.058012954,-5.801295357,Low,-517.344
India,2021,IND,9585.078,8.571,756.704,6809.693,9.028,709.224,6085.229,89.361,6.272,47.479,724.463,10.639,0.062744481,6.274448133,Low,709.225
India,2022,IND,10103.183,5.405,518.104,7129.11,4.487,384.347,6315.175,88.583,14.422,133.759,813.935,11.417,0.258170174,25.81701743,Low,384.345
India,2023,IND,10837.855,7.272,734.673,7586.2,8.037,719.283,6768.019,89.215,2.559,15.39,818.181,10.785,0.020948095,2.094809528,Low,719.283
Indonesia,1965,IDN,84.516,,,835.486,,,782.133,93.614,,,53.354,6.386,0,0,Low,0
Indonesia,1966,IDN,83.896,-0.734,-0.62,810.112,-2.832,-2.24,742.349,91.635,30.024,1.62,67.763,8.365,-2.612903226,-261.2903226,Low,-2.24
Indonesia,1967,IDN,82.897,-1.191,-0.999,780.13,-2.421,-1.861,705.973,90.494,12.291,0.862,74.158,9.506,-0.862862863,-86.28628629,Low,-1.861
Indonesia,1968,IDN,88.425,6.669,5.528,810.21,4.895,3.672,721.005,88.99,23.549,1.856,89.205,11.01,0.335745297,33.57452967,Low,3.672
Indonesia,1969,IDN,99.786,12.848,11.361,889.761,13.873,10.916,798.989,89.798,4.564,0.444,90.772,10.202,0.039081067,3.908106681,Low,10.917
Indonesia,1970,IDN,106.956,7.185,7.17,928.207,5.551,4.974,820.807,88.429,21.566,2.195,107.4,11.571,0.306136681,30.61366806,Low,4.975
Indonesia,1971,IDN,101.902,-4.725,-5.054,861.043,3.43,3.244,826.592,95.999,-67.054,-8.298,34.452,4.001,1.641867827,164.1867827,High,3.244
Indonesia,1972,IDN,108.067,6.05,6.165,889.41,6.743,6.596,859.403,96.626,-10.577,-0.431,30.007,3.374,-0.069910787,-6.99107867,Low,6.596
Indonesia,1973,IDN,121.874,12.776,13.807,977.265,12.309,12.853,940.379,96.226,26.165,0.954,36.886,3.774,0.069095386,6.90953864,Low,12.853
Indonesia,1974,IDN,130.604,7.164,8.731,1020.784,7.021,8.234,980.95,96.098,10.795,0.497,39.834,3.902,0.056923606,5.692360554,Low,8.234
Indonesia,1975,IDN,159.924,22.449,29.32,1218.812,23.163,29.072,1178.078,96.658,4.872,0.248,40.734,3.342,0.00845839,0.845839018,Low,29.072
Indonesia,1976,IDN,167.967,5.029,8.043,1248.631,6.632,10.251,1225.316,98.133,-41.32,-2.209,23.315,1.867,-0.274648763,-27.46487629,Low,10.252
Indonesia,1977,IDN,222.085,32.219,54.118,1610.928,31.572,52.04,1573.106,97.652,66.25,2.078,37.822,2.348,0.038397576,3.839757567,Low,52.04
Indonesia,1978,IDN,249.855,12.504,27.77,1768.873,13.492,29.26,1742.506,98.509,-28.571,-1.49,26.367,1.491,-0.053655023,-5.365502341,Low,29.26
Indonesia,1979,IDN,284.463,13.851,34.608,1965.976,13.891,34.19,1937.346,98.544,11.228,0.418,28.63,1.456,0.012078132,1.207813222,Low,34.19
Indonesia,1980,IDN,305.611,7.434,21.148,2062.471,7.684,21.54,2037.16,98.773,-9.464,-0.392,25.311,1.227,-0.018536032,-1.853603178,Low,21.54
Indonesia,1981,IDN,327.653,7.213,22.042,2160.072,7.307,22.055,2135.432,98.859,-0.348,-0.013,24.64,1.141,-0.000589783,-0.058978314,Low,22.055
Indonesia,1982,IDN,334.077,1.961,6.424,2152.163,1.878,6.084,2125.897,98.78,9.091,0.34,26.266,1.22,0.052926526,5.292652553,Low,6.084
Indonesia,1983,IDN,353.79,5.901,19.712,2228.026,5.352,17.661,2189.429,98.268,50.321,2.052,38.598,1.732,0.104099026,10.4099026,Low,17.66
Indonesia,1984,IDN,389.436,10.076,35.646,2399.01,10.092,35.084,2357.793,98.282,9.168,0.562,41.217,1.718,0.015766145,1.576614487,Low,35.084
Indonesia,1985,IDN,412.985,6.047,23.549,2490.985,5.763,22.059,2441.642,98.019,22.266,1.49,49.343,1.981,0.063272326,6.327232579,Low,22.059
Indonesia,1986,IDN,441.025,6.79,28.041,2607.531,5.694,23.049,2529.649,97.013,61.022,4.992,77.882,2.987,0.178025035,17.80250348,Low,23.049
Indonesia,1987,IDN,465.495,5.548,24.47,2699.753,5.631,24.091,2621.157,97.089,2.877,0.379,78.596,2.911,0.015488353,1.548835309,Low,24.091
Indonesia,1988,IDN,491.403,5.566,25.908,2796.916,5.438,24.575,2712.197,96.971,9.836,1.333,84.718,3.029,0.051451289,5.145128918,Low,24.575
Indonesia,1989,IDN,544.869,10.88,53.466,3044.827,10.447,49.781,2941.055,96.592,24.759,3.685,103.771,3.408,0.068922306,6.892230576,Low,49.781
Indonesia,1990,IDN,600.179,10.151,55.31,3294.792,9.782,51.482,3171.835,96.268,21.336,3.828,122.957,3.732,0.069209908,6.920990779,Low,51.482
Indonesia,1991,IDN,652.938,8.791,52.76,3522.519,8.7,50.264,3388.224,96.188,11.034,2.495,134.295,3.812,0.047289613,4.728961334,Low,50.265
Indonesia,1992,IDN,716.86,9.79,63.922,3801.794,9.11,57.212,3634.19,95.591,26.837,6.71,167.604,4.409,0.104971684,10.49716842,Low,57.212
Indonesia,1993,IDN,763.843,6.554,46.982,3983.798,7.179,49.195,3830.516,96.152,-6.972,-2.213,153.283,3.848,-0.047103146,-4.710314589,Low,49.195
Indonesia,1994,IDN,799.647,4.687,35.804,4102.256,5.043,37.037,3957.806,96.479,-3.969,-1.233,144.45,3.521,-0.034437493,-3.443749302,Low,37.037
Indonesia,1995,IDN,870.284,8.834,70.637,4392.264,8.813,67.993,4236.811,96.461,9.584,2.644,155.454,3.539,0.037430808,3.743080822,Low,67.993
Indonesia,1996,IDN,933.146,7.223,62.863,4633.902,7.257,60.922,4471.307,96.491,6.297,1.941,162.595,3.509,0.030876668,3.087666831,Low,60.922
Indonesia,1997,IDN,1012.695,8.525,79.549,4948.957,9.685,87.204,4826.357,97.523,-23.043,-7.655,122.599,2.477,-0.096229997,-9.622999661,Low,87.204
Indonesia,1998,IDN,995.569,-1.691,-17.126,4789.716,-3.241,-32.01,4597.414,95.985,58.832,14.884,192.303,4.015,-0.869087936,-86.90879365,Low,-32.01
Indonesia,1999,IDN,1086.986,9.182,91.417,5151.666,9.367,89.512,4953.2,96.148,4.912,1.905,198.466,3.852,0.020838575,2.083857488,Low,89.512
Indonesia,2000,IDN,1163.518,7.041,76.532,5435.159,7.173,74.964,5232.219,96.266,3.966,1.568,202.94,3.734,0.020488162,2.048816181,Low,74.964
Indonesia,2001,IDN,1246.258,7.111,82.74,5740.15,6.69,74.931,5504.082,95.887,18.815,7.81,236.069,4.113,0.094392072,9.439207155,Low,74.93
Indonesia,2002,IDN,1280.384,2.738,34.126,5816.885,3.255,38.898,5605.714,96.37,-8.555,-4.772,211.17,3.63,-0.13983473,-13.98347301,Low,38.898
Indonesia,2003,IDN,1389.068,8.488,108.684,6226.767,9.015,111.236,6029.846,96.838,-4.793,-2.553,196.921,3.162,-0.023490118,-2.349011814,Low,111.237
Indonesia,2004,IDN,1375.847,-0.952,-13.221,6089.472,-1.16,-15.605,5884.49,96.634,6.095,2.384,204.982,3.366,-0.180319189,-18.03191892,Low,-15.605
Indonesia,2005,IDN,1416.014,2.919,40.168,6188.735,2.826,37.569,5974.963,96.546,6.25,2.599,213.771,3.454,0.064703246,6.470324637,Low,37.569
Indonesia,2006,IDN,1440.204,1.708,24.189,6213.201,2.007,27.444,6016.228,96.83,-5.862,-3.254,196.972,3.17,-0.134523957,-13.45239572,Low,27.443
Indonesia,2007,IDN,1545.699,7.325,105.495,6581.411,7.166,99.927,6363.298,96.686,13.382,5.568,218.113,3.314,0.052779753,5.277975259,Low,99.927
Indonesia,2008,IDN,1563.545,1.155,17.846,6571.27,0.934,13.961,6339.651,96.475,8.398,3.885,231.619,3.525,0.217695842,21.76958422,Low,13.961
Indonesia,2009,IDN,1606.185,2.727,42.64,6665.187,2.641,39.843,6424.887,96.395,8.58,2.797,240.3,3.605,0.065595685,6.55956848,Low,39.843
Indonesia,2010,IDN,1738.335,8.228,132.149,7123.851,7.394,114.483,6814.141,95.652,32.527,17.667,309.711,4.348,0.133690001,13.36900014,Low,114.482
Indonesia,2011,IDN,1836.37,5.64,98.035,7431.696,6.652,110.601,7176.706,96.569,-12.538,-12.566,254.991,3.431,-0.128178712,-12.81787117,Low,110.601
Indonesia,2012,IDN,1895.788,3.236,59.419,7576.405,3.134,55.575,7309.236,96.474,13.151,3.844,267.169,3.526,0.064693112,6.469311163,Low,55.575
Indonesia,2013,IDN,1809.826,-4.534,-85.962,7145.67,-5.466,-99.972,6826.406,95.532,26.163,14.01,319.265,4.468,-0.162978991,-16.29789907,Low,-99.972
Indonesia,2014,IDN,1839.601,1.645,29.774,7179.497,1.496,25.866,6848.658,95.392,17.211,3.909,330.839,4.608,0.131289044,13.12890441,Low,25.865
Indonesia,2015,IDN,1866.101,1.441,26.5,7202.464,2.189,38.41,6921.25,96.096,-22.85,-11.91,281.214,3.904,-0.449433962,-44.94339623,Low,38.41
Indonesia,2016,IDN,1896.811,1.646,30.711,7243.88,-0.181,-3.251,6835.928,94.368,76.045,33.962,407.952,5.632,1.105857836,110.5857836,High,-3.251
Indonesia,2017,IDN,1967.708,3.738,70.897,7439.383,3.914,70.064,7032.367,94.529,-3.341,0.833,407.016,5.471,0.011749439,1.174943933,Low,70.064
Indonesia,2018,IDN,2151.627,9.347,183.918,8056.51,6.668,124.031,7429.167,92.213,48.842,59.887,627.344,7.787,0.325617938,32.56179384,Low,124.031
Indonesia,2019,IDN,2299.63,6.879,148.003,8530.325,6.307,125.144,7824.044,91.72,28.884,22.859,706.281,8.28,0.154449572,15.4449572,Low,125.144
Indonesia,2020,IDN,2163.753,-5.909,-135.876,7959.13,-7.897,-166.564,7145.88,89.782,21.76,30.687,813.249,10.218,-0.225845624,-22.5845624,Low,-166.563
Indonesia,2021,IDN,2214.053,2.325,50.3,8087.771,1.668,32.41,7214.8,89.206,8.846,17.89,872.971,10.794,0.355666004,35.5666004,Low,32.41
Indonesia,2022,IDN,2791.422,26.077,577.369,10132.153,27.341,540.01,9129.119,90.1,13.991,37.358,1003.034,9.9,0.064703855,6.47038549,Low,540.011
Indonesia,2023,IDN,2807.733,0.584,16.311,10116.714,-0.026,-0.664,9059.86,89.553,10.337,16.976,1056.854,10.447,1.040770032,104.0770032,High,-0.665
Iran,1965,IRN,97.29,,,3944.148,,,3738.063,94.775,,,206.085,5.225,0,0,Low,0
Iran,1966,IRN,106.037,8.99,8.746,4174.891,9.075,8.367,3959.822,94.849,7.455,0.379,215.069,5.151,0.043334096,4.333409559,Low,8.367
Iran,1967,IRN,116.651,10.01,10.614,4463.696,10.138,10.196,4238.671,94.959,7.656,0.418,225.025,5.041,0.039381948,3.938194837,Low,10.196
Iran,1968,IRN,128.25,9.943,11.599,4772.054,10.07,11.155,4536.709,95.068,7.556,0.444,235.345,4.932,0.038279162,3.8279162,Low,11.155
Iran,1969,IRN,140.755,9.75,12.505,5091.769,9.86,12.021,4845.474,95.163,7.645,0.484,246.294,4.837,0.038704518,3.870451819,Low,12.021
Iran,1970,IRN,166.041,17.964,25.286,5836.307,18.487,24.763,5578.617,95.585,7.678,0.523,257.69,4.415,0.020683382,2.068338211,Low,24.763
Iran,1971,IRN,181.881,9.539,15.839,6213.108,9.634,15.291,5943.922,95.667,7.487,0.549,269.186,4.333,0.034661279,3.466127912,Low,15.29
Iran,1972,IRN,206.218,13.381,24.337,6848.446,12.567,21.867,6504.727,94.981,31.343,2.47,343.72,5.019,0.101491556,10.14915561,Low,21.867
Iran,1973,IRN,246.471,19.52,40.253,7955.319,21.359,41.835,7672.292,96.442,-15.278,-1.581,283.027,3.558,-0.039276576,-3.927657566,Low,41.834
Iran,1974,IRN,279.468,13.388,32.997,8761.964,13.508,32.108,8459.183,96.544,10.134,0.889,302.78,3.456,0.026941843,2.69418432,Low,32.108
Iran,1975,IRN,325.649,16.525,46.181,9911.1,16.937,45.698,9602.463,96.886,5.007,0.484,308.636,3.114,0.010480501,1.048050064,Low,45.697
Iran,1976,IRN,366.469,12.535,40.82,10829.121,12.557,39.618,10493.931,96.905,11.856,1.202,335.188,3.095,0.02944635,2.944634983,Low,39.618
Iran,1977,IRN,414.94,13.226,48.471,11897.395,13.542,48.092,11561.291,97.175,3.341,0.379,336.103,2.825,0.007819108,0.781910833,Low,48.092
Iran,1978,IRN,405.671,-2.234,-9.268,11270.636,-3.945,-15.907,10760.527,95.474,56.633,6.639,510.109,4.526,-0.716335779,-71.6335779,Low,-15.907
Iran,1979,IRN,437.969,7.961,32.297,11771.765,8.97,34.741,11343.947,96.366,-13.31,-2.444,427.818,3.634,-0.075672663,-7.56726631,Low,34.741
Iran,1980,IRN,406.055,-7.287,-31.913,10541.231,-7.701,-32.501,10112.76,95.935,3.695,0.588,428.472,4.065,-0.018425093,-1.842509322,Low,-32.501
Iran,1981,IRN,407.537,0.365,1.481,10068.537,-0.009,-0.034,9623.314,95.578,9.184,1.516,445.222,4.422,1.023632681,102.3632681,High,-0.035
Iran,1982,IRN,459.948,12.861,52.412,10822.304,13.227,51.523,10377.374,95.889,4.931,0.889,444.931,4.111,0.016961764,1.696176448,Low,51.523
Iran,1983,IRN,546.102,18.731,86.153,12403.508,19.626,86.558,11983.22,96.612,-2.142,-0.405,420.288,3.388,-0.004700939,-0.470093903,Low,86.558
Iran,1984,IRN,590.164,8.069,44.063,12934.148,8.58,45.265,12554.952,97.068,-6.497,-1.202,379.198,2.932,-0.027279123,-2.727912307,Low,45.265
Iran,1985,IRN,643.941,9.112,53.777,13623.729,9.363,53.636,13254.686,97.291,0.815,0.141,369.044,2.709,0.002621939,0.262193875,Low,53.636
Iran,1986,IRN,603.273,-6.315,-40.668,12333.542,-7.035,-44.071,11907.342,96.544,19.512,3.403,426.199,3.456,-0.083677584,-8.367758434,Low,-44.071
Iran,1987,IRN,646.76,7.208,43.486,12796.608,7.078,41.221,12339.324,96.427,10.865,2.265,457.284,3.573,0.052085729,5.208572874,Low,41.221
Iran,1988,IRN,659.579,1.982,12.82,12656.989,1.852,11.548,12189.086,96.303,5.502,1.272,467.904,3.697,0.099219969,9.92199688,Low,11.548
Iran,1989,IRN,720.975,9.308,61.396,13439.815,10.37,65.873,13068.735,97.239,-18.36,-4.477,371.079,2.761,-0.07292006,-7.292005994,Low,65.873
Iran,1990,IRN,811.283,12.526,90.308,14540.782,12.608,88.389,14149.599,97.31,9.641,1.919,391.183,2.69,0.021249502,2.124950171,Low,88.389
Iran,1991,IRN,880.229,8.498,68.946,15178.739,9.398,74.191,14892.835,98.116,-24.035,-5.246,285.904,1.884,-0.076088533,-7.608853305,Low,74.192
Iran,1992,IRN,973.424,10.588,93.195,16395.33,9.559,82.559,15936.93,97.204,64.152,10.636,458.4,2.796,0.114126294,11.41262943,Low,82.559
Iran,1993,IRN,900.748,-7.466,-72.676,15073.914,-8.096,-76.605,14552.688,96.542,14.439,3.93,521.224,3.458,-0.054075623,-5.407562331,Low,-76.606
Iran,1994,IRN,1008.745,11.99,107.997,16816.41,13.656,118.752,16476.475,97.979,-34.53,-10.755,339.937,2.021,-0.0995861,-9.958609961,Low,118.752
Iran,1995,IRN,1057.944,4.877,49.199,17401.883,4.551,44.979,16997.062,97.674,20.693,4.22,404.821,2.326,0.085774101,8.57741011,Low,44.979
Iran,1996,IRN,1150.883,8.785,92.939,18683.662,8.854,91.487,18260.553,97.735,5.899,1.452,423.11,2.265,0.015623151,1.562315067,Low,91.487
Iran,1997,IRN,1186.134,3.063,35.251,18984.059,3.889,43.746,18702.891,98.519,-32.596,-8.495,281.167,1.481,-0.240986071,-24.09860713,Low,43.746
Iran,1998,IRN,1235.507,4.162,49.373,19468.623,3.834,44.798,19119.721,98.208,26.039,4.574,348.904,1.792,0.092641727,9.264172726,Low,44.799
Iran,1999,IRN,1331.568,7.775,96.062,20652.555,8.48,102.892,20415.078,98.85,-30.849,-6.831,237.477,1.15,-0.071110325,-7.111032458,Low,102.893
Iran,2000,IRN,1396.568,4.881,65,21307.211,5.244,69.023,21134.986,99.192,-26.275,-4.023,172.224,0.808,-0.061892308,-6.189230769,Low,69.023
Iran,2001,IRN,1492.142,6.843,95.574,22379.375,6.833,94.653,22196.268,99.182,8.859,0.92,183.106,0.818,0.009626049,0.962604893,Low,94.654
Iran,2002,IRN,1626.368,8.996,134.226,24156.205,8.309,122.961,23807.547,98.557,93.525,11.266,348.658,1.443,0.083933068,8.393306811,Low,122.96
Iran,2003,IRN,1656.194,1.834,29.827,24372.035,1.586,25.414,23961.666,98.316,19.563,4.412,410.368,1.684,0.14791967,14.79196701,Low,25.415
Iran,2004,IRN,1831.958,10.612,175.763,26526.402,10.387,169.13,26026.557,98.116,24.582,6.634,499.846,1.884,0.037744008,3.774400756,Low,169.129
Iran,2005,IRN,1940.3,5.914,108.342,27646.455,5.635,101.289,27054.092,97.857,21.2,7.053,592.364,2.143,0.065099407,6.509940743,Low,101.289
Iran,2006,IRN,2120.271,9.275,179.971,29747.424,8.876,168.522,29003.518,97.499,28.346,11.449,743.905,2.501,0.063615805,6.361580477,Low,168.522
Iran,2007,IRN,2253.991,6.307,133.721,31167.166,6.558,135.563,30459.473,97.729,-2.868,-1.842,707.693,2.271,-0.013774949,-1.377494933,Low,135.563
Iran,2008,IRN,2323.367,3.078,69.376,31688.732,4.499,99.104,31396.146,99.077,-57.823,-29.728,292.587,0.923,-0.428505535,-42.85055351,Low,99.104
Iran,2009,IRN,2379.29,2.407,55.923,32012.967,2.518,57.961,31751.764,99.184,-8.944,-2.039,261.204,0.816,-0.036460848,-3.646084795,Low,57.962
Iran,2010,IRN,2430.688,2.16,51.398,32248.412,1.773,41.852,31864.209,98.809,50.073,9.545,384.202,1.191,0.185707615,18.57076151,Low,41.853
Iran,2011,IRN,2527.506,3.983,96.818,33107.25,3.971,95.363,32708.865,98.797,5.693,1.455,398.385,1.203,0.015028197,1.502819724,Low,95.363
Iran,2012,IRN,2551.596,0.953,24.091,32998.57,0.623,15.555,32494.855,98.474,29.333,8.535,503.713,1.526,0.354281682,35.4281682,Low,15.556
Iran,2013,IRN,2652.032,3.936,100.436,33801.539,3.492,87.74,33143.285,98.053,34.07,12.697,658.255,1.947,0.126418814,12.6418814,Low,87.739
Iran,2014,IRN,2768.922,4.408,116.89,34628.117,4.537,117.971,33995.758,98.174,-1.556,-1.081,632.359,1.826,-0.009248011,-0.924801095,Low,117.971
Iran,2015,IRN,2735.836,-1.195,-33.086,33449.172,-1.018,-27.677,32897.086,98.349,-10.173,-5.409,552.086,1.651,0.163483044,16.34830442,Low,-27.677
Iran,2016,IRN,2884.797,5.445,148.961,34628.828,5.043,135.699,33927.59,97.975,30.598,13.262,701.238,2.025,0.089030015,8.903001457,Low,135.699
Iran,2017,IRN,2995.331,3.832,110.534,35445.574,3.686,104.171,34678.988,97.837,11.499,6.363,766.582,2.163,0.057565998,5.756599779,Low,104.171
Iran,2018,IRN,3095.919,3.358,100.588,36159.855,4.068,119.209,35620.734,98.509,-28.021,-18.621,539.126,1.491,-0.185121486,-18.51214857,Low,119.209
Iran,2019,IRN,3263.971,5.428,168.052,37705.781,3.457,105.445,36449.309,96.668,134.31,62.607,1256.473,3.332,0.372545403,37.25454026,Low,105.445
Iran,2020,IRN,3387.954,3.799,123.983,38812.543,4.795,151.291,37879.355,97.596,-24.691,-27.307,933.191,2.404,-0.220247937,-22.02479372,Low,151.29
Iran,2021,IRN,3322.058,-1.945,-65.896,37783.531,-1.03,-34.057,37219.195,98.506,-38.913,-31.84,564.339,1.494,0.483185626,48.31856258,Low,-34.056
Iran,2022,IRN,3466.873,4.359,144.815,39151.336,4.167,136.355,38495.457,98.325,17.986,8.46,655.88,1.675,0.058419363,5.841936264,Low,136.355
Iran,2023,IRN,3531.116,1.853,64.243,39598.59,1.215,41.413,38691.266,97.709,39.372,22.83,907.328,2.291,0.355369457,35.53694566,Low,41.413
Iraq,1965,IRQ,23.005,,,2781.544,,,,,,,25.281,,0,0,Low,0
Iraq,1966,IRQ,25.372,10.289,2.367,2966.131,,,,,31.25,0.065,32.083,,0.027460921,2.7460921,Low,2.302
Iraq,1967,IRQ,25.621,0.98,0.249,2895.465,,,,,14.286,0.039,35.445,,0.156626506,15.6626506,Low,0.21
Iraq,1968,IRQ,27.219,6.237,1.598,2972.716,,,,,20.833,0.065,41.39,,0.040675845,4.067584481,Low,1.533
Iraq,1969,IRQ,31.467,15.61,4.249,3320.483,,,,,10.345,0.039,44.127,,0.00917863,0.917863027,Low,4.21
Iraq,1970,IRQ,39.157,24.438,7.69,3991.017,,,,,21.875,0.091,51.946,,0.01183355,1.183355007,Low,7.599
Iraq,1971,IRQ,42.859,9.454,3.702,4220.512,,,,,16.038,0.082,58.237,,0.022150189,2.215018909,Low,3.62
Iraq,1972,IRQ,50.203,17.136,7.344,4777.924,,,,,0,0,56.284,,0,0,Low,7.344
Iraq,1973,IRQ,49.361,-1.677,-0.842,4540.179,,,,,45,0.266,78.874,,-0.315914489,-31.59144893,Low,-1.108
Iraq,1974,IRQ,48.344,-2.061,-1.018,4299.859,,,,,37.931,0.325,105.202,,-0.319253438,-31.92534381,Low,-1.343
Iraq,1975,IRQ,52.839,9.298,4.495,4548.188,,,,,15.25,0.18,117.336,,0.040044494,4.004449388,Low,4.315
Iraq,1976,IRQ,66.442,25.743,13.603,5537.11,,,,,-0.434,-0.006,113.111,,-0.000441079,-0.044107917,Low,13.609
Iraq,1977,IRQ,69.559,4.692,3.117,5609.521,,,,,23.312,0.316,134.97,,0.101379532,10.13795316,Low,2.801
Iraq,1978,IRQ,73.769,6.053,4.21,5754.363,,,,,25.088,0.42,163.307,,0.09976247,9.976247031,Low,3.79
Iraq,1979,IRQ,92.369,25.214,18.6,6979.773,,,,,45.763,0.958,230.592,,0.051505376,5.150537634,Low,17.642
Iraq,1980,IRQ,101.361,9.735,8.992,7423.903,,,,,-33.14,-1.011,149.437,,-0.112433274,-11.2433274,Low,10.003
Iraq,1981,IRQ,94.751,-6.521,-6.61,6735.592,,,,,-11.594,-0.237,128.224,,0.035854766,3.585476551,Low,-6.373
Iraq,1982,IRQ,98.13,3.565,3.378,6782.682,,,,,-1.639,-0.03,122.631,,-0.008880995,-0.888099467,Low,3.408
Iraq,1983,IRQ,112.716,14.865,14.587,7562.958,,,,,0,0,119.044,,0,0,Low,14.587
Iraq,1984,IRQ,124.893,10.803,12.177,8122.071,,,,,1.667,0.03,117.302,,0.002463661,0.2463661,Low,12.147
Iraq,1985,IRQ,143.262,14.708,18.369,9093.793,,,,,0,0,114.497,,0,0,Low,18.369
Iraq,1986,IRQ,165.008,15.179,21.746,10218.363,,,,,-1.639,-0.03,109.869,,-0.001379564,-0.137956406,Low,21.776
Iraq,1987,IRQ,194.665,17.972,29.656,11728.18,,,,,333.333,5.914,463.198,,0.199420016,19.94200162,Low,23.742
Iraq,1988,IRQ,225.422,15.8,30.757,13269.977,,,,,0,0,452.582,,0,0,Low,30.757
Iraq,1989,IRQ,255.942,13.539,30.521,14673.412,,,,,0,0,440.77,,0,0,Low,30.521
Iraq,1990,IRQ,237.724,-7.118,-18.219,13462.373,,,,,78.856,6.063,778.711,,-0.332784456,-33.27844558,Low,-24.282
Iraq,1991,IRQ,150.032,-36.888,-87.692,8406.837,,,,,-53.87,-7.407,355.438,,0.084466086,8.446608585,Low,-80.285
Iraq,1992,IRQ,238.086,58.69,88.054,12949.507,,,,,143.292,9.089,839.388,,0.103220751,10.32207509,Low,78.965
Iraq,1993,IRQ,316.35,32.872,78.264,16394.721,,,,,18.062,2.787,944.255,,0.035610242,3.561024226,Low,75.477
Iraq,1994,IRQ,358.079,13.191,41.73,17684.621,,,,,1.396,0.254,912.411,,0.006086748,0.608674814,Low,41.476
Iraq,1995,IRQ,356.731,-0.377,-1.348,17028.674,,,,,13.956,2.578,1004.966,,-1.912462908,-191.2462908,Low,-3.926
Iraq,1996,IRQ,357.132,0.112,0.401,16503.838,,,,,-8.853,-1.864,886.765,,-4.648379052,-464.8379052,Low,2.265
Iraq,1997,IRQ,423.333,18.537,66.201,18957.375,,,,,1.829,0.351,875.023,,0.005302035,0.530203471,Low,65.85
Iraq,1998,IRQ,317.774,-24.935,-105.559,13784.206,,,,,-6.212,-1.214,794.939,,0.011500677,1.150067735,Low,-104.345
Iraq,1999,IRQ,229.281,-27.848,-88.493,9625.282,,,,,-42.573,-7.802,441.803,,0.088165166,8.816516561,Low,-80.691
Iraq,2000,IRQ,322.662,40.728,93.381,13100.986,,,,,-10.185,-1.072,383.787,,-0.011479851,-1.147985136,Low,94.453
Iraq,2001,IRQ,360.445,11.71,37.783,14176.429,,,,,15.78,1.421,427.63,,0.037609507,3.760950692,Low,36.362
Iraq,2002,IRQ,342.596,-4.952,-17.849,13048.608,,,,,23.211,2.437,506.944,,-0.13653426,-13.65342596,Low,-20.286
Iraq,2003,IRQ,304.073,-11.244,-38.523,11233.329,,,,,4.295,0.483,509.542,,-0.012537964,-1.253796433,Low,-39.006
Iraq,2004,IRQ,326.044,7.226,21.971,11703.38,,,,,20.901,2.777,594.756,,0.126393883,12.63938828,Low,19.194
Iraq,2005,IRQ,308.323,-5.435,-17.721,10743.436,,,,,-14.889,-2.556,488.281,,0.144235653,14.42356526,Low,-15.165
Iraq,2006,IRQ,299.682,-2.802,-8.641,10367.605,,,,,1.981,0.188,491.279,,-0.021756741,-2.175674112,Low,-8.829
Iraq,2007,IRQ,302.179,0.833,2.497,10543.257,,,,,-8.505,-1.289,450.502,,-0.516219463,-51.62194634,Low,3.786
Iraq,2008,IRQ,345.913,14.473,43.734,11838.88,,,,,-35.79,-4.673,281.987,,-0.106850505,-10.68505053,Low,48.407
Iraq,2009,IRQ,339.513,-1.85,-6.4,11209.113,,,,,-3.473,-0.335,260.951,,0.05234375,5.234375,Low,-6.065
Iraq,2010,IRQ,379.913,11.899,40.4,12151.445,,,,,27.732,2.13,320.933,,0.052722772,5.272277228,Low,38.27
Iraq,2011,IRQ,391.309,2.999,11.395,12085.604,,,,,-5.963,-0.656,289.643,,-0.057569109,-5.756910926,Low,12.051
Iraq,2012,IRQ,426.576,9.013,35.268,12596.573,,,,,29.34,2.678,356.009,,0.075932857,7.593285698,Low,32.59
Iraq,2013,IRQ,470.126,10.209,43.55,13249.768,,,,,5.87,0.631,357.56,,0.014489093,1.4489093,Low,42.919
Iraq,2014,IRQ,455.206,-3.174,-14.92,12387.734,,,,,-37.863,-4.851,213.247,,0.325134048,32.51340483,Low,-10.069
Iraq,2015,IRQ,447.095,-1.782,-8.11,11841.137,,,,,-9.993,-0.825,185.683,,0.101726264,10.17262639,Low,-7.285
Iraq,2016,IRQ,485.351,8.557,38.256,12542.049,,,,,31.693,2.167,237.179,,0.056644709,5.664470933,Low,36.089
Iraq,2017,IRQ,567.405,16.906,82.054,14320.764,,,14170.75,98.952,-34.859,-3.235,150.013,1.048,-0.039425257,-3.942525654,Low,85.289
Iraq,2018,IRQ,590.492,4.069,23.087,14547.464,4.137,23.225,14404.442,99.017,-1.753,-0.138,143.022,0.983,-0.00597739,-0.597738987,Low,23.225
Iraq,2019,IRQ,639.683,8.331,49.191,15390.483,6.999,40.921,15051.832,97.8,143.355,8.27,338.652,2.2,0.168120185,16.81201846,Low,40.921
Iraq,2020,IRQ,571.862,-10.602,-67.82,13437.566,,,,,-14.993,-2.154,280.125,,0.031760543,3.176054261,Low,-65.666
Iraq,2021,IRQ,592.728,3.649,20.865,13615.412,,,,,-17.996,-2.181,223.738,,-0.104529116,-10.45291157,Low,23.046
Iraq,2022,IRQ,663.642,11.964,70.914,14914.604,,,,,-17.447,-1.729,180.049,,-0.024381645,-2.438164537,Low,72.643
Iraq,2023,IRQ,697.72,5.135,34.078,15332.978,,,,,23.989,1.886,217.5,,0.055343623,5.534362345,Low,32.192
Ireland,1965,IRL,67.663,,,23721.436,,,,,,,976.57,,0,0,Low,0
Ireland,1966,IRL,75.806,12.035,8.143,26440.957,,,,,-9.877,-0.275,875.636,,-0.033771337,-3.377133734,Low,8.418
Ireland,1967,IRL,82.17,8.394,6.363,28503.936,,,,,-5.479,-0.138,823.138,,-0.021687883,-2.168788307,Low,6.501
Ireland,1968,IRL,95.832,16.627,13.663,33049.562,,,,,-4.348,-0.103,782.758,,-0.007538608,-0.753860792,Low,13.766
Ireland,1969,IRL,96.15,0.331,0.317,32959.625,,,,,-24.242,-0.55,589.433,,-1.735015773,-173.5015773,Low,0.867
Ireland,1970,IRL,75.804,-21.161,-20.346,25804.248,,,,,38,0.653,807.754,,-0.032094761,-3.209476064,Low,-20.999
Ireland,1971,IRL,78.734,3.865,2.93,26514.947,,,,,-42.029,-0.997,463.255,,-0.340273038,-34.02730375,Low,3.927
Ireland,1972,IRL,83.127,5.58,4.393,27580.262,,,,,47.5,0.653,673.192,,0.148645573,14.86455725,Low,3.74
Ireland,1973,IRL,87.369,5.104,4.243,28533.299,,,,,-6.78,-0.138,617.71,,-0.032524157,-3.252415744,Low,4.381
Ireland,1974,IRL,88.9,1.752,1.531,28584.438,,,,,23.636,0.447,751.907,,0.291966035,29.19660353,Low,1.084
Ireland,1975,IRL,83.145,-6.474,-5.755,26329.131,,,,,-33.824,-0.791,490.05,,0.137445699,13.74456994,Low,-4.964
Ireland,1976,IRL,84.877,2.083,1.732,26476.525,,,,,13.333,0.206,547.104,,0.118937644,11.89376443,Low,1.526
Ireland,1977,IRL,90.463,6.581,5.586,27795.021,,,,,25.49,0.447,676.244,,0.080021482,8.002148228,Low,5.139
Ireland,1978,IRL,94.112,4.033,3.648,28470.605,,,,,-6.25,-0.138,624.214,,-0.037828947,-3.782894737,Low,3.786
Ireland,1979,IRL,103.786,10.28,9.675,30963.42,,,30234.973,97.647,18.333,0.378,728.445,2.353,0.039069767,3.906976744,Low,9.297
Ireland,1980,IRL,100.424,-3.239,-3.362,29611.557,-3.351,-3.396,28881.453,97.534,1.408,0.034,730.103,2.466,-0.010113028,-1.011302796,Low,-3.396
Ireland,1981,IRL,97.991,-2.423,-2.433,28611.896,-2.555,-2.502,27868.84,97.403,2.778,0.069,743.056,2.597,-0.028360049,-2.836004932,Low,-2.502
Ireland,1982,IRL,97.288,-0.718,-0.703,28189.34,-0.557,-0.531,27501.785,97.561,-6.757,-0.172,687.552,2.439,0.244665718,24.46657183,Low,-0.531
Ireland,1983,IRL,95.877,-1.45,-1.41,27607.256,-1.413,-1.341,26943.801,97.597,-2.899,-0.069,663.455,2.403,0.04893617,4.893617021,Low,-1.341
Ireland,1984,IRL,94.857,-1.064,-1.02,27172.375,-0.796,-0.745,26591.156,97.861,-11.94,-0.275,581.219,2.139,0.269607843,26.96078431,Low,-0.745
Ireland,1985,IRL,99.538,4.935,4.681,28392.49,4.561,4.234,27686.209,97.512,22.034,0.447,706.28,2.488,0.095492416,9.549241615,Low,4.234
Ireland,1986,IRL,107.503,8.002,7.965,30578.152,7.958,7.724,29805.387,97.473,9.722,0.241,772.766,2.527,0.030257376,3.025737602,Low,7.724
Ireland,1987,IRL,108.719,1.132,1.216,30941.5,1.817,1.904,30364.049,98.134,-25.316,-0.688,577.453,1.866,-0.565789474,-56.57894737,Low,1.904
Ireland,1988,IRL,108.199,-0.479,-0.52,30931.379,-1.003,-1.07,30194.041,97.616,27.119,0.55,737.339,2.384,-1.057692308,-105.7692308,Low,-1.07
Ireland,1989,IRL,111.472,3.025,3.274,32001.828,3.588,3.789,31409.465,98.149,-20,-0.516,592.363,1.851,-0.157605376,-15.76053757,Low,3.79
Ireland,1990,IRL,117.886,5.754,6.414,33823.188,5.864,6.416,33231.852,98.252,-0.115,-0.002,591.335,1.748,-0.000311818,-0.03118179,Low,6.416
Ireland,1991,IRL,122.462,3.881,4.575,34941.062,3.825,4.43,34311.664,98.199,7.03,0.145,629.397,1.801,0.031693989,3.169398907,Low,4.43
Ireland,1992,IRL,123.019,0.455,0.557,34865.602,0.276,0.332,34176.715,98.024,10.188,0.225,688.887,1.976,0.403949731,40.39497307,Low,0.332
Ireland,1993,IRL,125.626,2.119,2.607,35430.539,2.265,2.732,34780.047,98.164,-5.109,-0.124,650.495,1.836,-0.04756425,-4.75642501,Low,2.731
Ireland,1994,IRL,130.936,4.226,5.309,36785.879,3.924,4.839,36005.801,97.879,20.385,0.47,780.083,2.121,0.088528913,8.852891317,Low,4.839
Ireland,1995,IRL,133.621,2.051,2.685,37329.59,2.58,3.306,36727.367,98.387,-22.364,-0.621,602.224,1.613,-0.231284916,-23.12849162,Low,3.306
Ireland,1996,IRL,141.037,5.55,7.416,39103.801,5.56,7.309,38476.488,98.396,4.665,0.107,627.316,1.604,0.014428263,1.442826321,Low,7.309
Ireland,1997,IRL,145.73,3.328,4.694,40034.047,3.275,4.545,39371.621,98.345,6.031,0.149,662.425,1.655,0.03174265,3.174265019,Low,4.545
Ireland,1998,IRL,156.805,7.6,11.075,42625.582,6.982,10.007,41679.641,97.781,44.624,1.068,945.942,2.219,0.096433409,9.643340858,Low,10.007
Ireland,1999,IRL,165.537,5.569,8.732,44500.219,5.783,8.866,43600.949,97.979,-3.931,-0.135,899.271,2.021,-0.015460376,-1.546037563,Low,8.867
Ireland,2000,IRL,173.349,4.719,7.812,45993.887,4.704,7.63,45058.199,97.966,5.428,0.181,935.687,2.034,0.023169483,2.316948285,Low,7.631
Ireland,2001,IRL,183.168,5.664,9.819,47836.672,6.067,10.303,47042.203,98.339,-13.331,-0.485,794.464,1.661,-0.049394032,-4.939403198,Low,10.304
Ireland,2002,IRL,181.354,-0.99,-1.814,46569.605,-1.568,-2.825,45528.762,97.765,34.467,1.011,1040.842,2.235,-0.557331863,-55.73318633,Low,-2.825
Ireland,2003,IRL,176.855,-2.481,-4.499,44674.871,-2.127,-3.772,43834.762,98.12,-17.594,-0.728,840.109,1.88,0.161813736,16.18137364,Low,-3.771
Ireland,2004,IRL,180.362,1.983,3.507,44733.043,1.603,2.782,43728.254,97.754,22.497,0.726,1004.79,2.246,0.207014542,20.70145423,Low,2.781
Ireland,2005,IRL,188.174,4.331,7.812,45659.781,3.656,6.447,44345.406,97.121,35.037,1.366,1314.375,2.879,0.174859191,17.4859191,Low,6.446
Ireland,2006,IRL,194.294,3.253,6.12,45880.328,2.426,4.434,44203.062,96.344,32.309,1.686,1677.263,3.656,0.275490196,27.54901961,Low,4.434
Ireland,2007,IRL,197.324,1.559,3.03,45259.535,1.034,1.935,43379.25,95.846,21.522,1.095,1880.283,4.154,0.361386139,36.13861386,Low,1.935
Ireland,2008,IRL,196.379,-0.479,-0.945,44106.398,-1.865,-3.527,41685.367,94.511,38.94,2.582,2421.03,5.489,-2.732275132,-273.2275132,Low,-3.527
Ireland,2009,IRL,176.612,-10.066,-19.767,39248.785,-11.556,-21.448,36479.719,92.945,18.725,1.681,2769.064,7.055,-0.085040724,-8.504072444,Low,-21.448
Ireland,2010,IRL,178.3,0.956,1.689,39407.059,1.594,2.616,36858.07,93.532,-4.287,-0.927,2548.988,6.468,-0.548845471,-54.88454707,Low,2.616
Ireland,2011,IRL,170.262,-4.509,-8.039,37465.398,-7.604,-12.681,33906.031,90.5,35.804,4.642,3559.37,9.5,-0.577435004,-57.74350044,Low,-12.681
Ireland,2012,IRL,167.469,-1.64,-2.793,36688.957,-1.432,-2.206,33273.816,90.692,-3.863,-0.587,3415.139,9.308,0.210168278,21.01682778,Low,-2.206
Ireland,2013,IRL,164.997,-1.476,-2.471,35956.301,-2.377,-3.61,32311.059,89.862,8.984,1.139,3645.24,10.138,-0.460946985,-46.0946985,Low,-3.61
Ireland,2014,IRL,164.553,-0.269,-0.444,35600.855,-1.757,-2.605,31514.48,88.522,13.427,2.161,4086.374,11.478,-4.867117117,-486.7117117,Low,-2.605
Ireland,2015,IRL,173.913,5.688,9.36,37274.281,3.726,5.428,32383.404,86.879,20.284,3.932,4890.871,13.121,0.42008547,42.00854701,Low,5.428
Ireland,2016,IRL,181.638,4.442,7.725,38516.898,5.811,8.779,33901.582,88.017,-4.964,-1.055,4615.318,11.983,-0.136569579,-13.65695793,Low,8.78
Ireland,2017,IRL,182.403,0.421,0.765,38224.621,-2.1,-3.357,32799.801,85.808,21.839,4.122,5424.824,14.192,5.388235294,538.8235294,High,-3.357
Ireland,2018,IRL,186.474,2.232,4.072,38571.539,0.46,0.721,32523.857,84.321,11.588,3.351,6047.683,15.679,0.822937132,82.29371316,Medium,0.721
Ireland,2019,IRL,187.359,0.474,0.884,38267.508,-2.303,-3.621,31375.68,81.99,16.557,4.505,6891.831,18.01,5.096153846,509.6153846,High,-3.621
Ireland,2020,IRL,176.077,-6.022,-11.282,35598.938,-10.044,-15.429,27938.451,78.481,10.782,4.147,7660.489,21.519,-0.367576671,-36.75766708,Low,-15.429
Ireland,2021,IRL,179.446,1.914,3.369,35986.184,5.98,8.263,29369.143,81.612,-11.708,-4.894,6617.04,18.388,-1.452656575,-145.2656575,Low,8.263
Ireland,2022,IRL,185.967,3.634,6.521,37022.301,1.541,2.256,29604.428,79.964,14.592,4.265,7417.873,20.036,0.654040791,65.40407913,Medium,2.256
Ireland,2023,IRL,180.767,-2.796,-5.2,35746.328,-5.552,-8.256,27773.898,77.697,12.291,3.055,7972.436,22.303,-0.5875,-58.75,Low,-8.255
Israel,1965,ISR,41.007,,,17367.783,,,,,,,,,0,0,Low,0
Israel,1966,ISR,42.642,3.986,1.635,17278.773,,,,,,,,,0,0,Low,1.635
Israel,1967,ISR,51.734,21.322,9.092,20084.572,,,,,,,,,0,0,Low,9.092
Israel,1968,ISR,52.661,1.793,0.928,19614.225,,,,,,,,,0,0,Low,0.928
Israel,1969,ISR,59.519,13.023,6.858,21291.359,,,,,,,,,0,0,Low,6.858
Israel,1970,ISR,63.538,6.752,4.019,21854.516,,,,,,,,,0,0,Low,4.019
Israel,1971,ISR,72.104,13.482,8.566,23886.736,,,,,,,0,,0,0,Low,8.566
Israel,1972,ISR,68.304,-5.27,-3.8,21885.658,,,,,,0,0,,0,0,Low,-3.8
Israel,1973,ISR,72.817,6.606,4.512,22654.129,,,,,,0,0,,0,0,Low,4.512
Israel,1974,ISR,73.124,0.422,0.308,22133.902,,,,,,0,0,,0,0,Low,0.308
Israel,1975,ISR,75.141,2.758,2.017,22178.055,,,,,,0,0,,0,0,Low,2.017
Israel,1976,ISR,77.037,2.522,1.895,22212.734,,,,,,0,0,,0,0,Low,1.895
Israel,1977,ISR,80.893,5.006,3.856,22842.236,,,,,,0,0,,0,0,Low,3.856
Israel,1978,ISR,88.326,9.189,7.433,24475.68,,,,,,0,0,,0,0,Low,7.433
Israel,1979,ISR,91.251,3.311,2.925,24824.869,,,,,,0,0,,0,0,Low,2.925
Israel,1980,ISR,92.576,1.453,1.326,24722.584,,,24722.584,100,,0,0,0,0,0,Low,1.326
Israel,1981,ISR,94.156,1.706,1.58,24669.184,1.7,1.574,24667.633,99.994,,0.006,1.549,0.006,0.003797468,0.379746835,Low,1.574
Israel,1982,ISR,101.744,8.058,7.587,26136.072,8.059,7.587,26134.555,99.994,0,0,1.519,0.006,0,0,Low,7.587
Israel,1983,ISR,101.807,0.062,0.063,25585.426,0.065,0.066,25584.684,99.997,-50,-0.003,0.743,0.003,-0.047619048,-4.761904762,Low,0.066
Israel,1984,ISR,105.942,4.061,4.135,25985.172,4.058,4.132,25983.723,99.994,100,0.003,1.451,0.006,0.000725514,0.072551391,Low,4.132
Israel,1985,ISR,98.253,-7.257,-7.689,23490.367,-7.258,-7.689,23488.953,99.994,0,0,1.414,0.006,0,0,Low,-7.689
Israel,1986,ISR,103.353,5.191,5.1,24061.264,5.179,5.088,24057.135,99.983,200,0.012,4.13,0.017,0.002352941,0.235294118,Low,5.088
Israel,1987,ISR,110.834,7.239,7.481,25120.934,7.228,7.47,25114.232,99.973,66.667,0.012,6.702,0.027,0.001604064,0.160406363,Low,7.469
Israel,1988,ISR,118.79,7.178,7.956,26191.791,7.18,7.956,26185.271,99.975,0,0,6.52,0.025,0,0,Low,7.956
Israel,1989,ISR,124.276,4.618,5.485,26629.848,4.636,5.506,26627.947,99.993,-70,-0.021,1.901,0.007,-0.003828624,-0.382862352,Low,5.506
Israel,1990,ISR,129.135,3.91,4.86,26884.953,3.911,4.86,26883.107,99.993,0,0,1.847,0.007,0,0,Low,4.86
Israel,1991,ISR,131.278,1.659,2.142,26559.25,1.652,2.133,26555.662,99.986,100,0.009,3.589,0.014,0.004201681,0.420168067,Low,2.133
Israel,1992,ISR,153.197,16.697,21.919,30160.439,16.647,21.851,30143.557,99.944,383.333,0.068,16.883,0.056,0.003102331,0.310233131,Low,21.851
Israel,1993,ISR,166.366,8.597,13.17,31913.719,8.607,13.179,31898.971,99.954,-10.345,-0.009,14.748,0.046,-0.000683371,-0.06833713,Low,13.179
Israel,1994,ISR,173.569,4.329,7.203,32465.287,4.337,7.211,32452.564,99.961,-11.538,-0.009,12.721,0.039,-0.001249479,-0.124947938,Low,7.212
Israel,1995,ISR,195.208,12.467,21.639,35630.168,12.469,21.633,35616.672,99.962,8.696,0.006,13.493,0.038,0.000277277,0.027727714,Low,21.633
Israel,1996,ISR,202.297,3.631,7.089,36044.043,3.634,7.091,36031.398,99.965,-4,-0.003,12.645,0.035,-0.000423191,-0.042319086,Low,7.092
Israel,1997,ISR,221.213,9.351,18.916,38516.828,9.352,18.913,38503.953,99.967,4.167,0.003,12.872,0.033,0.000158596,0.01585959,Low,18.913
Israel,1998,ISR,232.794,5.235,11.581,39661.543,5.237,11.581,39648.945,99.968,0,0,12.595,0.032,0,0,Low,11.581
Israel,1999,ISR,241.272,3.642,8.478,40251.59,3.633,8.454,40235.309,99.96,32,0.024,16.279,0.04,0.002830856,0.283085633,Low,8.454
Israel,2000,ISR,227.371,-5.761,-13.901,37170.641,-5.761,-13.895,37155.652,99.96,-6.061,-0.006,14.986,0.04,0.000431624,0.043162362,Low,-13.895
Israel,2001,ISR,227.212,-0.07,-0.159,36424.02,-0.055,-0.126,36414.602,99.974,-35.484,-0.033,9.419,0.026,0.20754717,20.75471698,Low,-0.126
Israel,2002,ISR,231.783,2.011,4.57,36462.727,1.945,4.418,36429.594,99.909,646.1,0.152,33.134,0.091,0.033260394,3.326039387,Low,4.418
Israel,2003,ISR,238.836,3.043,7.053,36880.645,3.031,7.02,36842.879,99.898,9.155,0.034,37.769,0.102,0.004820644,0.48206437,Low,7.019
Israel,2004,ISR,243.489,1.948,4.653,36914.707,1.954,4.662,36878.996,99.903,-0.459,-0.009,35.706,0.097,-0.001934236,-0.193423598,Low,4.662
Israel,2005,ISR,244.649,0.477,1.16,36438.062,0.453,1.102,36394.348,99.88,36.191,0.058,43.711,0.12,0.05,5,Low,1.102
Israel,2006,ISR,245.96,0.536,1.31,36000.695,0.586,1.433,35975.68,99.931,-43.501,-0.123,25.013,0.069,-0.09389313,-9.389312977,Low,1.433
Israel,2007,ISR,255.085,3.71,9.125,36692.238,3.718,9.139,36669.672,99.938,-9.412,-0.014,22.566,0.061,-0.001534247,-0.153424658,Low,9.139
Israel,2008,ISR,262.427,2.879,7.343,37094.68,2.869,7.314,37068.512,99.929,10.181,0.028,26.167,0.071,0.003813155,0.381315539,Low,7.315
Israel,2009,ISR,254.956,-2.847,-7.471,35412.008,-2.928,-7.678,35357.578,99.846,58.731,0.207,54.434,0.154,-0.027707134,-2.770713425,Low,-7.678
Israel,2010,ISR,265.059,3.963,10.103,36168.523,3.883,9.885,36085.27,99.77,43.101,0.218,83.251,0.23,0.021577749,2.157774918,Low,9.885
Israel,2011,ISR,270.062,1.888,5.003,36202.535,1.746,4.618,36069.102,99.631,53.571,0.385,133.431,0.369,0.076953828,7.69538277,Low,4.618
Israel,2012,ISR,282.725,4.689,12.663,37239.395,4.523,12.171,37043.398,99.474,40.592,0.493,195.992,0.526,0.038932323,3.893232251,Low,12.17
Israel,2013,ISR,267.18,-5.498,-15.545,34578.957,-5.583,-15.702,34366.004,99.384,7.477,0.157,212.951,0.616,-0.010099711,-1.009971052,Low,-15.702
Israel,2014,ISR,260.647,-2.445,-6.533,33145.016,-2.876,-7.636,32795.492,98.945,65.107,1.103,349.521,1.055,-0.168835145,-16.88351447,Low,-7.636
Israel,2015,ISR,275.057,5.528,14.41,34348.75,5.21,13.435,33883.82,98.646,34.479,0.974,464.929,1.354,0.06759195,6.759195003,Low,13.436
Israel,2016,ISR,280.57,2.004,5.513,34387.754,1.495,4.057,33752.98,98.154,42.453,1.456,634.771,1.846,0.264103029,26.41030292,Low,4.057
Israel,2017,ISR,285.685,1.823,5.115,34381.566,1.822,5.017,33746.48,98.153,5.122,0.098,635.092,1.847,0.019159335,1.915933529,Low,5.017
Israel,2018,ISR,292.212,2.284,6.526,34554.734,2.132,5.978,33865.797,98.006,11.783,0.549,688.934,1.994,0.084125038,8.412503831,Low,5.977
Israel,2019,ISR,301.506,3.181,9.294,35026.562,2.047,5.862,33951.055,96.929,55.436,3.432,1075.511,3.071,0.369270497,36.92704971,Low,5.862
Israel,2020,ISR,285.135,-5.43,-16.371,32559.027,-6.582,-19.235,31174.807,95.749,30.669,2.864,1384.223,4.251,-0.174943498,-17.49434976,Low,-19.235
Israel,2021,ISR,292.044,2.423,6.909,32813.754,1.449,3.956,31119.898,94.838,22.932,2.953,1693.857,5.162,0.427413519,42.74135186,Low,3.956
Israel,2022,ISR,308.649,5.686,16.605,34148.941,5.124,14.191,32213.994,94.334,17.269,2.413,1934.949,5.666,0.145317675,14.53176754,Low,14.192
Israel,2023,ISR,309.459,0.262,0.81,33730.262,-1.225,-3.567,31346.912,92.934,24.548,4.377,2383.353,7.066,5.403703704,540.3703704,High,-3.567
Italy,1965,ITA,928.462,,,18044.91,,,15252.905,84.527,,,2792.004,15.473,0,0,Low,0
Italy,1966,ITA,1008.304,8.599,79.842,19434.357,9.365,73.495,16543.133,85.123,4.33,6.347,2891.223,14.877,0.079494502,7.949450164,Low,73.495
Italy,1967,ITA,1091.974,8.298,83.67,20881.268,10.412,89.364,18121.703,86.784,-3.862,-5.694,2759.566,13.216,-0.068053066,-6.805306561,Low,89.364
Italy,1968,ITA,1179.984,8.06,88.01,22407.145,9.31,88.224,19670.861,87.788,-0.198,-0.214,2736.282,12.212,-0.002431542,-0.243154187,Low,88.224
Italy,1969,ITA,1270.033,7.631,90.049,23962.209,9.312,96.465,21364.555,89.159,-4.528,-6.416,2597.654,10.841,-0.071250097,-7.125009717,Low,96.465
Italy,1970,ITA,1402.124,10.401,132.091,26294.406,11.379,128.846,23651.611,89.949,2.4,3.245,2642.796,10.051,0.024566397,2.456639741,Low,128.846
Italy,1971,ITA,1476.256,5.287,74.132,27523.545,6.142,77.461,24958.193,90.679,-2.353,-3.329,2565.353,9.321,-0.044906383,-4.490638321,Low,77.461
Italy,1972,ITA,1548.182,4.872,71.927,28672.467,4.91,65.731,26009.441,90.712,4.561,6.196,2663.028,9.288,0.086142895,8.614289488,Low,65.731
Italy,1973,ITA,1615.823,4.369,67.64,29713.77,5.708,80.167,27299.904,91.876,-8.755,-12.526,2413.865,8.124,-0.18518628,-18.51862803,Low,80.166
Italy,1974,ITA,1615.333,-0.03,-0.489,29503.436,-0.224,-3.324,27054.16,91.698,2.112,2.835,2449.276,8.302,-5.797546012,-579.7546012,Low,-3.324
Italy,1975,ITA,1581.353,-2.104,-33.98,28702.822,-2.957,-43.805,26090.473,90.899,7.386,9.825,2612.347,9.101,-0.289140671,-28.9140671,Low,-43.805
Italy,1976,ITA,1668.908,5.537,87.555,30130.736,6.509,93.561,27640.721,91.736,-4.122,-6.005,2490.016,8.264,-0.068585461,-6.858546057,Low,93.56
Italy,1977,ITA,1674.358,0.327,5.45,30087.477,-1.86,-28.474,26999.543,89.737,24.488,33.923,3087.93,10.263,6.22440367,622.440367,High,-28.473
Italy,1978,ITA,1715.524,2.459,41.166,30701.777,3.637,54.646,27867.664,90.769,-7.766,-13.48,2834.114,9.231,-0.327454696,-32.74546956,Low,54.646
Italy,1979,ITA,1769.165,3.127,53.641,31552.404,3.683,57.358,28794.363,91.259,-2.475,-3.717,2758.041,8.741,-0.06929401,-6.929401018,Low,57.358
Italy,1980,ITA,1723.793,-2.565,-45.372,30601.963,-2.631,-42.472,27908.086,91.197,-1.885,-2.901,2693.876,8.803,0.063938112,6.393811161,Low,-42.471
Italy,1981,ITA,1687.626,-2.098,-36.167,29852.1,-1.875,-29.483,27286.143,91.404,-4.283,-6.684,2565.958,8.596,0.184809357,18.48093566,Low,-29.483
Italy,1982,ITA,1654.092,-1.987,-33.534,29231.549,-2.635,-40.648,26542.268,90.8,5.235,7.114,2689.28,9.2,-0.2121429,-21.21428997,Low,-40.648
Italy,1983,ITA,1619.34,-2.101,-34.751,28606.455,-2.091,-31.406,25977.293,90.809,-2.25,-3.345,2629.161,9.191,0.096256223,9.625622284,Low,-31.406
Italy,1984,ITA,1644.551,1.557,25.21,29045.279,1.295,19.043,26307.791,90.575,4.226,6.167,2737.489,9.425,0.244625149,24.46251488,Low,19.043
Italy,1985,ITA,1636.66,-0.48,-7.89,28897.641,-0.163,-2.435,26257.266,90.863,-3.427,-5.456,2640.374,9.137,0.691508238,69.15082383,Medium,-2.434
Italy,1986,ITA,1681.007,2.71,44.346,29679.285,2.612,38.839,26941.795,90.776,3.782,5.507,2737.49,9.224,0.124182564,12.41825644,Low,38.839
Italy,1987,ITA,1731.074,2.978,50.067,30560.299,5.145,78.513,28325.26,92.686,-18.83,-28.446,2235.04,7.314,-0.568158667,-56.81586674,Low,78.513
Italy,1988,ITA,1773.738,2.465,42.665,31298.939,2.457,39.423,29007.744,92.68,2.546,3.241,2291.196,7.32,0.075963905,7.596390484,Low,39.424
Italy,1989,ITA,1824.944,2.887,51.206,32179.424,4.308,70.814,30235.631,93.96,-15.045,-19.609,1943.793,6.04,-0.382943405,-38.29434051,Low,70.815
Italy,1990,ITA,1854.886,1.641,29.942,32681.436,2.178,37.342,30869.578,94.456,-6.659,-7.401,1811.858,5.544,-0.247177877,-24.71778772,Low,37.343
Italy,1991,ITA,1913.132,3.14,58.246,33685.176,1.528,26.778,31320.445,92.98,30.473,31.469,2364.731,7.02,0.540277444,54.02774439,Medium,26.777
Italy,1992,ITA,1905.329,-0.408,-7.803,33524.938,-0.475,-8.442,31150.586,92.918,0.501,0.638,2374.349,7.082,-0.081763424,-8.176342432,Low,-8.441
Italy,1993,ITA,1865.054,-2.114,-40.275,32795.352,-2.183,-38.646,30451.164,92.852,-1.189,-1.629,2344.187,7.148,0.040446927,4.044692737,Low,-38.646
Italy,1994,ITA,1860.836,-0.226,-4.218,32712.924,-0.761,-13.176,30211.85,92.354,6.671,8.958,2501.074,7.646,-2.123755334,-212.3755334,Low,-13.176
Italy,1995,ITA,1936.397,4.061,75.561,34040.48,5.563,95.601,31891.756,93.688,-14.059,-20.04,2148.726,6.312,-0.265216183,-26.5216183,Low,95.601
Italy,1996,ITA,1935.798,-0.031,-0.599,34021.668,-0.809,-14.685,31625.91,92.958,11.491,14.086,2395.758,7.042,-23.51585977,-2351.585977,Low,-14.685
Italy,1997,ITA,1969.284,1.73,33.486,34593.875,1.862,33.505,32199.582,93.079,-0.034,-0.019,2394.292,6.921,-0.000567401,-0.05674013,Low,33.505
Italy,1998,ITA,2014.581,2.3,45.297,35381.559,2.427,44.479,32973.438,93.194,0.586,0.819,2408.124,6.806,0.018080668,1.808066759,Low,44.478
Italy,1999,ITA,2071.383,2.82,56.801,36375.102,2.26,42.44,33715.055,92.687,10.409,14.361,2660.054,7.313,0.252830056,25.28300558,Low,42.44
Italy,2000,ITA,2099.285,1.347,27.903,36851.285,1.519,29.162,34214.336,92.844,-0.848,-1.26,2636.947,7.156,-0.045156435,-4.515643479,Low,29.163
Italy,2001,ITA,2097.537,-0.083,-1.748,36802.125,-0.571,-11.122,34002.031,92.391,6.814,9.374,2800.092,7.609,-5.362700229,-536.2700229,Low,-11.122
Italy,2002,ITA,2083.352,-0.676,-14.185,36481.184,0.216,4.189,34008.352,93.222,-11.097,-18.374,2472.832,6.778,1.295311949,129.5311949,High,4.189
Italy,2003,ITA,2149.784,3.189,66.432,37436.27,3.675,71.373,35063.156,93.661,-3.001,-4.941,2373.115,6.339,-0.074376806,-7.437680636,Low,71.373
Italy,2004,ITA,2197.52,2.22,47.735,37979.512,1.259,25.343,35237.258,92.78,20.823,22.392,2742.256,7.22,0.469089766,46.90897664,Low,25.343
Italy,2005,ITA,2200.25,0.124,2.73,37805.059,0.973,19.845,35372.855,93.566,-11.043,-17.115,2432.205,6.434,-6.269230769,-626.9230769,Low,19.845
Italy,2006,ITA,2190.067,-0.463,-10.182,37481.961,-0.778,-16.02,34959.434,93.27,4.847,5.837,2522.532,6.73,-0.573266549,-57.32665488,Low,-16.019
Italy,2007,ITA,2148.299,-1.907,-41.768,36549.078,-1.594,-32.555,34198.258,93.568,-5.909,-9.213,2350.826,6.432,0.22057556,22.05755602,Low,-32.555
Italy,2008,ITA,2111.905,-1.694,-36.394,35659.477,-3.547,-71.294,32737.068,91.805,33.111,34.899,2922.409,8.195,-0.9589218,-95.89218003,Low,-71.293
Italy,2009,ITA,1971.705,-6.639,-140.2,33102.941,-9.069,-175.837,29598.832,89.414,24.182,35.638,3504.113,10.586,-0.254194009,-25.41940086,Low,-175.838
Italy,2010,ITA,2036.733,3.298,65.027,34046.293,2.321,40.927,30154.527,88.569,13.01,24.1,3891.767,11.431,0.370615283,37.06152829,Low,40.927
Italy,2011,ITA,1997.912,-1.906,-38.82,33284.145,-3.027,-54.606,29142.582,87.557,6.254,15.786,4141.562,12.443,-0.406646059,-40.66460587,Low,-54.606
Italy,2012,ITA,1943.877,-2.705,-54.035,32295.604,-4.619,-80.799,27720.693,85.834,11.236,26.763,4574.911,14.166,-0.49529009,-49.52900898,Low,-80.798
Italy,2013,ITA,1858.6,-4.387,-85.277,30816.119,-8.224,-137.225,25389.186,82.389,15.476,51.948,5426.933,17.611,-0.609167771,-60.91677709,Low,-137.225
Italy,2014,ITA,1762.32,-5.18,-96.28,29214.83,-7.631,-116.845,23447.893,80.26,5.153,20.565,5766.937,19.74,-0.213595762,-21.35957624,Low,-116.845
Italy,2015,ITA,1814.766,2.976,52.446,30129.141,5.836,82.551,24853.418,82.49,-6.631,-30.106,5275.722,17.51,-0.574038058,-57.40380582,Low,82.552
Italy,2016,ITA,1821.932,0.395,7.166,30305.607,0.734,10.987,25083.414,82.768,-0.777,-3.821,5222.191,17.232,-0.533212392,-53.32123919,Low,10.987
Italy,2017,ITA,1843.121,1.163,21.189,30716.617,2.215,33.406,25688.057,83.629,-3.172,-12.217,5028.561,16.371,-0.57657275,-57.657275,Low,33.406
Italy,2018,ITA,1853.64,0.571,10.52,30957.242,-1.061,-16.351,25469.297,82.272,9.141,26.87,5487.944,17.727,2.55418251,255.418251,High,-16.35
Italy,2019,ITA,1819.556,-1.839,-34.084,30464.064,-2.003,-30.544,25021.668,82.135,-3.977,-3.541,5442.396,17.865,0.103890388,10.38903885,Low,-30.543
Italy,2020,ITA,1651.962,-9.211,-167.593,27763.803,-11.609,-173.496,22201.4,79.965,3.976,5.903,5562.403,20.035,-0.035222235,-3.522223482,Low,-173.496
Italy,2021,ITA,1768.617,7.062,116.655,29854.949,9.01,119.027,24308.145,81.421,-0.048,-2.372,5546.801,18.579,-0.020333462,-2.033346192,Low,119.027
Italy,2022,ITA,1718.251,-2.848,-50.366,29104.418,-0.399,-5.745,24294.357,83.473,-13.323,-44.621,4810.061,16.527,0.885934956,88.59349561,Medium,-5.745
Italy,2023,ITA,1651.434,-3.889,-66.817,28051.859,-7.056,-101.209,22643.973,80.722,13.616,34.393,5407.888,19.278,-0.514734274,-51.47342742,Low,-101.21
Jamaica,1980,JAM,34.011,,,15926.234,,,,,,,,,0,0,Low,0
Jamaica,1981,JAM,29.509,-13.237,-4.502,13619.58,,,,,,,,,0,0,Low,-4.502
Jamaica,1982,JAM,25.147,-14.781,-4.362,11432.7,,,,,,,,,0,0,Low,-4.362
Jamaica,1983,JAM,26.464,5.234,1.316,11852.295,,,,,,,,,0,0,Low,1.316
Jamaica,1984,JAM,22.524,-14.885,-3.939,9948.504,,,,,,,,,0,0,Low,-3.939
Jamaica,1985,JAM,19.913,-11.593,-2.611,8688.006,,,,,,,,,0,0,Low,-2.611
Jamaica,1986,JAM,19.781,-0.666,-0.133,8541.283,,,,,,,,,0,0,Low,-0.133
Jamaica,1987,JAM,21.74,9.905,1.959,9305.494,,,,,,,,,0,0,Low,1.959
Jamaica,1988,JAM,24.555,12.948,2.815,10427.465,,,,,,,,,0,0,Low,2.815
Jamaica,1989,JAM,28.556,16.296,4.001,12031.939,,,,,,,,,0,0,Low,4.001
Jamaica,1990,JAM,29.885,4.655,1.329,12493.724,,,,,,,,,0,0,Low,1.329
Jamaica,1991,JAM,31.194,4.379,1.309,12933.527,,,,,,,,,0,0,Low,1.309
Jamaica,1992,JAM,33.741,8.166,2.547,13859.205,,,,,,,,,0,0,Low,2.547
Jamaica,1993,JAM,34.251,1.509,0.509,13928.321,,,,,,,,,0,0,Low,0.509
Jamaica,1994,JAM,35.318,3.116,1.067,14217.115,,,,,,,,,0,0,Low,1.067
Jamaica,1995,JAM,39.372,11.48,4.054,15690.177,,,,,,,,,0,0,Low,4.054
Jamaica,1996,JAM,40.578,3.061,1.205,16020.312,,,,,,,,,0,0,Low,1.205
Jamaica,1997,JAM,42.375,4.429,1.797,16585.48,,,,,,,,,0,0,Low,1.797
Jamaica,1998,JAM,43.329,2.25,0.953,16816.357,,,,,,,,,0,0,Low,0.953
Jamaica,1999,JAM,44.371,2.407,1.043,17090.359,,,,,,,,,0,0,Low,1.043
Jamaica,2000,JAM,43.211,-2.614,-1.16,16542.139,,,,,,,,,0,0,Low,-1.16
Jamaica,2001,JAM,43.844,1.463,0.632,16699.781,,,,,,,,,0,0,Low,0.632
Jamaica,2002,JAM,43.649,-0.445,-0.195,16544.623,,,,,,,,,0,0,Low,-0.195
Jamaica,2003,JAM,45.49,4.217,1.841,17159.158,,,,,,,,,0,0,Low,1.841
Jamaica,2004,JAM,44.501,-2.173,-0.988,16704.465,,,,,,,,,0,0,Low,-0.988
Jamaica,2005,JAM,45.887,3.114,1.386,17141.955,,,,,,,,,0,0,Low,1.386
Jamaica,2006,JAM,52.42,14.237,6.533,19489.295,,,,,,,,,0,0,Low,6.533
Jamaica,2007,JAM,53.391,1.853,0.971,19765.359,,,,,,,,,0,0,Low,0.971
Jamaica,2008,JAM,45.405,-14.956,-7.985,16746.211,,,,,,,,,0,0,Low,-7.985
Jamaica,2009,JAM,35.698,-21.379,-9.707,13112.701,,,,,,,,,0,0,Low,-9.707
Jamaica,2010,JAM,32.796,-8.129,-2.902,11996.119,,,,,,,,,0,0,Low,-2.902
Jamaica,2011,JAM,34.745,5.944,1.949,12652.353,,,,,,,,,0,0,Low,1.949
Jamaica,2012,JAM,32.559,-6.294,-2.187,11797.367,,,,,,,,,0,0,Low,-2.187
Jamaica,2013,JAM,35.42,8.79,2.862,12772.726,,,,,,,,,0,0,Low,2.862
Jamaica,2014,JAM,34.901,-1.466,-0.519,12533.961,,,,,,,,,0,0,Low,-0.519
Jamaica,2015,JAM,35.998,3.142,1.096,12881.866,,,,,,,,,0,0,Low,1.096
Jamaica,2016,JAM,37.267,3.527,1.27,13296.951,,,,,,,,,0,0,Low,1.27
Jamaica,2017,JAM,33.539,-10.004,-3.728,11942.507,,,,,,,,,0,0,Low,-3.728
Jamaica,2018,JAM,34.684,3.414,1.145,12335.036,,,,,,,,,0,0,Low,1.145
Jamaica,2019,JAM,43.296,24.83,8.612,15387.241,,,,,,,,,0,0,Low,8.612
Jamaica,2020,JAM,34.124,-21.185,-9.173,12098.731,,,,,,,,,0,0,Low,-9.173
Jamaica,2021,JAM,34.599,1.393,0.475,12235.784,,,,,,,,,0,0,Low,0.475
Japan,1965,JPN,1831.837,,,18416.207,,,16154.097,87.717,,,2262.108,12.283,0,0,Low,0
Japan,1966,JPN,2078.875,13.486,247.038,20692.137,14.672,235.753,18340.178,88.634,5.045,11.285,2351.96,11.366,0.045681231,4.568123123,Low,235.753
Japan,1967,JPN,2332.107,12.181,253.232,22970.119,15.47,285.04,20956.025,91.232,-13.455,-31.808,2014.091,8.768,-0.125608138,-12.5608138,Low,285.04
Japan,1968,JPN,2569.288,10.17,237.181,24988.383,10.411,221.514,22847.215,91.431,7.683,15.667,2141.167,8.569,0.066055038,6.605503814,Low,221.514
Japan,1969,JPN,2995.711,16.597,426.424,28776.672,17.909,420.698,26606.885,92.46,2.602,5.726,2169.787,7.54,0.01342795,1.342794965,Low,420.698
Japan,1970,JPN,3418.785,14.123,423.074,32431.113,14.886,412.309,30186.268,93.078,4.961,10.765,2244.844,6.922,0.025444721,2.544472125,Low,412.309
Japan,1971,JPN,3581.75,4.767,162.965,33540.332,3.998,127.234,30989.744,92.395,15.235,35.731,2550.587,7.605,0.219255668,21.92556684,Low,127.234
Japan,1972,JPN,3835.057,7.072,253.307,35437.469,7.447,246.438,32857.137,92.719,2.578,6.869,2580.334,7.281,0.027117292,2.711729246,Low,246.438
Japan,1973,JPN,4209.336,9.759,374.279,38378.52,12.031,427.797,36320.465,94.637,-19.076,-53.518,2058.054,5.363,-0.142989588,-14.2989588,Low,427.797
Japan,1974,JPN,4170.854,-0.914,-38.481,37541.438,-2.862,-114.008,34829.891,92.777,33.813,75.526,2711.545,7.223,-1.962682882,-196.2682882,Low,-114.007
Japan,1975,JPN,4130.073,-0.978,-40.781,36740.617,-1.512,-58.525,33902.859,92.276,6.06,17.744,2837.76,7.724,-0.435104583,-43.5104583,Low,-58.525
Japan,1976,JPN,4304.319,4.219,174.246,37881.84,3.892,148.326,34846.262,91.987,8.38,25.92,3035.579,8.013,0.148755208,14.87552082,Low,148.326
Japan,1977,JPN,4284.78,-0.454,-19.539,37336.387,0.461,18.266,34660.289,92.832,-10.908,-37.804,2676.098,7.168,1.934797073,193.4797073,High,18.265
Japan,1978,JPN,4377.462,2.163,92.682,37798.812,0.554,22.017,34536.746,91.37,23.799,70.665,3262.065,8.63,0.762445782,76.24457824,Medium,22.017
Japan,1979,JPN,4458.664,1.855,81.202,38184.77,0.434,17.362,34402.676,90.095,16.936,63.84,3782.092,9.905,0.786187532,78.61875323,Medium,17.362
Japan,1980,JPN,4298.557,-3.591,-160.107,36544.836,-5.402,-217.017,32306.521,88.402,12.966,56.911,4238.317,11.598,-0.355456039,-35.54560388,Low,-217.018
Japan,1981,JPN,4230.308,-1.588,-68.25,35733.258,-2.136,-81.151,31413.229,87.91,2.661,12.901,4320.031,12.09,-0.189025641,-18.9025641,Low,-81.151
Japan,1982,JPN,4100.725,-3.063,-129.583,34431.473,-4.872,-181.174,29704.109,86.27,9.831,51.59,4727.363,13.73,-0.398123211,-39.81232106,Low,-181.173
Japan,1983,JPN,4220.464,2.92,119.74,35231.09,2.108,74.564,30154.061,85.589,8.09,45.176,5077.025,14.411,0.377284116,37.72841156,Low,74.564
Japan,1984,JPN,4371.088,3.569,150.624,36283.402,3.54,127.877,31046.088,85.566,4.011,22.747,5237.316,14.434,0.15101843,15.101843,Low,127.877
Japan,1985,JPN,4481.088,2.517,110,36997.395,0.082,3.071,30905.268,83.534,17.042,106.929,6092.124,16.466,0.972081818,97.20818182,Medium,3.071
Japan,1986,JPN,4475.038,-0.135,-6.051,36767.945,-0.533,-19.961,30591.121,83.201,1.896,13.911,6176.825,16.799,-2.29895885,-229.895885,Low,-19.962
Japan,1987,JPN,4670.11,4.359,195.073,38195.41,3.863,143.815,31627.588,82.805,6.999,51.257,6567.821,17.195,0.262758044,26.27580444,Low,143.816
Japan,1988,JPN,4927.338,5.508,257.228,40125.457,6.447,249.293,33521.332,83.541,0.715,7.935,6604.123,16.459,0.030848119,3.084811918,Low,249.293
Japan,1989,JPN,5060.553,2.704,133.215,41052.375,2.229,91.734,34137.059,83.155,5.15,41.481,6915.32,16.845,0.311383853,31.13838532,Low,91.734
Japan,1990,JPN,5184.285,2.445,123.732,41914.781,3.126,131.55,35085.91,83.708,-0.609,-7.818,6828.871,16.292,-0.063184948,-6.318494811,Low,131.55
Japan,1991,JPN,5363.508,3.457,179.223,43228.301,2.672,115.937,35910.699,83.072,7.498,63.286,7317.596,16.928,0.353113161,35.31131607,Low,115.937
Japan,1992,JPN,5426.293,1.171,62.786,43604.055,1.817,80.949,36454.211,83.603,-1.849,-18.163,7149.846,16.397,-0.289284235,-28.92842353,Low,80.949
Japan,1993,JPN,5516.978,1.671,90.685,44213.789,-0.717,-32.523,36095.73,81.639,13.893,123.208,8118.064,18.361,1.35863704,135.863704,High,-32.523
Japan,1994,JPN,5718.397,3.651,201.419,45703.57,5.528,248.976,37987.637,83.117,-4.448,-47.557,7715.93,16.883,-0.236109801,-23.6109801,Low,248.976
Japan,1995,JPN,5911.905,3.384,193.508,47131.613,1.414,67.23,38428.312,81.534,13.029,126.278,8703.302,18.466,0.652572503,65.25725035,Medium,67.23
Japan,1996,JPN,6029.414,1.988,117.509,47956.695,1.911,92.128,39071.75,81.473,2.358,25.381,8884.943,18.527,0.215991967,21.59919666,Low,92.128
Japan,1997,JPN,6146.964,1.95,117.55,48774.598,0.332,16.303,39107.559,80.18,9.037,101.247,9667.037,19.82,0.861310081,86.13100808,Medium,16.303
Japan,1998,JPN,6049.681,-1.583,-97.283,47896.113,-2.397,-118.146,38085.367,79.517,1.708,20.862,9810.745,20.483,-0.214446512,-21.44465117,Low,-118.145
Japan,1999,JPN,6144.011,1.559,94.33,48548.125,2.773,133.412,39065.312,80.467,-3.154,-39.082,9482.812,19.533,-0.41431146,-41.43114598,Low,133.412
Japan,2000,JPN,6253.323,1.779,109.312,49314.926,2.074,102.546,39797.359,80.7,0.571,6.767,9517.571,19.3,0.061905372,6.190537178,Low,102.545
Japan,2001,JPN,6185.704,-1.081,-67.62,48681.129,-1.11,-56.011,39274.535,80.677,-0.309,-11.609,9406.594,19.323,0.171679976,17.16799763,Low,-56.011
Japan,2002,JPN,6165.896,-0.32,-19.807,48435.285,0.081,4.034,39233.41,81.002,-1.421,-23.841,9201.875,18.998,1.203665371,120.3665371,High,4.034
Japan,2003,JPN,6162.913,-0.048,-2.984,48335.68,3.987,199.139,40733.523,84.272,-17.121,-202.123,7602.152,15.728,67.73558981,6773.558981,High,199.139
Japan,2004,JPN,6247.106,1.366,84.194,48931.176,-1.254,-65.153,40169.309,82.093,16.389,149.347,8761.872,17.907,1.773843742,177.3843742,High,-65.153
Japan,2005,JPN,6352.418,1.686,105.312,49706.562,2.315,118.744,41058.516,82.602,-0.621,-13.433,8648.049,17.398,-0.127554315,-12.75543148,Low,118.745
Japan,2006,JPN,6335.821,-0.261,-16.597,49536.465,-1.411,-74.024,40446.441,81.65,5.804,57.428,9090.028,18.35,-3.460143399,-346.0143399,Low,-74.025
Japan,2007,JPN,6274.491,-0.968,-61.33,49017.004,0.963,49.796,40802.512,83.242,-9.062,-111.127,8214.488,16.758,1.811951737,181.1951737,High,49.797
Japan,2008,JPN,6158.532,-1.848,-115.959,48084.367,-0.704,-36.756,40492.84,84.212,-7.096,-79.202,7591.529,15.788,0.683017273,68.30172733,Medium,-36.757
Japan,2009,JPN,5621.991,-8.712,-536.541,43881.684,-11.166,-579.117,35960.164,81.948,5.279,42.576,7921.517,18.052,-0.079352743,-7.935274285,Low,-579.117
Japan,2010,JPN,5983.799,6.436,361.808,46709.957,5.642,259.943,37992.559,81.337,10.827,101.865,8717.399,18.663,0.281544355,28.1544355,Low,259.943
Japan,2011,JPN,5669.208,-5.257,-314.591,44288.176,0.984,47.871,38395.664,86.695,-32.515,-362.462,5892.509,13.305,1.152169007,115.2169007,High,47.871
Japan,2012,JPN,5615.884,-0.941,-53.324,43924.301,6.872,337.73,41083.32,93.532,-52.805,-391.054,2840.983,6.468,7.333545871,733.3545871,High,337.73
Japan,2013,JPN,5575.617,-0.717,-40.267,43669.051,-1.06,-55.681,40703.449,93.209,4.742,15.414,2965.599,6.791,-0.382794844,-38.27948444,Low,-55.681
Japan,2014,JPN,5431.217,-2.59,-144.4,42605.559,-2.723,-141.514,39657.898,93.081,-0.511,-2.886,2947.664,6.918,0.01998615,1.998614958,Low,-141.514
Japan,2015,JPN,5363.93,-1.239,-67.287,42152.383,-2.658,-134.358,38672.41,91.744,18.462,67.071,3479.97,8.256,-0.99678987,-99.67898703,Low,-134.358
Japan,2016,JPN,5295.605,-1.274,-68.325,41699.695,-1.881,-92.551,38021.918,91.18,7.237,24.226,3677.777,8.82,-0.35457007,-35.45700695,Low,-92.551
Japan,2017,JPN,5354.677,1.116,59.072,42275.172,0.029,1.404,38132.48,90.201,13.272,57.668,4142.688,9.799,0.976232394,97.62323944,Medium,1.404
Japan,2018,JPN,5316.556,-0.712,-38.121,42109.379,-2.474,-119.477,37308.977,88.6,16.445,81.356,4800.4,11.4,-2.13415178,-213.415178,Low,-119.477
Japan,2019,JPN,5205.537,-2.088,-111.02,41382.203,-3.275,-154.257,36220.367,87.526,7.51,43.237,5161.835,12.474,-0.389452351,-38.94523509,Low,-154.257
Japan,2020,JPN,4825.249,-7.305,-380.288,38526.551,-8.048,-366.667,33450.93,86.826,-2.285,-13.621,5075.623,13.174,0.035817591,3.581759088,Low,-366.667
Japan,2021,JPN,5037.481,4.398,212.233,40425.16,3.021,126.57,34636.355,85.68,13.759,85.662,5788.802,14.32,0.403622434,40.36224338,Low,126.571
Japan,2022,JPN,5004.881,-0.647,-32.601,40377.672,-0.502,-21.653,34646.324,85.806,-1.589,-10.947,5731.347,14.194,0.335787246,33.57872458,Low,-21.654
Japan,2023,JPN,4834.374,-3.407,-170.507,39209.965,-6.09,-261.553,32709.631,83.422,13.325,91.046,6500.337,16.578,-0.533972212,-53.39722123,Low,-261.553
Jordan,1980,JOR,22.808,,,10288.259,,,,,,,,,0,0,Low,0
Jordan,1981,JOR,27.049,18.594,4.241,11726.532,,,,,,,,,0,0,Low,4.241
Jordan,1982,JOR,30.738,13.636,3.689,12773.515,,,,,,,,,0,0,Low,3.689
Jordan,1983,JOR,32.582,6,1.844,12956.073,,,,,,,,,0,0,Low,1.844
Jordan,1984,JOR,34.52,5.95,1.939,13125.893,,,,,,,,,0,0,Low,1.939
Jordan,1985,JOR,35.634,3.225,1.113,12950.6,,,,,,,,,0,0,Low,1.113
Jordan,1986,JOR,37.971,6.56,2.338,13185.326,,,,,,,,,0,0,Low,2.338
Jordan,1987,JOR,40.886,7.675,2.914,13562.059,,,,,,,,,0,0,Low,2.914
Jordan,1988,JOR,38.365,-6.166,-2.521,12151.512,,,,,,,,,0,0,Low,-2.521
Jordan,1989,JOR,39.515,2.999,1.151,11934.646,,,,,,,,,0,0,Low,1.151
Jordan,1990,JOR,42.156,6.683,2.641,12111.728,,,,,,,,,0,0,Low,2.641
Jordan,1991,JOR,39.966,-5.195,-2.19,10900.639,,,,,,,,,0,0,Low,-2.19
Jordan,1992,JOR,47.103,17.859,7.138,12181.209,,,,,,,,,0,0,Low,7.138
Jordan,1993,JOR,46.598,-1.073,-0.506,11432.909,,,,,,,,,0,0,Low,-0.506
Jordan,1994,JOR,53.55,14.919,6.952,12516.938,,,,,,,,,0,0,Low,6.952
Jordan,1995,JOR,56.132,4.822,2.582,12590.666,,,,,,,,,0,0,Low,2.582
Jordan,1996,JOR,60.326,7.472,4.194,13089.599,,,,,,,,,0,0,Low,4.194
Jordan,1997,JOR,58.303,-3.353,-2.023,12316.658,,,,,,,,,0,0,Low,-2.023
Jordan,1998,JOR,62.354,6.949,4.052,12871.409,,,,,,,,,0,0,Low,4.052
Jordan,1999,JOR,62.998,1.032,0.644,12724.906,,,,,,,,,0,0,Low,0.644
Jordan,2000,JOR,66.34,5.304,3.342,13120.57,,,,,,,,,0,0,Low,3.342
Jordan,2001,JOR,63.718,-3.952,-2.622,12340.564,,,,,,,,,0,0,Low,-2.622
Jordan,2002,JOR,66.825,4.876,3.107,12667.007,,,,,,,,,0,0,Low,3.107
Jordan,2003,JOR,72.972,9.198,6.146,13522.985,,,,,,,,,0,0,Low,6.146
Jordan,2004,JOR,79.277,8.64,6.305,14329.478,,,,,,,,,0,0,Low,6.305
Jordan,2005,JOR,86.071,8.571,6.795,15157.3,,,,,,,,,0,0,Low,6.795
Jordan,2006,JOR,88.994,3.395,2.923,14647.871,,,,,,,,,0,0,Low,2.923
Jordan,2007,JOR,85.587,-3.828,-3.407,13221.179,,,,,,,,,0,0,Low,-3.407
Jordan,2008,JOR,82.449,-3.666,-3.138,12430.374,,,,,,,,,0,0,Low,-3.138
Jordan,2009,JOR,85.744,3.996,3.294,12645.595,,,,,,,,,0,0,Low,3.294
Jordan,2010,JOR,89.246,4.084,3.502,12875.821,,,,,,,,,0,0,Low,3.502
Jordan,2011,JOR,93.454,4.715,4.208,13144.025,,,,,,,,,0,0,Low,4.208
Jordan,2012,JOR,99.17,6.116,5.716,13750.912,,,,,,,,,0,0,Low,5.716
Jordan,2013,JOR,98.468,-0.708,-0.702,12796.636,,,,,,,,,0,0,Low,-0.702
Jordan,2014,JOR,101.034,2.606,2.566,11669.372,,,,,,,,,0,0,Low,2.566
Jordan,2015,JOR,109.157,8.04,8.123,11497.137,,,,,,,,,0,0,Low,8.123
Jordan,2016,JOR,116.346,6.586,7.19,11675.889,,,,,,,,,0,0,Low,7.19
Jordan,2017,JOR,120.371,3.459,4.025,11783.324,,,,,,,,,0,0,Low,4.025
Jordan,2018,JOR,117.5,-2.385,-2.871,11233.428,,,,,,,,,0,0,Low,-2.871
Jordan,2019,JOR,120.448,2.509,2.948,11258.242,,,,,,,,,0,0,Low,2.948
Jordan,2020,JOR,107.517,-10.736,-12.931,9838.043,,,,,,,,,0,0,Low,-12.931
Jordan,2021,JOR,102.376,-4.781,-5.141,9183.148,,,,,,,,,0,0,Low,-5.141
Kazakhstan,1985,KAZ,796.027,,,51645.434,,,50645.824,98.064,,,999.61,1.936,0,0,Low,0
Kazakhstan,1986,KAZ,814.251,2.289,18.223,51792.863,2.497,19.491,50893.465,98.263,-8.227,-1.268,899.398,1.737,-0.069582396,-6.958239587,Low,19.491
Kazakhstan,1987,KAZ,832.595,2.253,18.344,51802.527,1.942,15.535,50747.973,97.964,19.871,2.81,1054.557,2.036,0.153183602,15.31836023,Low,15.534
Kazakhstan,1988,KAZ,862.957,3.647,30.363,52521.395,3.266,26.638,51263.141,97.604,21.974,3.724,1258.249,2.396,0.122649277,12.26492771,Low,26.639
Kazakhstan,1989,KAZ,849.496,-1.56,-13.461,50852.812,-1.738,-14.638,49544.77,97.428,5.752,1.177,1308.041,2.572,-0.087437783,-8.743778323,Low,-14.638
Kazakhstan,1990,KAZ,859.425,1.169,9.929,50954.352,1.208,9.999,49662.973,97.466,-0.374,-0.07,1291.381,2.534,-0.007050055,-0.705005539,Low,9.999
Kazakhstan,1991,KAZ,858.537,-0.103,-0.888,50520.637,-0.23,-1.927,49177.781,97.342,5.066,1.039,1342.856,2.658,-1.170045045,-117.0045045,Low,-1.927
Kazakhstan,1992,KAZ,847.475,-1.288,-11.062,49724.492,-1.18,-9.861,48456.004,97.449,-5.286,-1.201,1268.489,2.551,0.108569879,10.85698789,Low,-9.861
Kazakhstan,1993,KAZ,748.154,-11.72,-99.322,44061.652,-12.294,-101.528,42658.484,96.815,10.168,2.206,1403.171,3.185,-0.022210588,-2.221058779,Low,-101.528
Kazakhstan,1994,KAZ,666.421,-10.925,-81.732,39793.102,-11.891,-86.128,38108,95.765,18.373,4.395,1685.102,4.235,-0.053773308,-5.377330788,Low,-86.127
Kazakhstan,1995,KAZ,598.716,-10.16,-67.705,36430.828,-10.082,-64.345,34918.117,95.848,-12.015,-3.36,1512.712,4.152,0.049627059,4.962705856,Low,-64.345
Kazakhstan,1996,KAZ,521.202,-12.947,-77.514,32284.078,-12.997,-74.582,30925.791,95.793,-11.785,-2.932,1358.285,4.207,0.037825425,3.782542508,Low,-74.582
Kazakhstan,1997,KAZ,459.578,-11.823,-61.624,29049.662,-11.971,-59.766,27781.037,95.633,-8.355,-1.858,1268.625,4.367,0.030150591,3.015059068,Low,-59.766
Kazakhstan,1998,KAZ,433.003,-5.783,-26.575,27982.146,-5.669,-24.915,26792.451,95.748,-8.385,-1.661,1189.697,4.252,0.062502352,6.250235183,Low,-24.914
Kazakhstan,1999,KAZ,406.961,-6.014,-26.042,26675.014,-6.214,-25.765,25486.498,95.544,-1.563,-0.277,1188.513,4.456,0.010636664,1.063666385,Low,-25.765
Kazakhstan,2000,KAZ,369.747,-9.144,-37.213,24267.602,-10.635,-41.35,22806.006,93.977,22.816,4.137,1461.595,6.023,-0.111170827,-11.11708274,Low,-41.35
Kazakhstan,2001,KAZ,416.192,12.561,46.444,27235.379,12.943,44.973,25681.801,94.296,7.304,1.471,1553.578,5.704,0.031672552,3.167255189,Low,44.973
Kazakhstan,2002,KAZ,423.944,1.863,7.752,27638.352,1.413,5.546,25946.77,93.88,10.004,2.206,1691.581,6.12,0.284571723,28.45717234,Low,5.546
Kazakhstan,2003,KAZ,464.691,9.611,40.747,30142.02,10.473,41.682,28519.605,94.617,-2.981,-0.935,1622.411,5.383,-0.022946475,-2.294647459,Low,41.682
Kazakhstan,2004,KAZ,490.623,5.58,25.932,31608.375,6.306,27.728,30112.65,95.268,-6.584,-1.796,1495.724,4.732,-0.06925806,-6.925805954,Low,27.728
Kazakhstan,2005,KAZ,504.625,2.854,14.003,32231.549,3.15,14.724,30794.748,95.542,-2.491,-0.722,1436.799,4.458,-0.05156038,-5.156037992,Low,14.725
Kazakhstan,2006,KAZ,543.391,7.682,38.765,34342.352,8.122,39.157,32945.422,95.932,-1.119,-0.392,1396.932,4.068,-0.010112215,-1.011221463,Low,39.157
Kazakhstan,2007,KAZ,602.888,10.949,59.497,37666.039,11.221,58.495,36222.488,96.168,5.192,1.002,1443.549,3.832,0.016841185,1.684118527,Low,58.495
Kazakhstan,2008,KAZ,635.432,5.398,32.545,39232.648,5.983,34.688,37938.391,96.701,-8.708,-2.143,1294.263,3.299,-0.065847288,-6.584728837,Low,34.688
Kazakhstan,2009,KAZ,569.006,-10.454,-66.426,34690.484,-10.525,-64.675,33519.227,96.624,-7.785,-1.751,1171.255,3.376,0.02636016,2.636016018,Low,-64.675
Kazakhstan,2010,KAZ,611.195,7.415,42.189,36757.344,7.118,39.135,35418.281,96.357,16.614,3.054,1339.065,3.643,0.072388537,7.23885373,Low,39.135
Kazakhstan,2011,KAZ,694.016,13.551,82.82,41151.434,14.151,83.338,39861.902,96.866,-1.727,-0.518,1289.527,3.134,-0.006254528,-0.625452789,Low,83.338
Kazakhstan,2012,KAZ,729.853,5.164,35.838,42674.324,5.45,36.637,41449.484,97.13,-3.089,-0.8,1224.839,2.87,-0.022322674,-2.232267426,Low,36.638
Kazakhstan,2013,KAZ,731.605,0.24,1.752,42177.832,0.228,1.616,40962.312,97.118,1.258,0.136,1215.521,2.882,0.077625571,7.762557078,Low,1.616
Kazakhstan,2014,KAZ,769.111,5.126,37.505,43718.621,5.09,36.165,42443.965,97.084,6.996,1.34,1274.655,2.916,0.03572857,3.572856952,Low,36.165
Kazakhstan,2015,KAZ,635.91,-17.319,-133.201,35653.344,-18.243,-136.219,34226.887,95.999,14.138,3.018,1426.463,4.001,-0.022657488,-2.265748756,Low,-136.219
Kazakhstan,2016,KAZ,711.327,11.86,75.417,39346.422,11.265,68.771,37571.504,95.489,26.869,6.646,1774.918,4.511,0.088123367,8.812336741,Low,68.771
Kazakhstan,2017,KAZ,764.926,7.535,53.599,41765.398,8.053,54.696,40073.266,95.948,-2.847,-1.097,1692.136,4.052,-0.0204668,-2.046679975,Low,54.696
Kazakhstan,2018,KAZ,789.197,3.173,24.272,42571.648,3.598,26.409,41015.184,96.344,-6.35,-2.137,1556.464,3.656,-0.088043837,-8.804383652,Low,26.409
Kazakhstan,2019,KAZ,798.712,1.206,9.515,42588.301,1.199,9.114,41028.434,96.337,1.757,0.4,1559.864,3.663,0.042038886,4.203888597,Low,9.115
Kazakhstan,2020,KAZ,735.937,-7.86,-62.775,38775.867,-8.43,-64.862,37124.52,95.741,7.527,2.087,1651.349,4.259,-0.033245719,-3.324571884,Low,-64.862
Kazakhstan,2021,KAZ,822.205,11.722,86.268,42831.074,12.017,84.673,41115.289,95.994,5.485,1.596,1715.783,4.006,0.018500487,1.850048685,Low,84.672
Kazakhstan,2022,KAZ,819.283,-0.355,-2.923,42235.43,-0.587,-4.632,40449.348,95.771,5.575,1.71,1786.085,4.229,-0.585015395,-58.50153951,Low,-4.633
Kazakhstan,2023,KAZ,828.086,1.074,8.803,42234.961,0.767,6.018,40325.871,95.48,8.428,2.784,1909.092,4.52,0.316255822,31.62558219,Low,6.019
Kenya,1980,KEN,29.387,,,1815.481,,,,,,,,,0,0,Low,0
Kenya,1981,KEN,29.528,0.48,0.141,1759.116,,,,,,,,,0,0,Low,0.141
Kenya,1982,KEN,29.516,-0.043,-0.013,1695.183,,,,,,,,,0,0,Low,-0.013
Kenya,1983,KEN,28.945,-1.933,-0.571,1601.88,,,,,,,,,0,0,Low,-0.571
Kenya,1984,KEN,28.655,-1.004,-0.291,1527.987,,,,,,,,,0,0,Low,-0.291
Kenya,1985,KEN,30.147,5.208,1.492,1549.801,,,,,,,,,0,0,Low,1.492
Kenya,1986,KEN,31.651,4.989,1.504,1569.921,,,,,,,,,0,0,Low,1.504
Kenya,1987,KEN,29.038,-8.257,-2.613,1390.55,,,,,,,,,0,0,Low,-2.613
Kenya,1988,KEN,33.023,13.724,3.985,1526.981,,,,,,,,,0,0,Low,3.985
Kenya,1989,KEN,35.63,7.896,2.607,1591.493,,,,,,,,,0,0,Low,2.607
Kenya,1990,KEN,35.934,0.854,0.304,1551.41,,,,,,,,,0,0,Low,0.304
Kenya,1991,KEN,33.324,-7.265,-2.611,1393.23,,,,,,,,,0,0,Low,-2.611
Kenya,1992,KEN,36.085,8.287,2.761,1463.556,,,,,,,,,0,0,Low,2.761
Kenya,1993,KEN,37.225,3.16,1.14,1466.031,,,,,,,,,0,0,Low,1.14
Kenya,1994,KEN,38.043,2.197,0.818,1455.703,,,,,,,,,0,0,Low,0.818
Kenya,1995,KEN,40.418,6.244,2.376,1503.756,,,,,,,,,0,0,Low,2.376
Kenya,1996,KEN,42.29,4.629,1.871,1531.359,,,,,,,,,0,0,Low,1.871
Kenya,1997,KEN,39.314,-7.037,-2.976,1386.027,,,,,,,,,0,0,Low,-2.976
Kenya,1998,KEN,43.32,10.191,4.006,1486.754,,,,,,,,,0,0,Low,4.006
Kenya,1999,KEN,41.109,-5.105,-2.211,1371.884,,,,,,,,,0,0,Low,-2.211
Kenya,2000,KEN,45.629,10.996,4.521,1478.989,,,,,,,,,0,0,Low,4.521
Kenya,2001,KEN,46.441,1.778,0.811,1460.378,,,,,,,,,0,0,Low,0.811
Kenya,2002,KEN,46.869,0.923,0.428,1429.812,,,,,,,,,0,0,Low,0.428
Kenya,2003,KEN,44.622,-4.794,-2.247,1321.463,,,,,,,,,0,0,Low,-2.247
Kenya,2004,KEN,48.016,7.607,3.394,1380.108,,,,,,,,,0,0,Low,3.394
Kenya,2005,KEN,52.135,8.576,4.118,1454.524,,,,,,,,,0,0,Low,4.118
Kenya,2006,KEN,57.201,9.719,5.067,1549.111,,,,,,,,,0,0,Low,5.067
Kenya,2007,KEN,57.553,0.615,0.352,1513.085,,,,,,,,,0,0,Low,0.352
Kenya,2008,KEN,56.804,-1.302,-0.749,1449.554,,,,,,,,,0,0,Low,-0.749
Kenya,2009,KEN,62.046,9.229,5.242,1537.141,,,,,,,,,0,0,Low,5.242
Kenya,2010,KEN,67.372,8.584,5.326,1622.724,,,,,,,,,0,0,Low,5.326
Kenya,2011,KEN,69.645,3.373,2.273,1633.508,,,,,,,,,0,0,Low,2.273
Kenya,2012,KEN,68.87,-1.113,-0.775,1575.042,,,,,,,,,0,0,Low,-0.775
Kenya,2013,KEN,72.584,5.392,3.714,1620.447,,,,,,,,,0,0,Low,3.714
Kenya,2014,KEN,75.853,4.504,3.269,1655.022,,,,,,,,,0,0,Low,3.269
Kenya,2015,KEN,89.576,18.091,13.723,1911.903,,,,,,,,,0,0,Low,13.723
Kenya,2016,KEN,94.189,5.15,4.614,1966.588,,,,,,,,,0,0,Low,4.614
Kenya,2017,KEN,94.943,0.8,0.754,1939.658,,,,,,,,,0,0,Low,0.754
Kenya,2018,KEN,102.268,7.716,7.325,2047.272,,,,,,,,,0,0,Low,7.325
Kenya,2019,KEN,99.169,-3.03,-3.099,1946.341,,,,,,,,,0,0,Low,-3.099
Kenya,2020,KEN,98.883,-0.288,-0.286,1902.118,,,,,,,,,0,0,Low,-0.286
Kenya,2021,KEN,103.504,4.673,4.621,1952.694,,,,,,,,,0,0,Low,4.621
Kiribati,1980,KIR,0.124,,,2042.649,,,,,,,,,0,0,Low,0
Kiribati,1981,KIR,0.124,-0.273,0,2002.214,,,,,,,,,0,0,Low,0
Kiribati,1982,KIR,0.124,0,0,1967.158,,,,,,,,,0,0,Low,0
Kiribati,1983,KIR,0.124,0,0,1931.952,,,,,,,,,0,0,Low,0
Kiribati,1984,KIR,0.062,-49.863,-0.062,950.674,,,,,,,,,0,0,Low,-0.062
Kiribati,1985,KIR,0.062,-0.273,0,928.639,,,,,,,,,0,0,Low,0
Kiribati,1986,KIR,0.064,3.47,0.002,938.925,,,,,,,,,0,0,Low,0.002
Kiribati,1987,KIR,0.075,17.737,0.011,1078.871,,,,,,,,,0,0,Low,0.011
Kiribati,1988,KIR,0.076,0.226,0,1055.155,,,,,,,,,0,0,Low,0
Kiribati,1989,KIR,0.075,-0.225,0,1027.724,,,,,,,,,0,0,Low,0
Kiribati,1990,KIR,0.075,0,0,1004.582,,,,,,,,,0,0,Low,0
Kiribati,1991,KIR,0.076,1.084,0.001,995.764,,,,,,,,,0,0,Low,0.001
Kiribati,1992,KIR,0.076,-0.849,-0.001,970.902,,,,,,,,,0,0,Low,-0.001
Kiribati,1993,KIR,0.075,-0.225,0,954.169,,,,,,,,,0,0,Low,0
Kiribati,1994,KIR,0.075,0,0,940.263,,,,,,,,,0,0,Low,0
Kiribati,1995,KIR,0.075,0,0,926.222,,,,,,,,,0,0,Low,0
Kiribati,1996,KIR,0.076,0.226,0,913.174,,,,,,,,,0,0,Low,0
Kiribati,1997,KIR,0.075,-0.225,0,895.223,,,,,,,,,0,0,Low,0
Kiribati,1998,KIR,0.075,0,0,879.596,,,,,,,,,0,0,Low,0
Kiribati,1999,KIR,0.075,0.005,0,864.607,,,,,,,,,0,0,Low,0
Kiribati,2000,KIR,0.145,92.652,0.07,1636.981,,,,,,,,,0,0,Low,0.07
Kiribati,2001,KIR,0.124,-14.671,-0.021,1370.542,,,,,,,,,0,0,Low,-0.021
Kiribati,2002,KIR,0.182,46.562,0.058,1968.148,,,,,,,,,0,0,Low,0.058
Kiribati,2003,KIR,0.189,3.965,0.007,2004.797,,,,,,,,,0,0,Low,0.007
Kiribati,2004,KIR,0.203,7.109,0.013,2104.417,,,,,,,,,0,0,Low,0.013
Kiribati,2005,KIR,0.265,31.035,0.063,2702.974,,,,,,,,,0,0,Low,0.063
Kiribati,2006,KIR,0.295,11.237,0.03,2949.214,,,,,,,,,0,0,Low,0.03
Kiribati,2007,KIR,0.27,-8.703,-0.026,2641.913,,,,,,,,,0,0,Low,-0.026
Kiribati,2008,KIR,0.302,12.009,0.032,2903.16,,,,,,,,,0,0,Low,0.032
Kiribati,2009,KIR,0.264,-12.702,-0.038,2485.87,,,,,,,,,0,0,Low,-0.038
Kiribati,2010,KIR,0.262,-0.408,-0.001,2429.893,,,,,,,,,0,0,Low,-0.001
Kiribati,2011,KIR,0.242,-7.653,-0.02,2205.633,,,,,,,,,0,0,Low,-0.02
Kiribati,2012,KIR,0.239,-1.217,-0.003,2144.771,,,,,,,,,0,0,Low,-0.003
Kiribati,2013,KIR,0.242,1.15,0.003,2137.157,,,,,,,,,0,0,Low,0.003
Kiribati,2014,KIR,0.244,0.688,0.002,2120.318,,,,,,,,,0,0,Low,0.002
Kiribati,2015,KIR,0.263,7.868,0.019,2253.544,,,,,,,,,0,0,Low,0.019
Kiribati,2016,KIR,0.282,7.302,0.019,2381.142,,,,,,,,,0,0,Low,0.019
Kiribati,2017,KIR,0.318,12.785,0.036,2644.316,,,,,,,,,0,0,Low,0.036
Kiribati,2018,KIR,0.32,0.639,0.002,2619.893,,,,,,,,,0,0,Low,0.002
Kiribati,2019,KIR,0.322,0.551,0.002,2592.433,,,,,,,,,0,0,Low,0.002
Kiribati,2020,KIR,0.306,-5.075,-0.016,2417.654,,,,,,,,,0,0,Low,-0.016
Kiribati,2021,KIR,0.315,3.13,0.01,2446.698,,,,,,,,,0,0,Low,0.01
Kuwait,1965,KWT,79.222,,,154173.438,,,,,,,0,,0,0,Low,0
Kuwait,1966,KWT,82.881,4.62,3.66,146570.109,,,,,,0,0,,0,0,Low,3.66
Kuwait,1967,KWT,84.358,1.782,1.477,135788,,,,,,0,0,,0,0,Low,1.477
Kuwait,1968,KWT,88.777,5.237,4.418,130337.305,,,,,,0,0,,0,0,Low,4.418
Kuwait,1969,KWT,90.937,2.433,2.16,122382.688,,,,,,0,0,,0,0,Low,2.16
Kuwait,1970,KWT,73.408,-19.276,-17.529,91440.398,,,,,,0,0,,0,0,Low,-17.529
Kuwait,1971,KWT,73.157,-0.342,-0.251,85190.844,,,,,,0,0,,0,0,Low,-0.251
Kuwait,1972,KWT,80.958,10.664,7.801,88595.766,,,,,,0,0,,0,0,Low,7.801
Kuwait,1973,KWT,80.664,-0.363,-0.294,83112.734,,,,,,0,0,,0,0,Low,-0.294
Kuwait,1974,KWT,77.401,-4.045,-3.263,75114.875,,,,,,0,0,,0,0,Low,-3.263
Kuwait,1975,KWT,69.007,-10.845,-8.394,62962.203,,,,,,0,0,,0,0,Low,-8.394
Kuwait,1976,KWT,82.298,19.261,13.292,70412.836,,,,,,0,0,,0,0,Low,13.292
Kuwait,1977,KWT,84.139,2.237,1.841,67460.586,,,,,,0,0,,0,0,Low,1.841
Kuwait,1978,KWT,92.413,9.833,8.274,69531.438,,,,,,0,0,,0,0,Low,8.274
Kuwait,1979,KWT,112.727,21.982,20.314,79819.484,,,,,,0,0,,0,0,Low,20.314
Kuwait,1980,KWT,84.724,-24.842,-28.003,56714.023,,,,,,0,0,,0,0,Low,-28.003
Kuwait,1981,KWT,108.709,28.309,23.985,69107.875,,,,,,0,0,,0,0,Low,23.985
Kuwait,1982,KWT,106.922,-1.643,-1.786,64686.594,,,,,,0,0,,0,0,Low,-1.786
Kuwait,1983,KWT,118.033,10.392,11.111,67990.109,,,,,,0,0,,0,0,Low,11.111
Kuwait,1984,KWT,125.782,6.565,7.749,69339.758,,,,,,0,0,,0,0,Low,7.749
Kuwait,1985,KWT,120.555,-4.156,-5.227,63820.133,,,,,,0,0,,0,0,Low,-5.227
Kuwait,1986,KWT,138.048,14.511,17.493,70143.227,,,,,,0,0,,0,0,Low,17.493
Kuwait,1987,KWT,127.516,-7.629,-10.532,62249.031,,,,,,0,0,,0,0,Low,-10.532
Kuwait,1988,KWT,143.994,12.922,16.477,67629.32,,,,,,0,0,,0,0,Low,16.477
Kuwait,1989,KWT,155.05,7.679,11.057,70157.953,,,,,,0,0,,0,0,Low,11.057
Kuwait,1990,KWT,91.493,-40.992,-63.558,54624.383,,,,,,0,0,,0,0,Low,-63.558
Kuwait,1991,KWT,46.121,-49.591,-45.372,34431.148,,,,,,0,0,,0,0,Low,-45.372
Kuwait,1992,KWT,81.675,77.09,35.555,50396.949,,,,,,0,0,,0,0,Low,35.555
Kuwait,1993,KWT,100.173,22.648,18.498,60576.812,,,,,,0,0,,0,0,Low,18.498
Kuwait,1994,KWT,116.934,16.733,16.762,71253.164,,,,,,0,0,,0,0,Low,16.762
Kuwait,1995,KWT,150.55,28.747,33.615,90954.094,,,,,,0,0,,0,0,Low,33.615
Kuwait,1996,KWT,149.02,-1.016,-1.53,87488.125,,,,,,0,0,,0,0,Low,-1.53
Kuwait,1997,KWT,155.051,4.047,6.031,88023.633,,,,,,0,0,,0,0,Low,6.031
Kuwait,1998,KWT,190.984,23.175,35.932,104961.883,,,,,,0,0,,0,0,Low,35.932
Kuwait,1999,KWT,198.265,3.813,7.281,105604.359,,,,,,0,0,,0,0,Low,7.281
Kuwait,2000,KWT,211.943,6.899,13.678,109536.43,,,109536.438,,,,,,0,0,Low,13.678
Kuwait,2001,KWT,214.305,1.115,2.362,107600.5,1.115,2.362,107600.5,,,,,,0,0,Low,2.362
Kuwait,2002,KWT,226.83,5.844,12.524,110790.906,5.844,12.524,110790.906,,,,,,0,0,Low,12.524
Kuwait,2003,KWT,271.091,19.513,44.261,128997.898,19.513,44.261,128997.898,,,,,,0,0,Low,44.261
Kuwait,2004,KWT,302.865,11.721,31.775,140639.594,11.721,31.775,140639.594,,,,,,0,0,Low,31.775
Kuwait,2005,KWT,334.093,10.311,31.228,149455.031,10.311,31.228,149455.016,,,,,,0,0,Low,31.228
Kuwait,2006,KWT,321.131,-3.88,-12.963,135875.531,-3.88,-12.963,135875.531,,,,,,0,0,Low,-12.963
Kuwait,2007,KWT,311.961,-2.855,-9.17,124447.078,-2.855,-9.17,124447.086,,,,,,0,0,Low,-9.17
Kuwait,2008,KWT,337.758,8.27,25.798,127410.773,8.27,25.798,127410.766,,,,,,0,0,Low,25.798
Kuwait,2009,KWT,342.904,1.523,5.146,122660.586,1.524,5.146,122660.586,,,,,,0,0,Low,5.146
Kuwait,2010,KWT,392.964,14.599,50.06,133508.5,14.599,50.06,133508.5,,,,,,0,0,Low,50.06
Kuwait,2011,KWT,394.17,0.307,1.206,125379.164,0.307,1.206,125379.156,,,,,,0,0,Low,1.206
Kuwait,2012,KWT,397.862,0.936,3.691,117201.984,0.937,3.691,117201.992,,,,,,0,0,Low,3.691
Kuwait,2013,KWT,424.328,6.652,26.466,116365.086,6.652,26.465,116364.945,,,,,,0,0,Low,26.466
Kuwait,2014,KWT,413.653,-2.516,-10.674,109967.672,-2.518,-10.683,109965.305,,,,,,0,0,Low,-10.674
Kuwait,2015,KWT,444.583,7.477,30.929,113740.477,7.476,30.924,113736.977,,,,,,0,0,Low,30.929
Kuwait,2016,KWT,442.969,-0.363,-1.614,109426.57,-0.389,-1.731,109394.281,,,,,,0,0,Low,-1.614
Kuwait,2017,KWT,445.476,0.566,2.507,107996.656,0.564,2.496,107962.328,,,,,,0,0,Low,2.507
Kuwait,2018,KWT,459.946,3.248,14.47,106538.172,3.248,14.465,106504.359,,,,,,0,0,Low,14.47
Kuwait,2019,KWT,420.261,-8.628,-39.684,94629.836,-8.635,-39.702,94592.938,,,,,,0,0,Low,-39.684
Kuwait,2020,KWT,397.881,-5.325,-22.38,91247.703,-5.328,-22.383,91209.484,,,,,,0,0,Low,-22.38
Kuwait,2021,KWT,424.15,6.602,26.269,99797.43,6.506,25.876,99665.633,,,,,,0,0,Low,26.269
Kuwait,2022,KWT,432.4,1.945,8.25,101291.062,1.97,8.343,101181.68,,,,,,0,0,Low,8.25
Kuwait,2023,KWT,438.113,1.321,5.713,101647.75,1.332,5.753,101548.734,,,,,,0,0,Low,5.713
Kyrgyzstan,1992,KGZ,82.738,,,18381.018,,,,,,,,,0,0,Low,0
Kyrgyzstan,1993,KGZ,72.467,-12.413,-10.27,16076.551,,,,,,,,,0,0,Low,-10.27
Kyrgyzstan,1994,KGZ,64.11,-11.532,-8.357,14149.494,,,,,,,,,0,0,Low,-8.357
Kyrgyzstan,1995,KGZ,54.608,-14.822,-9.502,11880.359,,,,,,,,,0,0,Low,-9.502
Kyrgyzstan,1996,KGZ,67.995,24.516,13.387,14570.59,,,,,,,,,0,0,Low,13.387
Kyrgyzstan,1997,KGZ,64.12,-5.699,-3.875,13532.085,,,,,,,,,0,0,Low,-3.875
Kyrgyzstan,1998,KGZ,64.351,0.359,0.23,13377.348,,,,,,,,,0,0,Low,0.23
Kyrgyzstan,1999,KGZ,69.226,7.577,4.876,14188.851,,,,,,,,,0,0,Low,4.876
Kyrgyzstan,2000,KGZ,69.966,1.069,0.74,14177.031,,,,,,,,,0,0,Low,0.74
Kyrgyzstan,2001,KGZ,66.388,-5.114,-3.578,13327.09,,,,,,,,,0,0,Low,-3.578
Kyrgyzstan,2002,KGZ,56.687,-14.612,-9.701,11277.386,,,,,,,,,0,0,Low,-9.701
Kyrgyzstan,2003,KGZ,59.906,5.677,3.218,11796.489,,,,,,,,,0,0,Low,3.218
Kyrgyzstan,2004,KGZ,61.144,2.066,1.238,11902.486,,,,,,,,,0,0,Low,1.238
Kyrgyzstan,2005,KGZ,57.57,-5.844,-3.573,11085.9,,,,,,,,,0,0,Low,-3.573
Kyrgyzstan,2006,KGZ,58.669,1.908,1.099,11181.869,,,,,,,,,0,0,Low,1.099
Kyrgyzstan,2007,KGZ,64.386,9.745,5.717,12160.274,,,,,,,,,0,0,Low,5.717
Kyrgyzstan,2008,KGZ,61.474,-4.523,-2.912,11500.209,,,,,,,,,0,0,Low,-2.912
Kyrgyzstan,2009,KGZ,62.067,0.965,0.593,11463.955,,,,,,,,,0,0,Low,0.593
Kyrgyzstan,2010,KGZ,59.424,-4.259,-2.643,10836.261,,,,,,,,,0,0,Low,-2.643
Kyrgyzstan,2011,KGZ,67.648,13.841,8.225,12183.774,,,,,,,,,0,0,Low,8.225
Kyrgyzstan,2012,KGZ,76.529,13.128,8.881,13588.381,,,,,,,,,0,0,Low,8.881
Kyrgyzstan,2013,KGZ,71.866,-6.093,-4.663,12564.967,,,,,,,,,0,0,Low,-4.663
Kyrgyzstan,2014,KGZ,73.128,1.756,1.262,12576.968,,,,,,,,,0,0,Low,1.262
Kyrgyzstan,2015,KGZ,65.64,-10.24,-7.488,11097.164,,,,,,,,,0,0,Low,-7.488
Kyrgyzstan,2016,KGZ,66.994,2.063,1.354,11131.658,,,,,,,,,0,0,Low,1.354
Kyrgyzstan,2017,KGZ,69.386,3.571,2.392,11335.21,,,,,,,,,0,0,Low,2.392
Kyrgyzstan,2018,KGZ,73.306,5.651,3.921,11778.976,,,,,,,,,0,0,Low,3.921
Kyrgyzstan,2019,KGZ,66.918,-8.715,-6.389,10582.124,,,,,,,,,0,0,Low,-6.389
Kyrgyzstan,2020,KGZ,67.075,0.235,0.157,10439.837,,,,,,,,,0,0,Low,0.157
Kyrgyzstan,2021,KGZ,60.542,-9.739,-6.532,9274.61,,,,,,,,,0,0,Low,-6.532
Laos,1980,LAO,3.799,,,1151.93,,,,,,,,,0,0,Low,0
Laos,1981,LAO,3.293,-13.305,-0.505,976.895,,,,,,,,,0,0,Low,-0.505
Laos,1982,LAO,3.378,2.585,0.085,978.149,,,,,,,,,0,0,Low,0.085
Laos,1983,LAO,3.154,-6.647,-0.225,889.898,,,,,,,,,0,0,Low,-0.225
Laos,1984,LAO,2.82,-10.566,-0.333,774.862,,,,,,,,,0,0,Low,-0.333
Laos,1985,LAO,2.716,-3.708,-0.105,725.857,,,,,,,,,0,0,Low,-0.105
Laos,1986,LAO,2.8,3.108,0.084,727.649,,,,,,,,,0,0,Low,0.084
Laos,1987,LAO,2.212,-20.994,-0.588,558.722,,,,,,,,,0,0,Low,-0.588
Laos,1988,LAO,2.082,-5.901,-0.131,510.879,,,,,,,,,0,0,Low,-0.131
Laos,1989,LAO,2.643,26.961,0.561,630.276,,,,,,,,,0,0,Low,0.561
Laos,1990,LAO,2.983,12.863,0.34,691.415,,,,,,,,,0,0,Low,0.34
Laos,1991,LAO,3.247,8.849,0.264,731.769,,,,,,,,,0,0,Low,0.264
Laos,1992,LAO,3.239,-0.253,-0.008,710.095,,,,,,,,,0,0,Low,-0.008
Laos,1993,LAO,3.332,2.873,0.093,711.136,,,,,,,,,0,0,Low,0.093
Laos,1994,LAO,3.314,-0.54,-0.018,689.249,,,,,,,,,0,0,Low,-0.018
Laos,1995,LAO,3.923,18.381,0.609,796.157,,,,,,,,,0,0,Low,0.609
Laos,1996,LAO,4.474,14.034,0.551,886.924,,,,,,,,,0,0,Low,0.551
Laos,1997,LAO,4.533,1.33,0.06,880.117,,,,,,,,,0,0,Low,0.06
Laos,1998,LAO,5.771,27.313,1.238,1099.924,,,,,,,,,0,0,Low,1.238
Laos,1999,LAO,6.823,18.218,1.051,1277.631,,,,,,,,,0,0,Low,1.051
Laos,2000,LAO,11.333,66.107,4.51,2086.755,,,,,,,,,0,0,Low,4.51
Laos,2001,LAO,12.043,6.268,0.71,2181.866,,,,,,,,,0,0,Low,0.71
Laos,2002,LAO,11.978,-0.542,-0.065,2136.59,,,,,,,,,0,0,Low,-0.065
Laos,2003,LAO,11.678,-2.5,-0.299,2052.788,,,,,,,,,0,0,Low,-0.299
Laos,2004,LAO,12.114,3.728,0.435,2100.121,,,,,,,,,0,0,Low,0.435
Laos,2005,LAO,14.007,15.63,1.893,2393.181,,,,,,,,,0,0,Low,1.893
Laos,2006,LAO,15.86,13.23,1.853,2667.142,,,,,,,,,0,0,Low,1.853
Laos,2007,LAO,15.56,-1.895,-0.301,2575.56,,,,,,,,,0,0,Low,-0.301
Laos,2008,LAO,17.63,13.305,2.07,2873.281,,,,,,,,,0,0,Low,2.07
Laos,2009,LAO,18.506,4.967,0.876,2970.468,,,,,,,,,0,0,Low,0.876
Laos,2010,LAO,29.25,58.06,10.744,4625.693,,,,,,,,,0,0,Low,10.744
Laos,2011,LAO,38.48,31.554,9.23,5997.188,,,,,,,,,0,0,Low,9.23
Laos,2012,LAO,40.124,4.273,1.644,6164.582,,,,,,,,,0,0,Low,1.644
Laos,2013,LAO,47.307,17.903,7.183,7166.971,,,,,,,,,0,0,Low,7.183
Laos,2014,LAO,48.082,1.637,0.774,7185.512,,,,,,,,,0,0,Low,0.774
Laos,2015,LAO,70.626,46.889,22.545,10405.498,,,,,,,,,0,0,Low,22.545
Laos,2016,LAO,120.129,70.09,49.502,17431.762,,,,,,,,,0,0,Low,49.502
Laos,2017,LAO,121.922,1.493,1.794,17422.662,,,,,,,,,0,0,Low,1.794
Laos,2018,LAO,126.884,4.069,4.961,17858.32,,,,,,,,,0,0,Low,4.961
Laos,2019,LAO,131.633,3.743,4.749,18251.771,,,,,,,,,0,0,Low,4.749
Laos,2020,LAO,143.983,9.382,12.35,19671.4,,,,,,,,,0,0,Low,12.35
Laos,2021,LAO,139.941,-2.807,-4.042,18847.086,,,,,,,,,0,0,Low,-4.042
Latvia,1985,LVA,106.289,,,40031.895,,,36714.539,91.713,,,3317.357,8.287,0,0,Low,0
Latvia,1986,LVA,98.769,-7.075,-7.52,37007.707,-7.781,-7.585,33682.977,91.016,0.742,0.065,3324.729,8.984,-0.008643617,-0.864361702,Low,-7.585
Latvia,1987,LVA,90.123,-8.754,-8.646,33604.984,-11.914,-10.71,29526.426,87.863,23.27,2.065,4078.564,12.137,-0.238838769,-23.88387694,Low,-10.711
Latvia,1988,LVA,85.057,-5.621,-5.066,31614.053,-3.79,-3.001,28316.029,89.568,-18.877,-2.065,3298.024,10.432,0.407619424,40.76194236,Low,-3.001
Latvia,1989,LVA,85.037,-0.023,-0.02,31572.461,-2.376,-1.81,27613.287,87.46,20.177,1.79,3959.171,12.54,-89.5,-8950,Low,-1.81
Latvia,1990,LVA,86.466,1.681,1.429,32150.785,-1.616,-1.202,27207.439,84.624,24.673,2.631,4943.345,15.376,1.841147656,184.1147656,High,-1.202
Latvia,1991,LVA,79.68,-7.849,-6.787,29742.604,-4.341,-3.176,26127.73,87.846,-27.157,-3.61,3614.874,12.154,0.531899219,53.18992191,Medium,-3.177
Latvia,1992,LVA,57.035,-28.42,-22.645,21418.381,-29.167,-20.415,18618.945,86.93,-23.023,-2.23,2799.434,13.07,0.098476485,9.847648488,Low,-20.415
Latvia,1993,LVA,49.156,-13.815,-7.879,18627.367,-18.009,-8.929,15404.687,82.699,14.082,1.05,3222.682,17.301,-0.133265643,-13.32656428,Low,-8.929
Latvia,1994,LVA,47.623,-3.118,-1.532,18271.139,-6.89,-2.801,14521.672,79.479,14.917,1.269,3749.466,20.521,-0.828328982,-82.83289817,Low,-2.801
Latvia,1995,LVA,44.568,-6.415,-3.055,17340.705,-5.196,-1.967,13961.649,80.514,-11.135,-1.088,3379.055,19.486,0.35613748,35.61374795,Low,-1.967
Latvia,1996,LVA,41.465,-6.962,-3.103,16361.679,0.219,0.079,14190.277,86.729,-36.636,-3.182,2171.402,13.271,1.025459233,102.5459233,High,0.079
Latvia,1997,LVA,41.772,0.741,0.307,16716.4,-8.141,-2.928,13219.672,79.082,58.786,3.235,3496.726,20.918,10.53745928,1053.745928,High,-2.928
Latvia,1998,LVA,45.462,8.833,3.69,18462.982,-1.031,-0.341,13277.543,71.914,46.125,4.03,5185.439,28.086,1.092140921,109.2140921,High,-0.34
Latvia,1999,LVA,38.594,-15.107,-6.868,15906.265,-6.906,-2.258,12543.885,78.861,-36.105,-4.61,3362.379,21.139,0.671228888,67.12288876,Medium,-2.258
Latvia,2000,LVA,37.754,-2.177,-0.84,15779.984,-3.392,-1.032,12289.738,77.882,2.356,0.192,3490.245,22.118,-0.228571429,-22.85714286,Low,-1.032
Latvia,2001,LVA,40.664,7.708,2.91,17236.137,9.93,2.92,13700.639,79.488,0.531,-0.009,3535.499,20.512,-0.003092784,-0.309278351,Low,2.919
Latvia,2002,LVA,41.022,0.88,0.358,17635.336,4.465,1.443,14516.004,82.312,-12.469,-1.085,3119.333,17.688,-3.030726257,-303.0726257,Low,1.443
Latvia,2003,LVA,40.519,-1.228,-0.504,17660.32,-0.104,-0.035,14701.956,83.249,-5.915,-0.469,2958.365,16.751,0.930555556,93.05555556,Medium,-0.035
Latvia,2004,LVA,45.556,12.431,5.037,20126.611,7.716,2.603,16052.498,79.758,36.698,2.434,4074.112,20.242,0.483224141,48.32241414,Low,2.603
Latvia,2005,LVA,46.958,3.078,1.402,21027.428,2.203,0.8,16628.648,79.081,7.817,0.602,4398.779,20.919,0.429386591,42.93865906,Low,0.8
Latvia,2006,LVA,44.543,-5.141,-2.414,20211.02,-1.539,-0.572,16589.967,82.084,-18.091,-1.843,3621.052,17.916,0.763463132,76.34631317,Medium,-0.571
Latvia,2007,LVA,45.926,3.104,1.383,21105.199,3.64,1.331,17413.949,82.51,0.925,0.052,3691.251,17.49,0.037599422,3.759942155,Low,1.331
Latvia,2008,LVA,46.243,0.69,0.317,21504.193,-1.886,-0.715,17289.344,80.4,13.481,1.031,4214.85,19.6,3.252365931,325.2365931,High,-0.714
Latvia,2009,LVA,43.821,-5.238,-2.422,20609.242,-9.012,-3.35,15909.924,77.198,11.47,0.928,4699.318,22.802,-0.383154418,-38.31544178,Low,-3.35
Latvia,2010,LVA,49.67,13.348,5.849,23635.057,15.998,5.412,18672.34,79.003,9.554,0.437,4962.717,20.997,0.074713626,7.471362626,Low,5.412
Latvia,2011,LVA,44.336,-10.739,-5.334,21346.463,-9.513,-3.733,17095.893,80.088,-14.814,-1.601,4250.57,19.912,0.300149981,30.01499813,Low,-3.733
Latvia,2012,LVA,45.963,3.669,1.627,22381.162,-3.254,-1.155,16727.598,74.74,29.218,2.782,5653.565,25.26,1.709895513,170.9895513,High,-1.155
Latvia,2013,LVA,44.237,-3.755,-1.726,21775.471,-0.666,-0.229,16797.381,77.139,-12.956,-1.497,4978.086,22.861,0.867323291,86.73232908,Medium,-0.229
Latvia,2014,LVA,40.747,-7.888,-3.489,20261.896,-4.302,-1.468,16238.265,80.142,-19.516,-2.021,4023.632,19.858,0.579249069,57.92490685,Medium,-1.468
Latvia,2015,LVA,41.746,2.45,0.998,20957.162,2.828,0.924,16857.516,80.438,0.808,0.075,4099.644,19.562,0.075150301,7.51503006,Low,0.923
Latvia,2016,LVA,44.499,6.596,2.754,22548.604,3.053,1.025,17534.809,77.764,18.305,1.728,5013.796,22.236,0.62745098,62.74509804,Medium,1.026
Latvia,2017,LVA,48.978,10.065,4.479,25054.545,-2.258,-0.781,17302.104,69.058,53.899,5.26,7752.441,30.942,1.174369279,117.4369279,High,-0.781
Latvia,2018,LVA,43.564,-11.053,-5.414,22506.594,-1.394,-0.471,17230.428,76.557,-29.497,-4.942,5276.167,23.443,0.912818618,91.28186184,Medium,-0.472
Latvia,2019,LVA,44.837,2.921,1.273,23394.699,6.414,2.139,18518.146,79.155,-8.407,-0.867,4876.554,20.845,-0.681068342,-68.10683425,Low,2.14
Latvia,2020,LVA,40.858,-8.874,-3.979,21537.639,-14.839,-5.267,15932.275,73.974,16.657,1.288,5605.362,26.026,-0.323699422,-32.3699422,Low,-5.267
Latvia,2021,LVA,42.625,4.325,1.767,22746.469,5.342,1.615,16990.518,74.695,1.678,0.153,5755.948,25.305,0.086587436,8.658743633,Low,1.614
Latvia,2022,LVA,38.475,-9.737,-4.15,20789.912,-12.279,-3.909,15091.688,72.591,-6.597,-0.241,5698.224,27.409,0.058072289,5.807228916,Low,-3.909
Latvia,2023,LVA,40.233,4.568,1.758,21982.455,-1.924,-0.537,14966.555,68.084,22.527,2.295,7015.9,31.916,1.305460751,130.5460751,High,-0.537
Lebanon,1980,LBN,30.269,,,10213.195,,,,,,,,,0,0,Low,0
Lebanon,1981,LBN,28.381,-6.237,-1.888,9375.223,,,,,,,,,0,0,Low,-1.888
Lebanon,1982,LBN,27.245,-4.003,-1.136,8874.151,,,,,,,,,0,0,Low,-1.136
Lebanon,1983,LBN,28.143,3.298,0.899,9058.104,,,,,,,,,0,0,Low,0.899
Lebanon,1984,LBN,26.967,-4.179,-1.176,8524.34,,,,,,,,,0,0,Low,-1.176
Lebanon,1985,LBN,31.285,16.012,4.318,9695.599,,,,,,,,,0,0,Low,4.318
Lebanon,1986,LBN,29.916,-4.377,-1.369,9043.443,,,,,,,,,0,0,Low,-1.369
Lebanon,1987,LBN,31.407,4.984,1.491,9262.154,,,,,,,,,0,0,Low,1.491
Lebanon,1988,LBN,28.349,-9.736,-3.058,8200.101,,,,,,,,,0,0,Low,-3.058
Lebanon,1989,LBN,22.561,-20.417,-5.788,6399.381,,,,,,,,,0,0,Low,-5.788
Lebanon,1990,LBN,20.881,-7.447,-1.68,5810.428,,,,,,,,,0,0,Low,-1.68
Lebanon,1991,LBN,34.384,64.669,13.503,9377.385,,,,,,,,,0,0,Low,13.503
Lebanon,1992,LBN,35.185,2.329,0.801,9394.195,,,,,,,,,0,0,Low,0.801
Lebanon,1993,LBN,44.143,25.46,8.958,11559.439,,,,,,,,,0,0,Low,8.958
Lebanon,1994,LBN,49.709,12.607,5.565,12784.609,,,,,,,,,0,0,Low,5.565
Lebanon,1995,LBN,53.374,7.375,3.666,13479.627,,,,,,,,,0,0,Low,3.666
Lebanon,1996,LBN,56.604,6.051,3.23,14030.888,,,,,,,,,0,0,Low,3.23
Lebanon,1997,LBN,64.812,14.501,8.208,15778.79,,,,,,,,,0,0,Low,8.208
Lebanon,1998,LBN,65.401,0.908,0.588,15650.636,,,,,,,,,0,0,Low,0.588
Lebanon,1999,LBN,67.04,2.506,1.639,15773.97,,,,,,,,,0,0,Low,1.639
Lebanon,2000,LBN,60.606,-9.597,-6.434,14027.069,,,,,,,,,0,0,Low,-6.434
Lebanon,2001,LBN,64.493,6.414,3.887,14693.647,,,,,,,,,0,0,Low,3.887
Lebanon,2002,LBN,65.001,0.787,0.508,14617.907,,,,,,,,,0,0,Low,0.508
Lebanon,2003,LBN,65.766,1.177,0.765,14599.101,,,,,,,,,0,0,Low,0.765
Lebanon,2004,LBN,65.451,-0.479,-0.315,14306.836,,,,,,,,,0,0,Low,-0.315
Lebanon,2005,LBN,62.575,-4.394,-2.876,13477.188,,,,,,,,,0,0,Low,-2.876
Lebanon,2006,LBN,58.008,-7.298,-4.567,12290.246,,,,,,,,,0,0,Low,-4.567
Lebanon,2007,LBN,51.343,-11.49,-6.665,10675.19,,,,,,,,,0,0,Low,-6.665
Lebanon,2008,LBN,66.287,29.105,14.943,13562.222,,,,,,,,,0,0,Low,14.943
Lebanon,2009,LBN,81.972,23.662,15.685,16556.137,,,,,,,,,0,0,Low,15.685
Lebanon,2010,LBN,79.193,-3.39,-2.779,15851.824,,,,,,,,,0,0,Low,-2.779
Lebanon,2011,LBN,79.979,0.993,0.786,15852.878,,,,,,,,,0,0,Low,0.786
Lebanon,2012,LBN,89.541,11.956,9.562,17291.496,,,,,,,,,0,0,Low,9.562
Lebanon,2013,LBN,89.273,-0.299,-0.268,15720.306,,,,,,,,,0,0,Low,-0.268
Lebanon,2014,LBN,91.999,3.053,2.726,14662.743,,,,,,,,,0,0,Low,2.726
Lebanon,2015,LBN,101.518,10.347,9.519,15864.785,,,,,,,,,0,0,Low,9.519
Lebanon,2016,LBN,104.424,2.863,2.906,16684.846,,,,,,,,,0,0,Low,2.906
Lebanon,2017,LBN,111.531,6.806,7.107,18256.084,,,,,,,,,0,0,Low,7.107
Lebanon,2018,LBN,105.197,-5.679,-6.334,17677.684,,,,,,,,,0,0,Low,-6.334
Lebanon,2019,LBN,106.661,1.392,1.464,18447.385,,,,,,,,,0,0,Low,1.464
Lebanon,2020,LBN,103.866,-2.62,-2.795,18341.434,,,,,,,,,0,0,Low,-2.795
Lebanon,2021,LBN,105.318,1.398,1.452,18831.662,,,,,,,,,0,0,Low,1.452
Lesotho,1980,LSO,0.598,,,424.752,,,,,,,,,0,0,Low,0
Lesotho,1981,LSO,0.596,-0.273,-0.002,411.938,,,,,,,,,0,0,Low,-0.002
Lesotho,1982,LSO,0.596,0,0,400.621,,,,,,,,,0,0,Low,0
Lesotho,1983,LSO,0.596,0,0,389.643,,,,,,,,,0,0,Low,0
Lesotho,1984,LSO,0.598,0.274,0.002,380.046,,,,,,,,,0,0,Low,0.002
Lesotho,1985,LSO,0.656,9.699,0.058,405.71,,,,,,,,,0,0,Low,0.058
Lesotho,1986,LSO,0.688,4.89,0.032,414.499,,,,,,,,,0,0,Low,0.032
Lesotho,1987,LSO,0.688,0,0,404.949,,,,,,,,,0,0,Low,0
Lesotho,1988,LSO,0.463,-32.703,-0.225,267.049,,,,,,,,,0,0,Low,-0.225
Lesotho,1989,LSO,0.688,48.595,0.225,389.332,,,,,,,,,0,0,Low,0.225
Lesotho,1990,LSO,0.88,27.906,0.192,489.147,,,,,,,,,0,0,Low,0.192
Lesotho,1991,LSO,0.894,1.591,0.014,488.642,,,,,,,,,0,0,Low,0.014
Lesotho,1992,LSO,0.931,4.118,0.037,500.827,,,,,,,,,0,0,Low,0.037
Lesotho,1993,LSO,0.962,3.328,0.031,510.093,,,,,,,,,0,0,Low,0.031
Lesotho,1994,LSO,1.069,11.167,0.107,559.585,,,,,,,,,0,0,Low,0.107
Lesotho,1995,LSO,1.083,1.309,0.014,560.043,,,,,,,,,0,0,Low,0.014
Lesotho,1996,LSO,1.096,1.208,0.013,560.712,,,,,,,,,0,0,Low,0.013
Lesotho,1997,LSO,1.077,-1.74,-0.019,546.07,,,,,,,,,0,0,Low,-0.019
Lesotho,1998,LSO,0.937,-12.999,-0.14,471.963,,,,,,,,,0,0,Low,-0.14
Lesotho,1999,LSO,1.368,45.927,0.43,685.755,,,,,,,,,0,0,Low,0.43
Lesotho,2000,LSO,2.469,80.565,1.102,1235.516,,,,,,,,,0,0,Low,1.102
Lesotho,2001,LSO,2.502,1.308,0.032,1251.148,,,,,,,,,0,0,Low,0.032
Lesotho,2002,LSO,2.572,2.794,0.07,1287.35,,,,,,,,,0,0,Low,0.07
Lesotho,2003,LSO,2.616,1.723,0.044,1312.488,,,,,,,,,0,0,Low,0.044
Lesotho,2004,LSO,2.625,0.365,0.01,1322.357,,,,,,,,,0,0,Low,0.01
Lesotho,2005,LSO,3.093,17.811,0.468,1564.156,,,,,,,,,0,0,Low,0.468
Lesotho,2006,LSO,3.287,6.267,0.194,1662.715,,,,,,,,,0,0,Low,0.194
Lesotho,2007,LSO,3.972,20.833,0.685,2002.339,,,,,,,,,0,0,Low,0.685
Lesotho,2008,LSO,3.602,-9.313,-0.37,1805.361,,,,,,,,,0,0,Low,-0.37
Lesotho,2009,LSO,4.116,14.29,0.515,2048.805,,,,,,,,,0,0,Low,0.515
Lesotho,2010,LSO,4.4,6.88,0.283,2175.061,,,,,,,,,0,0,Low,0.283
Lesotho,2011,LSO,3.938,-10.49,-0.462,1932.633,,,,,,,,,0,0,Low,-0.462
Lesotho,2012,LSO,4.153,5.448,0.215,2021.036,,,,,,,,,0,0,Low,0.215
Lesotho,2013,LSO,4.237,2.039,0.085,2043.126,,,,,,,,,0,0,Low,0.085
Lesotho,2014,LSO,4.346,2.557,0.108,2074.063,,,,,,,,,0,0,Low,0.108
Lesotho,2015,LSO,4.243,-2.361,-0.103,2002.84,,,,,,,,,0,0,Low,-0.103
Lesotho,2016,LSO,4.593,8.251,0.35,2142.459,,,,,,,,,0,0,Low,0.35
Lesotho,2017,LSO,4.892,6.501,0.299,2253.617,,,,,,,,,0,0,Low,0.299
Lesotho,2018,LSO,4.796,-1.954,-0.096,2182.018,,,,,,,,,0,0,Low,-0.096
Lesotho,2019,LSO,4.872,1.577,0.076,2188.859,,,,,,,,,0,0,Low,0.076
Lesotho,2020,LSO,4.717,-3.181,-0.155,2092.531,,,,,,,,,0,0,Low,-0.155
Lesotho,2021,LSO,4.866,3.162,0.149,2132.814,,,,,,,,,0,0,Low,0.149
Liberia,1980,LBR,9.255,,,4789.747,,,,,,,,,0,0,Low,0
Liberia,1981,LBR,8.554,-7.574,-0.701,4298.986,,,,,,,,,0,0,Low,-0.701
Liberia,1982,LBR,8.597,0.503,0.043,4198.39,,,,,,,,,0,0,Low,0.043
Liberia,1983,LBR,8.578,-0.213,-0.018,4067.199,,,,,,,,,0,0,Low,-0.018
Liberia,1984,LBR,7.66,-10.7,-0.918,3523.348,,,,,,,,,0,0,Low,-0.918
Liberia,1985,LBR,7.752,1.196,0.092,3461.163,,,,,,,,,0,0,Low,0.092
Liberia,1986,LBR,6.125,-20.99,-1.627,2656.239,,,,,,,,,0,0,Low,-1.627
Liberia,1987,LBR,4.8,-21.64,-1.325,2023.015,,,,,,,,,0,0,Low,-1.325
Liberia,1988,LBR,5.974,24.469,1.174,2448.677,,,,,,,,,0,0,Low,1.174
Liberia,1989,LBR,4.992,-16.431,-0.982,1990.878,,,,,,,,,0,0,Low,-0.982
Liberia,1990,LBR,2.402,-51.883,-2.59,1087.078,,,,,,,,,0,0,Low,-2.59
Liberia,1991,LBR,1.353,-43.671,-1.049,697.748,,,,,,,,,0,0,Low,-1.049
Liberia,1992,LBR,1.419,4.861,0.066,691.249,,,,,,,,,0,0,Low,0.066
Liberia,1993,LBR,1.566,10.357,0.147,734.177,,,,,,,,,0,0,Low,0.147
Liberia,1994,LBR,1.566,0,0,736.794,,,,,,,,,0,0,Low,0
Liberia,1995,LBR,1.566,0,0,730.869,,,,,,,,,0,0,Low,0
Liberia,1996,LBR,1.626,3.87,0.061,737.954,,,,,,,,,0,0,Low,0.061
Liberia,1997,LBR,1.622,-0.271,-0.004,680.58,,,,,,,,,0,0,Low,-0.004
Liberia,1998,LBR,1.678,3.464,0.056,635.875,,,,,,,,,0,0,Low,0.056
Liberia,1999,LBR,1.678,0,0,601.566,,,,,,,,,0,0,Low,0
Liberia,2000,LBR,1.891,12.675,0.213,653.12,,,,,,,,,0,0,Low,0.213
Liberia,2001,LBR,2.017,6.656,0.126,676.398,,,,,,,,,0,0,Low,0.126
Liberia,2002,LBR,1.989,-1.354,-0.027,650.026,,,,,,,,,0,0,Low,-0.027
Liberia,2003,LBR,2.179,9.516,0.189,706.213,,,,,,,,,0,0,Low,0.189
Liberia,2004,LBR,2.363,8.477,0.185,756.933,,,,,,,,,0,0,Low,0.185
Liberia,2005,LBR,2.767,17.054,0.403,846.993,,,,,,,,,0,0,Low,0.403
Liberia,2006,LBR,2.834,2.43,0.067,820.099,,,,,,,,,0,0,Low,0.067
Liberia,2007,LBR,2.645,-6.664,-0.189,728.079,,,,,,,,,0,0,Low,-0.189
Liberia,2008,LBR,2.343,-11.403,-0.302,619.287,,,,,,,,,0,0,Low,-0.302
Liberia,2009,LBR,2.139,-8.72,-0.204,547.746,,,,,,,,,0,0,Low,-0.204
Liberia,2010,LBR,3.368,57.445,1.229,837.75,,,,,,,,,0,0,Low,1.229
Liberia,2011,LBR,3.75,11.344,0.382,896.828,,,,,,,,,0,0,Low,0.382
Liberia,2012,LBR,4.159,10.912,0.409,960.112,,,,,,,,,0,0,Low,0.409
Liberia,2013,LBR,3.679,-11.543,-0.48,830.952,,,,,,,,,0,0,Low,-0.48
Liberia,2014,LBR,4.844,31.683,1.166,1071.928,,,,,,,,,0,0,Low,1.166
Liberia,2015,LBR,4.862,0.367,0.018,1054.184,,,,,,,,,0,0,Low,0.018
Liberia,2016,LBR,5.59,14.97,0.728,1187.845,,,,,,,,,0,0,Low,0.728
Liberia,2017,LBR,4.831,-13.572,-0.759,1007.256,,,,,,,,,0,0,Low,-0.759
Liberia,2018,LBR,5.488,13.593,0.657,1122.469,,,,,,,,,0,0,Low,0.657
Liberia,2019,LBR,5.488,-0.004,0,1100.831,,,,,,,,,0,0,Low,0
Liberia,2020,LBR,5.24,-4.51,-0.248,1030.046,,,,,,,,,0,0,Low,-0.248
Liberia,2021,LBR,5.529,5.506,0.289,1064.616,,,,,,,,,0,0,Low,0.289
Libya,1980,LBY,117.741,,,39740.809,,,,,,,,,0,0,Low,0
Libya,1981,LBY,105.442,-10.446,-12.299,33882.121,,,,,,,,,0,0,Low,-12.299
Libya,1982,LBY,104.302,-1.081,-1.14,31940.859,,,,,,,,,0,0,Low,-1.14
Libya,1983,LBY,112.289,7.658,7.988,32798.652,,,,,,,,,0,0,Low,7.988
Libya,1984,LBY,112.446,0.139,0.156,31545.57,,,,,,,,,0,0,Low,0.156
Libya,1985,LBY,123.672,9.983,11.226,33567.043,,,,,,,,,0,0,Low,11.226
Libya,1986,LBY,129.348,4.59,5.676,34037.906,,,,,,,,,0,0,Low,5.676
Libya,1987,LBY,133.002,2.825,3.654,33998.859,,,,,,,,,0,0,Low,3.654
Libya,1988,LBY,136.179,2.389,3.177,33862.105,,,,,,,,,0,0,Low,3.177
Libya,1989,LBY,140.902,3.468,4.723,34116.262,,,,,,,,,0,0,Low,4.723
Libya,1990,LBY,148.89,5.67,7.989,35140.617,,,,,,,,,0,0,Low,7.989
Libya,1991,LBY,155.436,4.396,6.546,35798.496,,,,,,,,,0,0,Low,6.546
Libya,1992,LBY,145.051,-6.682,-10.386,32633.617,,,,,,,,,0,0,Low,-10.386
Libya,1993,LBY,150.268,3.597,5.217,33062.531,,,,,,,,,0,0,Low,5.217
Libya,1994,LBY,155.36,3.388,5.091,33473.332,,,,,,,,,0,0,Low,5.091
Libya,1995,LBY,162.22,4.416,6.86,34273.707,,,,,,,,,0,0,Low,6.86
Libya,1996,LBY,171.446,5.687,9.226,35569.062,,,,,,,,,0,0,Low,9.226
Libya,1997,LBY,180.536,5.302,9.09,36826.414,,,,,,,,,0,0,Low,9.09
Libya,1998,LBY,173.741,-3.764,-6.794,34881.055,,,,,,,,,0,0,Low,-6.794
Libya,1999,LBY,156.842,-9.727,-16.9,31008.641,,,,,,,,,0,0,Low,-16.9
Libya,2000,LBY,212.946,35.771,56.105,41310.375,,,,,,,,,0,0,Low,56.105
Libya,2001,LBY,214.66,0.805,1.714,40686.832,,,,,,,,,0,0,Low,1.714
Libya,2002,LBY,221.283,3.085,6.623,40937.988,,,,,,,,,0,0,Low,6.623
Libya,2003,LBY,218.016,-1.476,-3.267,39334.309,,,,,,,,,0,0,Low,-3.267
Libya,2004,LBY,223.347,2.445,5.331,39269.441,,,,,,,,,0,0,Low,5.331
Libya,2005,LBY,230.981,3.418,7.634,39565.172,,,,,,,,,0,0,Low,7.634
Libya,2006,LBY,211.797,-8.305,-19.184,35456.922,,,,,,,,,0,0,Low,-19.184
Libya,2007,LBY,210.398,-0.661,-1.399,34507.516,,,,,,,,,0,0,Low,-1.399
Libya,2008,LBY,218.432,3.818,8.033,35070.414,,,,,,,,,0,0,Low,8.033
Libya,2009,LBY,249.987,14.446,31.555,39304.934,,,,,,,,,0,0,Low,31.555
Libya,2010,LBY,263.622,5.454,13.635,40607.305,,,,,,,,,0,0,Low,13.635
Libya,2011,LBY,173.02,-34.368,-90.602,27959.967,,,,,,,,,0,0,Low,-90.602
Libya,2012,LBY,215.583,24.6,42.563,36727.043,,,,,,,,,0,0,Low,42.563
Libya,2013,LBY,231.871,7.555,16.288,38740.535,,,,,,,,,0,0,Low,16.288
Libya,2014,LBY,226.453,-2.337,-5.418,37137.059,,,,,,,,,0,0,Low,-5.418
Libya,2015,LBY,180.21,-20.421,-46.244,29102.475,,,,,,,,,0,0,Low,-46.244
Libya,2016,LBY,176.389,-2.12,-3.82,28077.625,,,,,,,,,0,0,Low,-3.82
Libya,2017,LBY,199.04,12.842,22.651,31206.035,,,,,,,,,0,0,Low,22.651
Libya,2018,LBY,205.105,3.047,6.064,31662.736,,,,,,,,,0,0,Low,6.064
Libya,2019,LBY,212.982,3.841,7.877,32421.873,,,,,,,,,0,0,Low,7.877
Libya,2020,LBY,186.527,-12.421,-26.455,28032.594,,,,,,,,,0,0,Low,-26.455
Libya,2021,LBY,190.409,2.081,3.881,28270.334,,,,,,,,,0,0,Low,3.881
Lithuania,1985,LTU,180.693,,,49196.941,,,41556.668,84.47,,,7640.274,15.53,0,0,Low,0
Lithuania,1986,LTU,166.729,-7.728,-13.964,45027.539,-9.879,-15.079,37147.98,82.501,3.984,1.115,7879.561,17.499,-0.079848181,-7.984818104,Low,-15.079
Lithuania,1987,LTU,174.668,4.762,7.939,46802.668,7.26,9.986,39533.145,84.468,-7.017,-2.047,7269.525,15.532,-0.257841038,-25.78410379,Low,9.986
Lithuania,1988,LTU,183.32,4.953,8.652,48813.078,-1.158,-1.709,38830.309,79.549,38.241,10.361,9982.768,20.451,1.197526583,119.7526583,High,-1.709
Lithuania,1989,LTU,198.573,8.32,15.253,52627.348,2.987,4.356,39803.137,75.632,29.102,10.897,12824.212,24.368,0.714416836,71.4416836,Medium,4.356
Lithuania,1990,LTU,196.066,-1.262,-2.507,51789.047,-2.447,-3.674,38699.367,74.725,2.408,1.168,13089.682,25.275,-0.465895493,-46.58954926,Low,-3.675
Lithuania,1991,LTU,206.558,5.352,10.493,54451.609,7.379,10.811,41472.008,76.163,-0.625,-0.318,12979.603,23.837,-0.030305918,-3.030591823,Low,10.811
Lithuania,1992,LTU,131.355,-36.408,-75.204,34605.758,-43.492,-68.422,23420.834,67.679,-13.779,-6.782,11184.928,32.321,0.090181373,9.018137333,Low,-68.422
Lithuania,1993,LTU,103.416,-21.27,-27.939,27297.141,-24.11,-21.434,17807.971,65.237,-15.359,-6.505,9489.171,34.763,0.232828662,23.28286624,Low,-21.434
Lithuania,1994,LTU,89.101,-13.842,-14.315,23631.346,-2.323,-1.567,17477.604,73.959,-35.525,-12.748,6153.743,26.041,0.890534404,89.05344045,Medium,-1.567
Lithuania,1995,LTU,99.369,11.524,10.268,26517.766,-1.787,-1.177,17271.551,65.132,49.485,11.446,9246.217,34.868,1.11472536,111.472536,High,-1.178
Lithuania,1996,LTU,108.301,8.988,8.932,29097.35,4.721,3.055,18209.557,62.582,16.999,5.877,10887.791,37.418,0.657971339,65.7971339,Medium,3.055
Lithuania,1997,LTU,100.435,-7.263,-7.866,27182.041,-3.441,-2.332,17712.062,65.161,-13.66,-5.534,9469.977,34.839,0.703534198,70.35341978,Medium,-2.332
Lithuania,1998,LTU,107.84,7.373,7.405,29420.123,4.13,2.703,18591.426,63.193,13.41,4.702,10828.696,36.807,0.634976367,63.49763673,Medium,2.703
Lithuania,1999,LTU,88.175,-18.236,-19.665,24264.119,-13.471,-9.18,16226.644,66.875,-26.448,-10.485,8037.472,33.125,0.533180778,53.3180778,Medium,-9.18
Lithuania,2000,LTU,78.499,-10.974,-9.676,21807.357,-9.091,-5.361,14892.124,68.289,-14.769,-4.315,6915.234,31.711,0.445948739,44.59487391,Low,-5.361
Lithuania,2001,LTU,90.348,15.095,11.85,25377.686,6.993,3.749,16110.332,63.482,33.468,8.101,9267.355,36.518,0.683628692,68.3628692,Medium,3.749
Lithuania,2002,LTU,97.976,8.443,7.628,27867.475,-0.057,-0.033,16304.228,58.506,24.036,7.661,11563.247,41.494,1.004326167,100.4326167,High,-0.033
Lithuania,2003,LTU,102.23,4.342,4.254,29463.893,1.486,0.852,16766.383,56.905,9.083,3.402,12697.509,43.095,0.799717913,79.97179126,Medium,0.852
Lithuania,2004,LTU,103.367,1.111,1.136,30201.26,3.762,2.189,17636.547,58.397,-1.748,-1.052,12564.712,41.603,-0.926056338,-92.6056338,Low,2.188
Lithuania,2005,LTU,94.338,-8.734,-9.028,27964.188,6.982,4.214,19142.244,68.453,-30.272,-13.243,8821.944,31.547,1.466880815,146.6880815,High,4.215
Lithuania,2006,LTU,89.705,-4.911,-4.633,26995.654,0.052,0.034,19443.82,72.026,-14.069,-4.667,7551.834,27.974,1.007338657,100.7338657,High,0.034
Lithuania,2007,LTU,99.092,10.464,9.387,30280.865,8.546,5.522,21431.418,70.775,18.469,3.865,8849.448,29.225,0.41173964,41.17396399,Low,5.522
Lithuania,2008,LTU,97.826,-1.277,-1.265,30339.549,-2.019,-1.416,21311.561,70.243,1.615,0.151,9027.986,29.756,-0.119367589,-11.93675889,Low,-1.416
Lithuania,2009,LTU,90.027,-7.972,-7.799,28306.137,-15.022,-10.322,18360.207,64.863,8.262,2.523,9945.932,35.137,-0.323503013,-32.35030132,Low,-10.322
Lithuania,2010,LTU,66.198,-26.469,-23.829,21088.777,8.039,4.694,20098.104,95.302,-88.208,-28.523,990.672,4.698,1.196986865,119.6986865,High,4.694
Lithuania,2011,LTU,68.697,3.775,2.499,22161.721,3.091,1.95,20981.492,94.674,14.245,0.549,1180.227,5.326,0.219687875,21.96878752,Low,1.95
Lithuania,2012,LTU,68.632,-0.095,-0.065,22404.16,-0.694,-0.451,21083.963,94.107,15.359,0.386,1320.197,5.893,-5.938461538,-593.8461538,Low,-0.451
Lithuania,2013,LTU,63.416,-7.6,-5.216,20941.715,-9.549,-6.167,19292.094,92.123,16.459,0.951,1649.621,7.877,-0.18232362,-18.23236196,Low,-6.167
Lithuania,2014,LTU,61.205,-3.486,-2.211,20436.076,-3.825,-2.235,18760.172,91.799,2.227,0.024,1675.903,8.201,-0.010854817,-1.085481682,Low,-2.235
Lithuania,2015,LTU,64.112,4.751,2.908,21632.049,4.255,2.391,19764.055,91.365,10.001,0.517,1867.994,8.635,0.17778542,17.77854195,Low,2.391
Lithuania,2016,LTU,65.726,2.518,1.614,22404.107,1.116,0.654,20189.621,90.116,11.588,0.96,2214.488,9.884,0.594795539,59.4795539,Medium,0.654
Lithuania,2017,LTU,69.15,5.209,3.424,23808.359,3.488,2.066,21104.088,88.642,22.322,1.358,2704.271,11.358,0.39661215,39.66121495,Low,2.066
Lithuania,2018,LTU,70.969,2.631,1.819,24675.344,4.302,2.637,22228.857,90.085,-7.748,-0.818,2446.487,9.915,-0.449697636,-44.96976361,Low,2.637
Lithuania,2019,LTU,70.597,-0.525,-0.372,24778.893,-1.586,-1.014,22083.98,89.124,7.467,0.642,2694.912,10.876,-1.725806452,-172.5806452,Low,-1.014
Lithuania,2020,LTU,70.294,-0.429,-0.303,24924.742,-1.46,-0.919,21983.818,88.201,12.808,0.616,2940.926,11.799,-2.0330033,-203.30033,Low,-0.919
Lithuania,2021,LTU,70.149,-0.206,-0.145,25173.395,-0.933,-0.579,22041.352,87.558,8.615,0.434,3132.042,12.442,-2.993103448,-299.3103448,Low,-0.579
Lithuania,2022,LTU,65.066,-7.246,-5.083,23659.957,-9.854,-6.052,20133.789,85.096,7.882,0.969,3526.167,14.904,-0.190635452,-19.06354515,Low,-6.052
Lithuania,2023,LTU,66.322,1.93,1.256,24397.867,-1.138,-0.63,20136.857,82.535,18.314,1.886,4261.007,17.465,1.501592357,150.1592357,High,-0.63
Luxembourg,1965,LUX,41.804,,,126758.461,,,125983.688,99.389,,,774.787,0.611,0,0,Low,0
Luxembourg,1966,LUX,40.057,-4.179,-1.747,120243.195,-4.143,-1.721,119552.977,99.426,-10.014,-0.026,690.208,0.574,0.014882656,1.488265598,Low,-1.721
Luxembourg,1967,LUX,39.451,-1.512,-0.606,117566.5,-1.595,-0.635,116793.188,99.342,12.858,0.03,773.307,0.658,-0.04950495,-4.95049505,Low,-0.636
Luxembourg,1968,LUX,42.669,8.155,3.217,126592.32,8.195,3.212,125805.977,99.379,2.137,0.006,786.338,0.621,0.001865092,0.18650917,Low,3.211
Luxembourg,1969,LUX,45.92,7.619,3.251,135742.5,7.748,3.286,135060.734,99.498,-12.981,-0.034,681.777,0.502,-0.010458321,-1.045832052,Low,3.285
Luxembourg,1970,LUX,47.681,3.836,1.761,140505.875,3.802,1.737,139754.656,99.465,10.535,0.024,751.233,0.535,0.01362862,1.36286201,Low,1.737
Luxembourg,1971,LUX,45.845,-3.852,-1.837,134056.188,-3.639,-1.726,133634.828,99.686,-43.478,-0.111,421.353,0.314,0.060424605,6.042460533,Low,-1.726
Luxembourg,1972,LUX,47.275,3.12,1.43,136599.328,3.073,1.404,136108.359,99.641,17.919,0.026,490.964,0.359,0.018181818,1.818181818,Low,1.404
Luxembourg,1973,LUX,50.116,6.01,2.841,143516.438,6.074,2.861,143086.844,99.701,-11.71,-0.02,429.603,0.299,-0.007039775,-0.703977473,Low,2.861
Luxembourg,1974,LUX,50.894,1.553,0.778,144833.125,1.414,0.707,144202.516,99.565,47.713,0.072,630.608,0.435,0.092544987,9.254498715,Low,0.706
Luxembourg,1975,LUX,42.276,-16.933,-8.618,119533.805,-16.947,-8.588,118992.508,99.547,-13.603,-0.03,541.317,0.453,0.003481086,0.34810861,Low,-8.588
Luxembourg,1976,LUX,42.343,0.158,0.067,118974.055,0.327,0.138,118635.125,99.715,-36.993,-0.071,338.936,0.285,-1.059701493,-105.9701493,Low,0.138
Luxembourg,1977,LUX,39.522,-6.662,-2.821,110312.898,-7.044,-2.974,109548.141,99.307,124.604,0.153,764.76,0.693,-0.054236086,-5.423608649,Low,-2.974
Luxembourg,1978,LUX,41.118,4.037,1.596,113875.422,4.078,1.6,113130.203,99.346,-1.986,-0.005,745.221,0.654,-0.003132832,-0.313283208,Low,1.601
Luxembourg,1979,LUX,42.264,2.789,1.147,116450.016,2.75,1.123,115644.008,99.308,8.742,0.023,806.004,0.692,0.02005231,2.005231037,Low,1.124
Luxembourg,1980,LUX,38.961,-7.815,-3.303,107111.32,-7.895,-3.314,106278.602,99.223,3.672,0.01,832.725,0.777,-0.003027551,-0.302755071,Low,-3.313
Luxembourg,1981,LUX,33.323,-14.472,-5.639,91424.156,-14.656,-5.666,90518.492,99.009,8.85,0.027,905.664,0.991,-0.004788083,-0.478808299,Low,-5.666
Luxembourg,1982,LUX,31.22,-6.309,-2.102,85528.891,-6.279,-2.072,84708.266,99.041,-9.376,-0.031,820.62,0.959,0.014747859,1.474785918,Low,-2.071
Luxembourg,1983,LUX,29.185,-6.52,-2.035,79860.547,-6.562,-2.029,79058.812,98.996,-2.14,-0.007,801.74,1.004,0.003439803,0.343980344,Low,-2.028
Luxembourg,1984,LUX,31.444,7.741,2.259,85962.672,7.744,2.237,85102.383,98.999,7.341,0.022,860.285,1.001,0.009738822,0.973882249,Low,2.237
Luxembourg,1985,LUX,32.288,2.684,0.844,88105.492,2.877,0.895,87387.023,99.185,-16.488,-0.051,718.471,0.815,-0.06042654,-6.042654028,Low,0.895
Luxembourg,1986,LUX,31.564,-2.242,-0.724,85730.359,-2.403,-0.77,84891.531,99.022,17.669,0.046,838.825,0.978,-0.063535912,-6.35359116,Low,-0.77
Luxembourg,1987,LUX,29.831,-5.489,-1.733,80508.82,-5.727,-1.79,79520.609,98.773,18.421,0.057,988.209,1.227,-0.032890941,-3.289094057,Low,-1.79
Luxembourg,1988,LUX,30.572,2.482,0.74,81866.492,2.584,0.761,80941.641,98.87,-5.825,-0.021,924.858,1.13,-0.028378378,-2.837837838,Low,0.761
Luxembourg,1989,LUX,35.117,14.867,4.545,93158.375,15.293,4.623,92447.875,99.237,-22.533,-0.078,710.501,0.763,-0.017161716,-1.716171617,Low,4.623
Luxembourg,1990,LUX,37.151,5.793,2.034,97439.531,5.897,2.055,96791.938,99.335,-7.364,-0.021,647.584,0.665,-0.010324484,-1.032448378,Low,2.055
Luxembourg,1991,LUX,39.929,7.476,2.777,103333.906,7.401,2.731,102575.625,99.266,18.752,0.046,758.275,0.734,0.016564638,1.65646381,Low,2.731
Luxembourg,1992,LUX,40.043,0.286,0.114,102274.273,0.41,0.163,101649.633,99.389,-16.541,-0.048,624.64,0.611,-0.421052632,-42.10526316,Low,0.162
Luxembourg,1993,LUX,40.569,1.314,0.526,102264.531,1.32,0.525,101646.734,99.396,-0.071,0.001,617.794,0.604,0.001901141,0.190114068,Low,0.525
Luxembourg,1994,LUX,39.01,-3.842,-1.559,97028.688,-4.007,-1.616,96276.445,99.225,23.703,0.057,752.245,0.775,-0.036561899,-3.656189865,Low,-1.616
Luxembourg,1995,LUX,33.935,-13.011,-5.076,83246.695,-13.164,-5.096,82455.703,99.05,6.344,0.02,790.995,0.95,-0.00394011,-0.394011032,Low,-5.096
Luxembourg,1996,LUX,34.899,2.843,0.965,84460.578,3.155,1.06,83911.867,99.35,-29.811,-0.096,548.721,0.65,-0.099481865,-9.948186528,Low,1.061
Luxembourg,1997,LUX,34.159,-2.122,-0.741,81638.43,-2.372,-0.822,80901.578,99.097,36.411,0.082,736.855,0.903,-0.110661269,-11.06612686,Low,-0.823
Luxembourg,1998,LUX,32.988,-3.428,-1.171,77878.609,-3.81,-1.29,76870.375,98.705,39.01,0.119,1008.23,1.295,-0.101622545,-10.16225448,Low,-1.29
Luxembourg,1999,LUX,34.86,5.675,1.872,81191.305,5.94,1.934,80341.789,98.954,-14.831,-0.062,849.52,1.046,-0.033119658,-3.311965812,Low,1.934
Luxembourg,2000,LUX,37.204,6.726,2.345,85402.43,6.376,2.199,84232.094,98.63,40.04,0.145,1170.329,1.37,0.061833689,6.18336887,Low,2.2
Luxembourg,2001,LUX,39.867,7.156,2.662,90348.625,7.285,2.673,89217.242,98.748,-1.728,-0.011,1131.374,1.252,-0.004132231,-0.41322314,Low,2.673
Luxembourg,2002,LUX,43.582,9.32,3.715,97735.352,9.566,3.766,96728.547,98.97,-9.784,-0.05,1006.813,1.03,-0.01345895,-1.34589502,Low,3.765
Luxembourg,2003,LUX,45.704,4.868,2.122,101260.219,4.988,2.151,100331.242,99.083,-6.707,-0.03,928.972,0.917,-0.014137606,-1.413760603,Low,2.152
Luxembourg,2004,LUX,51.78,13.294,6.076,113106.156,13.071,5.919,111848.383,98.888,38.326,0.157,1257.781,1.112,0.025839368,2.583936801,Low,5.919
Luxembourg,2005,LUX,52.553,1.493,0.773,113049.227,1.436,0.735,111728.898,98.832,7.079,0.038,1320.326,1.168,0.04915912,4.915912031,Low,0.735
Luxembourg,2006,LUX,51.627,-1.763,-0.926,109285.398,-1.984,-1.031,107765.383,98.609,17.497,0.104,1520.019,1.391,-0.112311015,-11.23110151,Low,-1.03
Luxembourg,2007,LUX,50.126,-2.907,-1.501,104455.211,-4.057,-2.065,101783.078,97.442,215.9,0.564,2672.129,2.558,-0.3757495,-37.57495003,Low,-2.065
Luxembourg,2008,LUX,49.761,-0.728,-0.365,101834.57,-0.837,-0.409,99120.562,97.335,1.611,0.044,2714.002,2.665,-0.120547945,-12.05479452,Low,-0.409
Luxembourg,2009,LUX,47.593,-4.356,-2.168,95591.977,-4.322,-2.094,93077.453,97.37,-6.07,-0.074,2514.527,2.63,0.034132841,3.413284133,Low,-2.094
Luxembourg,2010,LUX,50.116,5.301,2.523,98832.992,5.442,2.522,96361.93,97.5,0.198,0.001,2471.057,2.5,0.000396354,0.039635355,Low,2.522
Luxembourg,2011,LUX,48.821,-2.583,-1.295,94211.609,-2.637,-1.289,91805.047,97.446,4.381,-0.006,2406.563,2.554,0.004633205,0.463320463,Low,-1.289
Luxembourg,2012,LUX,47.953,-1.778,-0.868,90375.617,-2.213,-1.053,87676.82,97.014,10.131,0.185,2698.796,2.986,-0.213133641,-21.31336406,Low,-1.053
Luxembourg,2013,LUX,45.692,-4.714,-2.261,84137.461,-5.378,-2.502,81055.984,96.338,16.148,0.241,3081.481,3.662,-0.106590004,-10.65900044,Low,-2.502
Luxembourg,2014,LUX,44.274,-3.104,-1.418,79619.141,-3.805,-1.675,76148.305,95.641,20.591,0.257,3470.835,4.359,-0.181241185,-18.12411848,Low,-1.675
Luxembourg,2015,LUX,43.034,-2.8,-1.24,75576.625,-3.482,-1.475,71774.781,94.97,14.885,0.235,3801.843,5.03,-0.189516129,-18.9516129,Low,-1.475
Luxembourg,2016,LUX,42.459,-1.337,-0.575,72784.555,-1.756,-0.718,68829.227,94.566,6.983,0.143,3955.322,5.434,-0.248695652,-24.86956522,Low,-0.718
Luxembourg,2017,LUX,44.355,4.465,1.896,74384.773,3.07,1.233,69403.672,93.304,28.142,0.663,4981.101,6.696,0.349683544,34.96835443,Low,1.233
Luxembourg,2018,LUX,46.431,4.681,2.076,76376.742,4.181,1.73,70922.484,92.859,10.145,0.346,5454.256,7.141,0.166666667,16.66666667,Low,1.73
Luxembourg,2019,LUX,47.288,1.846,0.857,76273.703,0.995,0.429,70234.883,92.083,10.288,0.428,6038.826,7.917,0.499416569,49.94165694,Low,0.429
Luxembourg,2020,LUX,40.541,-14.269,-6.747,64309.535,-17.017,-7.41,57319.543,89.131,14.097,0.663,6989.995,10.869,-0.098265896,-9.826589595,Low,-7.41
Luxembourg,2021,LUX,43.215,6.597,2.674,67594.57,7.428,2.684,60717.129,89.825,-1.342,-0.01,6877.443,10.175,-0.003739716,-0.373971578,Low,2.684
Luxembourg,2022,LUX,38.764,-10.301,-4.452,59857.266,-11.295,-4.384,53171.402,88.83,-3.049,-0.067,6685.864,11.17,0.015049416,1.504941599,Low,-4.385
Luxembourg,2023,LUX,37.546,-3.142,-1.218,57341.914,-3.774,-1.3,50604.398,88.25,3.974,0.082,6737.517,11.75,-0.067323481,-6.732348112,Low,-1.3
Macao,1980,MAC,2.021,,,8237.567,,,,,,,,,0,0,Low,0
Macao,1981,MAC,1.952,-3.39,-0.069,7850.567,,,,,,,,,0,0,Low,-0.069
Macao,1982,MAC,2.078,6.452,0.126,8096.87,,,,,,,,,0,0,Low,0.126
Macao,1983,MAC,2.897,39.394,0.819,10881.221,,,,,,,,,0,0,Low,0.819
Macao,1984,MAC,3.183,9.856,0.286,11506.683,,,,,,,,,0,0,Low,0.286
Macao,1985,MAC,2.629,-17.39,-0.553,9138.74,,,,,,,,,0,0,Low,-0.553
Macao,1986,MAC,3.758,42.928,1.129,12547.931,,,,,,,,,0,0,Low,1.129
Macao,1987,MAC,4.091,8.871,0.333,13121.109,,,,,,,,,0,0,Low,0.333
Macao,1988,MAC,3.979,-2.741,-0.112,12263.211,,,,,,,,,0,0,Low,-0.112
Macao,1989,MAC,4.238,6.492,0.258,12561.806,,,,,,,,,0,0,Low,0.258
Macao,1990,MAC,4.47,5.48,0.232,12762.234,,,,,,,,,0,0,Low,0.232
Macao,1991,MAC,4.405,-1.442,-0.064,12156.421,,,,,,,,,0,0,Low,-0.064
Macao,1992,MAC,4.556,3.421,0.151,12235.194,,,,,,,,,0,0,Low,0.151
Macao,1993,MAC,5.001,9.759,0.445,13134.948,,,,,,,,,0,0,Low,0.445
Macao,1994,MAC,5.338,6.737,0.337,13728.948,,,,,,,,,0,0,Low,0.337
Macao,1995,MAC,5.528,3.561,0.19,13935.989,,,,,,,,,0,0,Low,0.19
Macao,1996,MAC,6.107,10.472,0.579,15103.862,,,,,,,,,0,0,Low,0.579
Macao,1997,MAC,6.262,2.542,0.155,15209.331,,,,,,,,,0,0,Low,0.155
Macao,1998,MAC,6.692,6.871,0.43,15979.731,,,,,,,,,0,0,Low,0.43
Macao,1999,MAC,7.106,6.19,0.414,16700.1,,,,,,,,,0,0,Low,0.414
Macao,2000,MAC,6.901,-2.89,-0.205,15977.812,,,,,,,,,0,0,Low,-0.205
Macao,2001,MAC,7.109,3.012,0.208,16188.216,,,,,,,,,0,0,Low,0.208
Macao,2002,MAC,7.658,7.723,0.549,17029.461,,,,,,,,,0,0,Low,0.549
Macao,2003,MAC,7.861,2.661,0.204,16996.396,,,,,,,,,0,0,Low,0.204
Macao,2004,MAC,9.338,18.785,1.477,19637.254,,,,,,,,,0,0,Low,1.477
Macao,2005,MAC,9.595,2.747,0.257,19636.117,,,,,,,,,0,0,Low,0.257
Macao,2006,MAC,10.218,6.492,0.623,20359.129,,,,,,,,,0,0,Low,0.623
Macao,2007,MAC,10.461,2.385,0.244,20300.041,,,,,,,,,0,0,Low,0.244
Macao,2008,MAC,9.314,-10.971,-1.148,17604.602,,,,,,,,,0,0,Low,-1.148
Macao,2009,MAC,9.939,6.715,0.625,18303.113,,,,,,,,,0,0,Low,0.625
Macao,2010,MAC,10.255,3.178,0.316,18400.9,,,,,,,,,0,0,Low,0.316
Macao,2011,MAC,10.314,0.578,0.059,18063.021,,,,,,,,,0,0,Low,0.059
Macao,2012,MAC,10.392,0.758,0.078,17832.598,,,,,,,,,0,0,Low,0.078
Macao,2013,MAC,10.539,1.413,0.147,17761.412,,,,,,,,,0,0,Low,0.147
Macao,2014,MAC,11.388,8.056,0.849,18849.732,,,,,,,,,0,0,Low,0.849
Macao,2015,MAC,12.959,13.795,1.571,21063.752,,,,,,,,,0,0,Low,1.571
Macao,2016,MAC,12.785,-1.342,-0.174,20401.303,,,,,,,,,0,0,Low,-0.174
Macao,2017,MAC,15.746,23.16,2.961,24657.23,,,,,,,,,0,0,Low,2.961
Macao,2018,MAC,14.942,-5.11,-0.805,22952.039,,,,,,,,,0,0,Low,-0.805
Macao,2019,MAC,15.28,2.263,0.338,23023.588,,,,,,,,,0,0,Low,0.338
Macao,2020,MAC,13.965,-8.607,-1.315,20649.154,,,,,,,,,0,0,Low,-1.315
Macao,2021,MAC,14.693,5.217,0.729,21399.566,,,,,,,,,0,0,Low,0.729
Madagascar,1980,MDG,5.516,,,616.388,,,,,,,,,0,0,Low,0
Madagascar,1981,MDG,4.913,-10.919,-0.602,533.629,,,,,,,,,0,0,Low,-0.602
Madagascar,1982,MDG,4.517,-8.076,-0.397,476.878,,,,,,,,,0,0,Low,-0.397
Madagascar,1983,MDG,5.82,28.853,1.303,597.495,,,,,,,,,0,0,Low,1.303
Madagascar,1984,MDG,5.821,0.03,0.002,581.265,,,,,,,,,0,0,Low,0.002
Madagascar,1985,MDG,6.171,6.004,0.349,599.246,,,,,,,,,0,0,Low,0.349
Madagascar,1986,MDG,4.376,-29.078,-1.794,413.327,,,,,,,,,0,0,Low,-1.794
Madagascar,1987,MDG,6.062,38.505,1.685,556.598,,,,,,,,,0,0,Low,1.685
Madagascar,1988,MDG,6.603,8.937,0.542,589.228,,,,,,,,,0,0,Low,0.542
Madagascar,1989,MDG,4.957,-24.925,-1.646,429.709,,,,,,,,,0,0,Low,-1.646
Madagascar,1990,MDG,4.897,-1.218,-0.06,412.116,,,,,,,,,0,0,Low,-0.06
Madagascar,1991,MDG,5.073,3.595,0.176,414.293,,,,,,,,,0,0,Low,0.176
Madagascar,1992,MDG,5.491,8.237,0.418,434.989,,,,,,,,,0,0,Low,0.418
Madagascar,1993,MDG,5.551,1.089,0.06,426.326,,,,,,,,,0,0,Low,0.06
Madagascar,1994,MDG,6.035,8.719,0.484,449.147,,,,,,,,,0,0,Low,0.484
Madagascar,1995,MDG,6.333,4.939,0.298,456.614,,,,,,,,,0,0,Low,0.298
Madagascar,1996,MDG,6.513,2.839,0.18,454.874,,,,,,,,,0,0,Low,0.18
Madagascar,1997,MDG,6.664,2.32,0.151,450.897,,,,,,,,,0,0,Low,0.151
Madagascar,1998,MDG,6.77,1.589,0.106,443.885,,,,,,,,,0,0,Low,0.106
Madagascar,1999,MDG,6.787,0.252,0.017,431.427,,,,,,,,,0,0,Low,0.017
Madagascar,2000,MDG,9.587,41.263,2.8,591.201,,,,,,,,,0,0,Low,2.8
Madagascar,2001,MDG,9.408,-1.867,-0.179,563.039,,,,,,,,,0,0,Low,-0.179
Madagascar,2002,MDG,7.267,-22.754,-2.141,422.233,,,,,,,,,0,0,Low,-2.141
Madagascar,2003,MDG,9.301,27.984,2.034,524.767,,,,,,,,,0,0,Low,2.034
Madagascar,2004,MDG,10.116,8.766,0.815,554.304,,,,,,,,,0,0,Low,0.815
Madagascar,2005,MDG,9.791,-3.22,-0.326,520.999,,,,,,,,,0,0,Low,-0.326
Madagascar,2006,MDG,9.642,-1.521,-0.149,498.275,,,,,,,,,0,0,Low,-0.149
Madagascar,2007,MDG,10.29,6.724,0.648,516.442,,,,,,,,,0,0,Low,0.648
Madagascar,2008,MDG,10.902,5.95,0.612,531.468,,,,,,,,,0,0,Low,0.612
Madagascar,2009,MDG,9.619,-11.771,-1.283,455.507,,,,,,,,,0,0,Low,-1.283
Madagascar,2010,MDG,10.197,6.012,0.578,469.251,,,,,,,,,0,0,Low,0.578
Madagascar,2011,MDG,11.428,12.07,1.231,511.37,,,,,,,,,0,0,Low,1.231
Madagascar,2012,MDG,13.497,18.104,2.069,587.695,,,,,,,,,0,0,Low,2.069
Madagascar,2013,MDG,14.16,4.909,0.663,600.29,,,,,,,,,0,0,Low,0.663
Madagascar,2014,MDG,15.378,8.602,1.218,635.025,,,,,,,,,0,0,Low,1.218
Madagascar,2015,MDG,16.818,9.363,1.44,676.742,,,,,,,,,0,0,Low,1.44
Madagascar,2016,MDG,17.631,4.838,0.814,691.369,,,,,,,,,0,0,Low,0.814
Madagascar,2017,MDG,16.165,-8.316,-1.466,617.702,,,,,,,,,0,0,Low,-1.466
Madagascar,2018,MDG,15.56,-3.741,-0.605,579.6,,,,,,,,,0,0,Low,-0.605
Madagascar,2019,MDG,18.687,20.093,3.127,678.704,,,,,,,,,0,0,Low,3.127
Madagascar,2020,MDG,12.631,-32.408,-6.056,447.504,,,,,,,,,0,0,Low,-6.056
Madagascar,2021,MDG,14.679,16.214,2.048,507.644,,,,,,,,,0,0,Low,2.048
Malawi,1980,MWI,3.545,,,565.699,,,,,,,,,0,0,Low,0
Malawi,1981,MWI,3.711,4.666,0.165,569.164,,,,,,,,,0,0,Low,0.165
Malawi,1982,MWI,3.509,-5.446,-0.202,517.192,,,,,,,,,0,0,Low,-0.202
Malawi,1983,MWI,3.268,-6.857,-0.241,463.03,,,,,,,,,0,0,Low,-0.241
Malawi,1984,MWI,3.248,-0.632,-0.021,442.507,,,,,,,,,0,0,Low,-0.021
Malawi,1985,MWI,3.585,10.384,0.337,470.131,,,,,,,,,0,0,Low,0.337
Malawi,1986,MWI,3.551,-0.948,-0.034,448.912,,,,,,,,,0,0,Low,-0.034
Malawi,1987,MWI,3.711,4.524,0.161,447.378,,,,,,,,,0,0,Low,0.161
Malawi,1988,MWI,3.722,0.287,0.011,425.15,,,,,,,,,0,0,Low,0.011
Malawi,1989,MWI,4.189,12.55,0.467,456.595,,,,,,,,,0,0,Low,0.467
Malawi,1990,MWI,4.707,12.349,0.517,493.366,,,,,,,,,0,0,Low,0.517
Malawi,1991,MWI,5.38,14.306,0.673,547.201,,,,,,,,,0,0,Low,0.673
Malawi,1992,MWI,5.457,1.435,0.077,539.481,,,,,,,,,0,0,Low,0.077
Malawi,1993,MWI,5.336,-2.222,-0.121,520.2,,,,,,,,,0,0,Low,-0.121
Malawi,1994,MWI,5.664,6.144,0.328,558.998,,,,,,,,,0,0,Low,0.328
Malawi,1995,MWI,5.898,4.138,0.234,583.225,,,,,,,,,0,0,Low,0.234
Malawi,1996,MWI,5.984,1.465,0.086,580.421,,,,,,,,,0,0,Low,0.086
Malawi,1997,MWI,6.019,0.584,0.035,572.582,,,,,,,,,0,0,Low,0.035
Malawi,1998,MWI,6.386,6.095,0.367,595.041,,,,,,,,,0,0,Low,0.367
Malawi,1999,MWI,6.305,-1.276,-0.081,574.521,,,,,,,,,0,0,Low,-0.081
Malawi,2000,MWI,6.808,7.979,0.503,606.253,,,,,,,,,0,0,Low,0.503
Malawi,2001,MWI,6.686,-1.79,-0.122,581.449,,,,,,,,,0,0,Low,-0.122
Malawi,2002,MWI,6.606,-1.194,-0.08,560.577,,,,,,,,,0,0,Low,-0.08
Malawi,2003,MWI,6.94,5.058,0.334,574.144,,,,,,,,,0,0,Low,0.334
Malawi,2004,MWI,7.401,6.645,0.461,596.341,,,,,,,,,0,0,Low,0.461
Malawi,2005,MWI,7.2,-2.728,-0.202,564.417,,,,,,,,,0,0,Low,-0.202
Malawi,2006,MWI,7.436,3.285,0.237,566.844,,,,,,,,,0,0,Low,0.237
Malawi,2007,MWI,7.408,-0.375,-0.028,548.934,,,,,,,,,0,0,Low,-0.028
Malawi,2008,MWI,8.444,13.988,1.036,607.97,,,,,,,,,0,0,Low,1.036
Malawi,2009,MWI,7.863,-6.888,-0.582,549.878,,,,,,,,,0,0,Low,-0.582
Malawi,2010,MWI,9.428,19.903,1.565,640.529,,,,,,,,,0,0,Low,1.565
Malawi,2011,MWI,9.494,0.701,0.066,626.806,,,,,,,,,0,0,Low,0.066
Malawi,2012,MWI,9.532,0.403,0.038,611.753,,,,,,,,,0,0,Low,0.038
Malawi,2013,MWI,9.691,1.664,0.159,604.72,,,,,,,,,0,0,Low,0.159
Malawi,2014,MWI,9.974,2.929,0.284,605.315,,,,,,,,,0,0,Low,0.284
Malawi,2015,MWI,9.611,-3.644,-0.363,567.385,,,,,,,,,0,0,Low,-0.363
Malawi,2016,MWI,10.123,5.332,0.512,581.612,,,,,,,,,0,0,Low,0.512
Malawi,2017,MWI,10.432,3.049,0.309,583.406,,,,,,,,,0,0,Low,0.309
Malawi,2018,MWI,9.962,-4.501,-0.47,542.385,,,,,,,,,0,0,Low,-0.47
Malawi,2019,MWI,10.147,1.855,0.185,537.82,,,,,,,,,0,0,Low,0.185
Malawi,2020,MWI,9.752,-3.898,-0.396,503.257,,,,,,,,,0,0,Low,-0.396
Malawi,2021,MWI,9.248,-5.161,-0.503,464.983,,,,,,,,,0,0,Low,-0.503
Malaysia,1965,MYS,33.086,,,3639.461,,,,,,,190.931,,0,0,Low,0
Malaysia,1966,MYS,38.272,15.674,5.186,4097.59,,,,,17.888,0.31,219.077,,0.059776321,5.977632086,Low,4.876
Malaysia,1967,MYS,41.102,7.393,2.83,4289.468,,,,,4.769,0.098,223.732,,0.034628975,3.462897527,Low,2.732
Malaysia,1968,MYS,42.503,3.408,1.401,4327.603,,,,,10.897,0.234,242.067,,0.167023555,16.70235546,Low,1.167
Malaysia,1969,MYS,46.635,9.721,4.132,4634.87,,,,,26.119,0.621,298,,0.150290416,15.02904163,Low,3.511
Malaysia,1970,MYS,44.263,-5.085,-2.372,4294.667,,,3949.808,91.97,18.54,0.556,344.86,8.03,-0.234401349,-23.44013491,Low,-2.928
Malaysia,1971,MYS,49.442,11.701,5.179,4685.328,13.856,5.64,4392.223,93.744,-12.978,-0.461,293.105,6.256,-0.089013323,-8.901332304,Low,5.64
Malaysia,1972,MYS,55.072,11.387,5.63,5098.503,11.458,5.311,4782.59,93.804,10.325,0.319,315.912,6.196,0.056660746,5.6660746,Low,5.311
Malaysia,1973,MYS,58.027,5.365,2.955,5245.301,5.983,3.091,4949.139,94.354,-3.986,-0.136,296.162,5.646,-0.046023689,-4.602368866,Low,3.091
Malaysia,1974,MYS,58.828,1.381,0.801,5189.881,2.014,1.103,4927.448,94.943,-9.206,-0.302,262.433,5.057,-0.377028714,-37.70287141,Low,1.103
Malaysia,1975,MYS,60.674,3.138,1.846,5222.444,3.31,1.849,4966.652,95.102,-0.099,-0.003,255.791,4.898,-0.001625135,-0.162513543,Low,1.849
Malaysia,1976,MYS,67.75,11.662,7.076,5688.449,12.555,7.244,5453.083,95.862,-5.672,-0.169,235.366,4.138,-0.02388355,-2.388355003,Low,7.245
Malaysia,1977,MYS,79.25,16.974,11.5,6485.843,18.522,12.029,6299.744,97.131,-18.882,-0.529,186.099,2.869,-0.046,-4.6,Low,12.029
Malaysia,1978,MYS,105.269,32.832,26.019,8392.062,33.283,25.62,8178.974,97.461,17.549,0.399,213.09,2.539,0.015334948,1.533494754,Low,25.62
Malaysia,1979,MYS,121.07,15.01,15.801,9403.491,14.826,15.211,9150.046,97.305,22.078,0.59,253.445,2.695,0.037339409,3.73394089,Low,15.211
Malaysia,1980,MYS,126.612,4.577,5.541,9580.384,3.938,4.639,9265.178,96.71,27.66,0.903,315.206,3.29,0.162966973,16.29669735,Low,4.638
Malaysia,1981,MYS,130.891,3.38,4.28,9649.489,3.127,3.829,9309.121,96.473,10.833,0.451,340.368,3.527,0.105373832,10.53738318,Low,3.829
Malaysia,1982,MYS,140.161,7.082,9.269,10068.274,7.478,9.443,9749.091,96.83,-3.759,-0.174,319.185,3.17,-0.018772252,-1.877225159,Low,9.443
Malaysia,1983,MYS,160.962,14.841,20.801,11261.694,14.79,20.072,10899.81,96.787,16.406,0.729,361.885,3.213,0.035046392,3.5046392,Low,20.072
Malaysia,1984,MYS,173.472,7.772,12.51,11811.673,4.799,7.476,11116.755,94.117,97.315,5.034,694.919,5.883,0.402398082,40.23980815,Low,7.476
Malaysia,1985,MYS,171.884,-0.915,-1.588,11376.896,-1.547,-2.525,10639.337,93.517,9.184,0.937,737.561,6.483,-0.590050378,-59.00503778,Low,-2.525
Malaysia,1986,MYS,188.659,9.76,16.775,12125.577,9.788,15.734,11342.441,93.541,9.346,1.041,783.134,6.459,0.062056632,6.205663189,Low,15.734
Malaysia,1987,MYS,194.529,3.112,5.87,12132.969,1.91,3.371,11217.115,92.452,20.513,2.499,915.854,7.548,0.42572402,42.57240204,Low,3.371
Malaysia,1988,MYS,204.603,5.178,10.073,12381.688,4.347,7.817,11356.526,91.72,15.366,2.256,1025.161,8.28,0.223965055,22.39650551,Low,7.817
Malaysia,1989,MYS,228.992,11.921,24.39,13454.194,13.681,25.674,12534.345,93.163,-7.582,-1.284,919.85,6.837,-0.052644526,-5.264452645,Low,25.674
Malaysia,1990,MYS,240.986,5.237,11.993,13757.189,7.379,15.742,13077.46,95.059,-23.947,-3.749,679.73,4.941,-0.312599016,-31.25990161,Low,15.742
Malaysia,1991,MYS,301.866,25.263,60.881,16754.078,26.031,59.631,16023.865,95.642,10.496,1.25,730.212,4.358,0.020531857,2.053185723,Low,59.631
Malaysia,1992,MYS,340.554,12.816,38.688,18381.809,13.568,39.171,17697.732,96.279,-3.671,-0.483,684.075,3.721,-0.012484491,-1.248449132,Low,39.171
Malaysia,1993,MYS,342.515,0.576,1.96,17979.701,0.087,0.284,17226.408,95.81,13.229,1.677,753.292,4.19,0.855612245,85.56122449,Medium,0.283
Malaysia,1994,MYS,363.737,6.196,21.223,18568.719,4.998,16.403,17590.086,94.73,33.587,4.82,978.633,5.27,0.227112095,22.71120954,Low,16.403
Malaysia,1995,MYS,397.951,9.406,34.214,19762.299,10.157,34.998,18849.223,95.38,-4.088,-0.784,913.079,4.62,-0.022914596,-2.291459636,Low,34.998
Malaysia,1996,MYS,444.273,11.64,46.322,21473.818,13.01,49.379,20732.895,96.55,-16.629,-3.058,740.924,3.45,-0.066016148,-6.601614783,Low,49.38
Malaysia,1997,MYS,515.451,16.021,71.178,24257.473,17.291,74.168,23676.77,97.606,-19.502,-2.99,580.706,2.394,-0.042007362,-4.200736183,Low,74.168
Malaysia,1998,MYS,495.441,-3.882,-20.01,22715.672,-4.144,-20.85,22111.412,97.34,6.806,0.84,604.263,2.66,-0.04197901,-4.197901049,Low,-20.85
Malaysia,1999,MYS,529.429,6.86,33.987,23668.324,5.15,24.835,22670,95.782,69.441,9.152,998.325,4.218,0.26927943,26.92794304,Low,24.835
Malaysia,2000,MYS,611.257,15.456,81.829,26639.928,16.103,81.656,25659.174,96.318,0.171,0.172,980.757,3.682,0.002101944,0.21019443,Low,81.657
Malaysia,2001,MYS,625.815,2.382,14.558,26582.326,2.957,17.408,25747.527,96.86,-12.225,-2.85,834.798,3.14,-0.19576865,-19.57686495,Low,17.408
Malaysia,2002,MYS,659.175,5.331,33.36,27303.566,5.925,35.917,26595.418,97.406,-12.36,-2.557,708.148,2.594,-0.076648681,-7.664868106,Low,35.917
Malaysia,2003,MYS,714.156,8.341,54.982,28867.148,8.72,55.987,28216.721,97.747,-5.377,-1.005,650.427,2.253,-0.018278709,-1.82787094,Low,55.987
Malaysia,2004,MYS,771.64,8.049,57.484,30459.574,7.976,55.675,29753.021,97.68,11.675,1.808,706.554,2.32,0.03145223,3.145223019,Low,55.676
Malaysia,2005,MYS,835.079,8.221,63.439,32213.139,8.258,62.246,31476.67,97.714,7.32,1.193,736.47,2.286,0.018805467,1.880546667,Low,62.246
Malaysia,2006,MYS,843.833,1.048,8.754,31831.439,0.955,7.791,31074.904,97.623,6.355,0.963,756.533,2.377,0.110006854,11.0006854,Low,7.791
Malaysia,2007,MYS,900.057,6.663,56.224,33221.484,6.877,56.65,32496.963,97.819,0.82,-0.426,724.523,2.181,-0.007576836,-0.757683552,Low,56.65
Malaysia,2008,MYS,932.623,3.618,32.566,33712.133,3.092,27.22,32809.344,97.322,28.554,5.346,902.784,2.678,0.164158939,16.41589388,Low,27.22
Malaysia,2009,MYS,903.049,-3.171,-29.574,32003.473,-3.122,-28.34,31162.104,97.371,-8.38,-1.234,841.369,2.629,0.04172584,4.172584027,Low,-28.34
Malaysia,2010,MYS,932.974,3.314,29.926,32487.746,3.631,31.928,31730.775,97.67,-7.912,-2.003,756.97,2.33,-0.066931765,-6.693176502,Low,31.929
Malaysia,2011,MYS,949.202,1.739,16.228,32524.594,1.158,10.556,31585.357,97.112,28.626,5.672,939.235,2.888,0.349519349,34.95193493,Low,10.556
Malaysia,2012,MYS,1038.408,9.398,89.205,35010.121,9.232,85.101,33947.586,96.965,22.525,4.104,1062.535,3.035,0.04600639,4.600638978,Low,85.101
Malaysia,2013,MYS,1086.738,4.654,48.33,36062.551,4.131,41.597,34793.297,96.48,25.893,6.734,1269.248,3.52,0.139333747,13.93337472,Low,41.596
Malaysia,2014,MYS,1097.615,1.001,10.878,35862.223,0.624,6.543,34470.91,96.12,16.853,4.335,1391.315,3.88,0.398510756,39.85107557,Low,6.543
Malaysia,2015,MYS,1114.575,1.545,16.959,35874.363,1.364,14.392,34421.121,95.949,9.409,2.567,1453.241,4.051,0.151365057,15.13650569,Low,14.392
Malaysia,2016,MYS,1172.303,5.179,57.729,37184.793,3.88,41.497,35237.793,94.764,31.568,16.231,1947.002,5.236,0.281158517,28.11585165,Low,41.498
Malaysia,2017,MYS,1188.477,1.38,16.174,37168.012,-0.145,-1.614,34692.074,93.339,26.277,17.788,2475.937,6.661,1.099789786,109.9789786,High,-1.614
Malaysia,2018,MYS,1209.576,1.775,21.098,37333.422,1.764,19.568,34842.598,93.328,3.183,1.531,2490.823,6.672,0.07256612,7.256612001,Low,19.567
Malaysia,2019,MYS,1240.781,2.58,31.206,37824.059,2.467,27.851,35261.711,93.226,8.83,3.355,2562.349,6.774,0.107511376,10.7511376,Low,27.851
Malaysia,2020,MYS,1196.429,-3.575,-44.352,36037.035,-4.369,-50.532,33319.109,92.458,9.534,6.18,2717.921,7.542,-0.139339827,-13.93398268,Low,-50.532
Malaysia,2021,MYS,1246.65,4.198,50.22,37131.539,3.783,41.846,34194.441,92.09,8.965,8.375,2937.099,7.91,0.166766229,16.67662286,Low,41.845
Malaysia,2022,MYS,1331.279,6.789,84.63,39226.555,6.873,78.907,36152.355,92.163,6.394,5.723,3074.202,7.837,0.067623774,6.762377408,Low,78.907
Malaysia,2023,MYS,1335.31,0.303,4.031,38920.656,0.247,3.036,35850.625,92.112,2.146,0.995,3070.03,7.888,0.246837013,24.68370131,Low,3.036
Maldives,1980,MDV,0.062,,,375.347,,,,,,,,,0,0,Low,0
Maldives,1981,MDV,0.062,-0.273,0,363.783,,,,,,,,,0,0,Low,0
Maldives,1982,MDV,0.062,0,0,353.666,,,,,,,,,0,0,Low,0
Maldives,1983,MDV,0.062,0,0,344.157,,,,,,,,,0,0,Low,0
Maldives,1984,MDV,0.248,301.096,0.186,1342.634,,,,,,,,,0,0,Low,0.186
Maldives,1985,MDV,0.247,-0.273,-0.001,1296.757,,,,,,,,,0,0,Low,-0.001
Maldives,1986,MDV,0.286,15.882,0.039,1450.624,,,,,,,,,0,0,Low,0.039
Maldives,1987,MDV,0.286,0,0,1400.693,,,,,,,,,0,0,Low,0
Maldives,1988,MDV,0.349,22.076,0.063,1654,,,,,,,,,0,0,Low,0.063
Maldives,1989,MDV,0.348,-0.244,-0.001,1598.665,,,,,,,,,0,0,Low,-0.001
Maldives,1990,MDV,0.422,21.094,0.073,1875.427,,,,,,,,,0,0,Low,0.073
Maldives,1991,MDV,0.422,0,0,1817.401,,,,,,,,,0,0,Low,0
Maldives,1992,MDV,0.423,0.241,0.001,1768.552,,,,,,,,,0,0,Low,0.001
Maldives,1993,MDV,0.494,16.685,0.071,2007.348,,,,,,,,,0,0,Low,0.071
Maldives,1994,MDV,0.99,100.701,0.497,3927.181,,,,,,,,,0,0,Low,0.497
Maldives,1995,MDV,1.361,37.423,0.371,5271.31,,,,,,,,,0,0,Low,0.371
Maldives,1996,MDV,1.424,4.639,0.063,5397.856,,,,,,,,,0,0,Low,0.063
Maldives,1997,MDV,1.23,-13.606,-0.194,4573.392,,,,,,,,,0,0,Low,-0.194
Maldives,1998,MDV,1.355,10.128,0.125,4949.162,,,,,,,,,0,0,Low,0.125
Maldives,1999,MDV,1.355,0,0,4872.386,,,,,,,,,0,0,Low,0
Maldives,2000,MDV,2.862,111.189,1.507,10129.736,,,,,,,,,0,0,Low,1.507
Maldives,2001,MDV,2.4,-16.15,-0.462,8351.583,,,,,,,,,0,0,Low,-0.462
Maldives,2002,MDV,2.869,19.567,0.47,9816.173,,,,,,,,,0,0,Low,0.47
Maldives,2003,MDV,2.494,-13.062,-0.375,8392.205,,,,,,,,,0,0,Low,-0.375
Maldives,2004,MDV,3.263,30.809,0.768,10799.323,,,,,,,,,0,0,Low,0.768
Maldives,2005,MDV,2.954,-9.464,-0.309,9621.824,,,,,,,,,0,0,Low,-0.309
Maldives,2006,MDV,3.744,26.726,0.79,11906.826,,,,,,,,,0,0,Low,0.79
Maldives,2007,MDV,3.879,3.613,0.135,11930.126,,,,,,,,,0,0,Low,0.135
Maldives,2008,MDV,4.217,8.716,0.338,12517.4,,,,,,,,,0,0,Low,0.338
Maldives,2009,MDV,4.48,6.242,0.263,12835.753,,,,,,,,,0,0,Low,0.263
Maldives,2010,MDV,4.529,1.083,0.049,12524.812,,,,,,,,,0,0,Low,0.049
Maldives,2011,MDV,4.894,8.073,0.366,13070.632,,,,,,,,,0,0,Low,0.366
Maldives,2012,MDV,6.235,27.399,1.341,16088.853,,,,,,,,,0,0,Low,1.341
Maldives,2013,MDV,6.578,5.492,0.342,16413.824,,,,,,,,,0,0,Low,0.342
Maldives,2014,MDV,8.817,34.048,2.24,21157.406,,,,,,,,,0,0,Low,2.24
Maldives,2015,MDV,6.599,-25.161,-2.218,15149.077,,,,,,,,,0,0,Low,-2.218
Maldives,2016,MDV,7.001,6.088,0.402,15410.746,,,,,,,,,0,0,Low,0.402
Maldives,2017,MDV,7.264,3.767,0.264,15375.788,,,,,,,,,0,0,Low,0.264
Maldives,2018,MDV,8.336,14.759,1.072,17020.91,,,,,,,,,0,0,Low,1.072
Maldives,2019,MDV,9.368,12.373,1.031,18567.896,,,,,,,,,0,0,Low,1.031
Maldives,2020,MDV,8.904,-4.947,-0.463,17308.588,,,,,,,,,0,0,Low,-0.463
Maldives,2021,MDV,9.214,3.477,0.31,17669.365,,,,,,,,,0,0,Low,0.31
Mali,1980,MLI,2.054,,,278.58,,,,,,,,,0,0,Low,0
Mali,1981,MLI,2.646,28.841,0.592,351.287,,,,,,,,,0,0,Low,0.592
Mali,1982,MLI,2.118,-19.963,-0.528,275.188,,,,,,,,,0,0,Low,-0.528
Mali,1983,MLI,2.172,2.571,0.054,276.246,,,,,,,,,0,0,Low,0.054
Mali,1984,MLI,2.208,1.644,0.036,274.978,,,,,,,,,0,0,Low,0.036
Mali,1985,MLI,2.383,7.924,0.175,291.057,,,,,,,,,0,0,Low,0.175
Mali,1986,MLI,1.974,-17.169,-0.409,236.836,,,,,,,,,0,0,Low,-0.409
Mali,1987,MLI,2.241,13.547,0.267,264.486,,,,,,,,,0,0,Low,0.267
Mali,1988,MLI,1.434,-36.032,-0.808,166.377,,,,,,,,,0,0,Low,-0.808
Mali,1989,MLI,2.438,70.053,1.004,277.879,,,,,,,,,0,0,Low,1.004
Mali,1990,MLI,2.48,1.718,0.042,277.251,,,,,,,,,0,0,Low,0.042
Mali,1991,MLI,2.485,0.207,0.005,272.375,,,,,,,,,0,0,Low,0.005
Mali,1992,MLI,2.677,7.734,0.192,287.56,,,,,,,,,0,0,Low,0.192
Mali,1993,MLI,2.7,0.846,0.023,284.015,,,,,,,,,0,0,Low,0.023
Mali,1994,MLI,2.706,0.241,0.006,278.68,,,,,,,,,0,0,Low,0.006
Mali,1995,MLI,2.715,0.325,0.009,273.689,,,,,,,,,0,0,Low,0.009
Mali,1996,MLI,2.813,3.606,0.098,277.657,,,,,,,,,0,0,Low,0.098
Mali,1997,MLI,2.85,1.321,0.037,275.15,,,,,,,,,0,0,Low,0.037
Mali,1998,MLI,2.914,2.249,0.064,274.419,,,,,,,,,0,0,Low,0.064
Mali,1999,MLI,2.916,0.067,0.002,267.144,,,,,,,,,0,0,Low,0.002
Mali,2000,MLI,4.403,50.972,1.487,391.754,,,,,,,,,0,0,Low,1.487
Mali,2001,MLI,4.455,1.18,0.052,384.58,,,,,,,,,0,0,Low,0.052
Mali,2002,MLI,4.314,-3.167,-0.141,360.909,,,,,,,,,0,0,Low,-0.141
Mali,2003,MLI,4.329,0.342,0.015,350.713,,,,,,,,,0,0,Low,0.015
Mali,2004,MLI,4.502,4.005,0.173,353.036,,,,,,,,,0,0,Low,0.173
Mali,2005,MLI,4.986,10.763,0.485,378.32,,,,,,,,,0,0,Low,0.485
Mali,2006,MLI,5.852,17.36,0.866,429.56,,,,,,,,,0,0,Low,0.866
Mali,2007,MLI,6.889,17.711,1.036,489.214,,,,,,,,,0,0,Low,1.036
Mali,2008,MLI,8.225,19.396,1.336,565.225,,,,,,,,,0,0,Low,1.336
Mali,2009,MLI,10.396,26.404,2.172,691.583,,,,,,,,,0,0,Low,2.172
Mali,2010,MLI,11.761,13.127,1.365,757.354,,,,,,,,,0,0,Low,1.365
Mali,2011,MLI,12.897,9.658,1.136,804.067,,,,,,,,,0,0,Low,1.136
Mali,2012,MLI,13.714,6.333,0.817,830.399,,,,,,,,,0,0,Low,0.817
Mali,2013,MLI,14.118,2.945,0.404,830.251,,,,,,,,,0,0,Low,0.404
Mali,2014,MLI,15.783,11.798,1.666,899.235,,,,,,,,,0,0,Low,1.666
Mali,2015,MLI,17.258,9.341,1.474,952.776,,,,,,,,,0,0,Low,1.474
Mali,2016,MLI,21.92,27.017,4.663,1172.19,,,,,,,,,0,0,Low,4.663
Mali,2017,MLI,23.834,8.731,1.914,1234.193,,,,,,,,,0,0,Low,1.914
Mali,2018,MLI,24.794,4.027,0.96,1243.768,,,,,,,,,0,0,Low,0.96
Mali,2019,MLI,25.333,2.176,0.54,1231.715,,,,,,,,,0,0,Low,0.54
Mali,2020,MLI,24.257,-4.25,-1.077,1142.883,,,,,,,,,0,0,Low,-1.077
Mali,2021,MLI,25.597,5.528,1.341,1168.567,,,,,,,,,0,0,Low,1.341
Malta,1980,MLT,5.512,,,16523.996,,,,,,,,,0,0,Low,0
Malta,1981,MLT,6.059,9.913,0.546,17998.479,,,,,,,,,0,0,Low,0.546
Malta,1982,MLT,6.432,6.153,0.373,18934.287,,,,,,,,,0,0,Low,0.373
Malta,1983,MLT,4.562,-29.062,-1.869,13305.73,,,,,,,,,0,0,Low,-1.869
Malta,1984,MLT,6.445,41.26,1.882,18621.678,,,,,,,,,0,0,Low,1.882
Malta,1985,MLT,4.434,-31.204,-2.011,12699.803,,,,,,,,,0,0,Low,-2.011
Malta,1986,MLT,5.798,30.777,1.365,16468.186,,,,,,,,,0,0,Low,1.365
Malta,1987,MLT,6.476,11.693,0.678,18234.201,,,,,,,,,0,0,Low,0.678
Malta,1988,MLT,7.226,11.579,0.75,20159.689,,,,,,,,,0,0,Low,0.75
Malta,1989,MLT,7.444,3.015,0.218,20568.691,,,,,,,,,0,0,Low,0.218
Malta,1990,MLT,8.106,8.898,0.662,22185.451,,,,,,,,,0,0,Low,0.662
Malta,1991,MLT,8.54,5.347,0.433,23163.854,,,,,,,,,0,0,Low,0.433
Malta,1992,MLT,8.976,5.102,0.436,24135.17,,,,,,,,,0,0,Low,0.436
Malta,1993,MLT,9.475,5.559,0.499,25248.361,,,,,,,,,0,0,Low,0.499
Malta,1994,MLT,10.143,7.058,0.669,26794.076,,,,,,,,,0,0,Low,0.669
Malta,1995,MLT,9.842,-2.967,-0.301,25775.016,,,,,,,,,0,0,Low,-0.301
Malta,1996,MLT,10.209,3.726,0.367,26498.742,,,,,,,,,0,0,Low,0.367
Malta,1997,MLT,10.89,6.671,0.681,28006.824,,,,,,,,,0,0,Low,0.681
Malta,1998,MLT,11.406,4.735,0.516,29060.49,,,,,,,,,0,0,Low,0.516
Malta,1999,MLT,12.646,10.871,1.24,31934.371,,,,,,,,,0,0,Low,1.24
Malta,2000,MLT,18.515,46.41,5.869,46378.051,,,,,,,,,0,0,Low,5.869
Malta,2001,MLT,20.395,10.157,1.881,50713.891,,,,,,,,,0,0,Low,1.881
Malta,2002,MLT,19.9,-2.43,-0.496,49170.387,,,,,,,,,0,0,Low,-0.496
Malta,2003,MLT,23.127,16.218,3.227,56833.484,,,,,,,,,0,0,Low,3.227
Malta,2004,MLT,24.279,4.981,1.152,59390.211,,,,,,,,,0,0,Low,1.152
Malta,2005,MLT,20.713,-14.686,-3.566,50493.625,,,,,,,,,0,0,Low,-3.566
Malta,2006,MLT,21.168,2.196,0.455,51478.543,,,,,,,,,0,0,Low,0.455
Malta,2007,MLT,23.06,8.936,1.892,55957.789,,,,,,,,,0,0,Low,1.892
Malta,2008,MLT,23.882,3.565,0.822,57768.109,,,,,,,,,0,0,Low,0.822
Malta,2009,MLT,25.45,6.565,1.568,61248.996,,,,,,,,,0,0,Low,1.568
Malta,2010,MLT,30.381,19.376,4.931,72549.078,,,,,,,,,0,0,Low,4.931
Malta,2011,MLT,28.884,-4.926,-1.497,68190.57,,,,,,,,,0,0,Low,-1.497
Malta,2012,MLT,27.543,-4.642,-1.341,64067.148,,,,,,,,,0,0,Low,-1.341
Malta,2013,MLT,26.145,-5.075,-1.398,59756.48,,,,,,,,,0,0,Low,-1.398
Malta,2014,MLT,26.757,2.341,0.612,59933.559,,,,,,,,,0,0,Low,0.612
Malta,2015,MLT,29.281,9.433,2.524,64130.957,,,,,,,,,0,0,Low,2.524
Malta,2016,MLT,32.549,11.161,3.268,69591.945,,,,,,,,,0,0,Low,3.268
Malta,2017,MLT,37.074,13.9,4.524,77316.094,,,,,,,,,0,0,Low,4.524
Malta,2018,MLT,38.703,4.394,1.629,78729.375,,,,,,,,,0,0,Low,1.629
Malta,2019,MLT,40.333,4.212,1.63,80081.508,,,,,,,,,0,0,Low,1.63
Malta,2020,MLT,37.14,-7.916,-3.193,72065.461,,,,,,,,,0,0,Low,-3.193
Malta,2021,MLT,39.15,5.413,2.011,74324.461,,,,,,,,,0,0,Low,2.011
Martinique,1980,MTQ,2.744,,,8219.05,,,,,,,,,0,0,Low,0
Martinique,1981,MTQ,2.736,-0.273,-0.007,8173.942,,,,,,,,,0,0,Low,-0.007
Martinique,1982,MTQ,2.736,0,0,8122.016,,,,,,,,,0,0,Low,0
Martinique,1983,MTQ,2.675,-2.222,-0.061,7861.965,,,,,,,,,0,0,Low,-0.061
Martinique,1984,MTQ,2.378,-11.121,-0.298,6904.9,,,,,,,,,0,0,Low,-0.298
Martinique,1985,MTQ,2.918,22.741,0.541,8368.456,,,,,,,,,0,0,Low,0.541
Martinique,1986,MTQ,3.04,4.167,0.122,8603.461,,,,,,,,,0,0,Low,0.122
Martinique,1987,MTQ,3.473,14.258,0.433,9698.186,,,,,,,,,0,0,Low,0.433
Martinique,1988,MTQ,4.236,21.955,0.763,11665.734,,,,,,,,,0,0,Low,0.763
Martinique,1989,MTQ,5.851,38.131,1.615,15882.361,,,,,,,,,0,0,Low,1.615
Martinique,1990,MTQ,6.393,9.25,0.541,17079.51,,,,,,,,,0,0,Low,0.541
Martinique,1991,MTQ,5.342,-16.436,-1.051,14021.6,,,,,,,,,0,0,Low,-1.051
Martinique,1992,MTQ,5.88,10.077,0.538,15145.226,,,,,,,,,0,0,Low,0.538
Martinique,1993,MTQ,8.011,36.246,2.131,20253.162,,,,,,,,,0,0,Low,2.131
Martinique,1994,MTQ,7.914,-1.22,-0.098,19646.701,,,,,,,,,0,0,Low,-0.098
Martinique,1995,MTQ,8.026,1.42,0.112,19578.129,,,,,,,,,0,0,Low,0.112
Martinique,1996,MTQ,8.048,0.274,0.022,19297.6,,,,,,,,,0,0,Low,0.022
Martinique,1997,MTQ,8.15,1.272,0.102,19216.137,,,,,,,,,0,0,Low,0.102
Martinique,1998,MTQ,8.088,-0.765,-0.062,18796.201,,,,,,,,,0,0,Low,-0.062
Martinique,1999,MTQ,8.088,0,0,18660.896,,,,,,,,,0,0,Low,0
Martinique,2000,MTQ,9.409,16.33,1.321,21751.891,,,,,,,,,0,0,Low,1.321
Martinique,2001,MTQ,9.443,0.362,0.034,21994.83,,,,,,,,,0,0,Low,0.034
Martinique,2002,MTQ,9.848,4.287,0.405,23145.516,,,,,,,,,0,0,Low,0.405
Martinique,2003,MTQ,9.707,-1.425,-0.14,23159.686,,,,,,,,,0,0,Low,-0.14
Martinique,2004,MTQ,9.74,0.334,0.032,23747.654,,,,,,,,,0,0,Low,0.032
Martinique,2005,MTQ,9.558,-1.867,-0.182,23872.316,,,,,,,,,0,0,Low,-0.182
Martinique,2006,MTQ,9.56,0.017,0.002,24167.125,,,,,,,,,0,0,Low,0.002
Martinique,2007,MTQ,9.931,3.887,0.372,25089.396,,,,,,,,,0,0,Low,0.372
Martinique,2008,MTQ,9.977,0.459,0.046,25226.029,,,,,,,,,0,0,Low,0.046
Martinique,2009,MTQ,9.96,-0.167,-0.017,25264.98,,,,,,,,,0,0,Low,-0.017
Martinique,2010,MTQ,9.933,-0.273,-0.027,25326.725,,,,,,,,,0,0,Low,-0.027
Martinique,2011,MTQ,10.325,3.948,0.392,26499.41,,,,,,,,,0,0,Low,0.392
Martinique,2012,MTQ,0,-100,-10.325,0,,,,,,,,,0,0,Low,-10.325
Martinique,2013,MTQ,0,,0,0,,,,,,,,,0,0,Low,0
Martinique,2014,MTQ,0,,0,0,,,,,,,,,0,0,Low,0
Martinique,2015,MTQ,0,,0,0,,,,,,,,,0,0,Low,0
Martinique,2016,MTQ,0,,0,0,,,,,,,,,0,0,Low,0
Martinique,2017,MTQ,0,,0,0,,,,,,,,,0,0,Low,0
Martinique,2018,MTQ,0,,0,0,,,,,,,,,0,0,Low,0
Martinique,2019,MTQ,0,,0,0,,,,,,,,,0,0,Low,0
Martinique,2020,MTQ,8.987,,8.987,24263.932,,,,,,,,,0,0,Low,8.987
Martinique,2021,MTQ,8.987,0,0,24369.199,,,,,,,,,0,0,Low,0
Mauritania,1980,MRT,2.654,,,1761.466,,,,,,,,,0,0,Low,0
Mauritania,1981,MRT,2.545,-4.104,-0.109,1640.202,,,,,,,,,0,0,Low,-0.109
Mauritania,1982,MRT,2.573,1.08,0.027,1609.524,,,,,,,,,0,0,Low,0.027
Mauritania,1983,MRT,2.579,0.264,0.007,1566.716,,,,,,,,,0,0,Low,0.007
Mauritania,1984,MRT,3.789,46.915,1.21,2234.783,,,,,,,,,0,0,Low,1.21
Mauritania,1985,MRT,3.767,-0.586,-0.022,2157.327,,,,,,,,,0,0,Low,-0.022
Mauritania,1986,MRT,2.166,-42.497,-1.601,1204.834,,,,,,,,,0,0,Low,-1.601
Mauritania,1987,MRT,2.987,37.893,0.821,1613.742,,,,,,,,,0,0,Low,0.821
Mauritania,1988,MRT,3.85,28.876,0.863,2019.985,,,,,,,,,0,0,Low,0.863
Mauritania,1989,MRT,4.43,15.079,0.581,2266.097,,,,,,,,,0,0,Low,0.581
Mauritania,1990,MRT,3.981,-10.143,-0.449,1984.491,,,,,,,,,0,0,Low,-0.449
Mauritania,1991,MRT,4.165,4.615,0.184,2015.512,,,,,,,,,0,0,Low,0.184
Mauritania,1992,MRT,13.498,224.109,9.333,6285.364,,,,,,,,,0,0,Low,9.333
Mauritania,1993,MRT,13.816,2.358,0.318,6176.067,,,,,,,,,0,0,Low,0.318
Mauritania,1994,MRT,13.778,-0.274,-0.038,5951.325,,,,,,,,,0,0,Low,-0.038
Mauritania,1995,MRT,13.98,1.465,0.202,5873.274,,,,,,,,,0,0,Low,0.202
Mauritania,1996,MRT,14.146,1.184,0.166,5824.204,,,,,,,,,0,0,Low,0.166
Mauritania,1997,MRT,14.16,0.096,0.014,5699.632,,,,,,,,,0,0,Low,0.014
Mauritania,1998,MRT,14.215,0.39,0.055,5573.307,,,,,,,,,0,0,Low,0.055
Mauritania,1999,MRT,14.215,0.002,0,5424.32,,,,,,,,,0,0,Low,0
Mauritania,2000,MRT,5.046,-64.502,-9.169,1872.364,,,,,,,,,0,0,Low,-9.169
Mauritania,2001,MRT,5.267,4.374,0.221,1906.994,,,,,,,,,0,0,Low,0.221
Mauritania,2002,MRT,5.655,7.371,0.388,2004.115,,,,,,,,,0,0,Low,0.388
Mauritania,2003,MRT,5.923,4.74,0.268,2054.249,,,,,,,,,0,0,Low,0.268
Mauritania,2004,MRT,6.369,7.535,0.446,2161.621,,,,,,,,,0,0,Low,0.446
Mauritania,2005,MRT,6.647,4.365,0.278,2206.716,,,,,,,,,0,0,Low,0.278
Mauritania,2006,MRT,6.474,-2.616,-0.174,2100.965,,,,,,,,,0,0,Low,-0.174
Mauritania,2007,MRT,7.31,12.926,0.837,2318.157,,,,,,,,,0,0,Low,0.837
Mauritania,2008,MRT,8.994,23.026,1.683,2781.53,,,,,,,,,0,0,Low,1.683
Mauritania,2009,MRT,8.931,-0.694,-0.062,2688.011,,,,,,,,,0,0,Low,-0.062
Mauritania,2010,MRT,8.872,-0.66,-0.059,2594.655,,,,,,,,,0,0,Low,-0.059
Mauritania,2011,MRT,9.551,7.653,0.679,2710.173,,,,,,,,,0,0,Low,0.679
Mauritania,2012,MRT,10.567,10.638,1.016,2906.24,,,,,,,,,0,0,Low,1.016
Mauritania,2013,MRT,9.612,-9.038,-0.955,2568.119,,,,,,,,,0,0,Low,-0.955
Mauritania,2014,MRT,11.508,19.724,1.896,2994.487,,,,,,,,,0,0,Low,1.896
Mauritania,2015,MRT,11.662,1.339,0.154,2955.335,,,,,,,,,0,0,Low,0.154
Mauritania,2016,MRT,10.89,-6.622,-0.772,2687.668,,,,,,,,,0,0,Low,-0.772
Mauritania,2017,MRT,16.321,49.872,5.431,3923.376,,,,,,,,,0,0,Low,5.431
Mauritania,2018,MRT,17.4,6.612,1.079,4074.366,,,,,,,,,0,0,Low,1.079
Mauritania,2019,MRT,18.19,4.535,0.789,4149.229,,,,,,,,,0,0,Low,0.789
Mauritania,2020,MRT,17.476,-3.923,-0.714,3884.775,,,,,,,,,0,0,Low,-0.714
Mauritania,2021,MRT,18.407,5.327,0.931,3988.532,,,,,,,,,0,0,Low,0.931
Mauritius,1980,MUS,3.978,,,4165.655,,,,,,,,,0,0,Low,0
Mauritius,1981,MUS,3.527,-11.335,-0.451,3636.619,,,,,,,,,0,0,Low,-0.451
Mauritius,1982,MUS,3.507,-0.56,-0.02,3563.442,,,,,,,,,0,0,Low,-0.02
Mauritius,1983,MUS,3.64,3.787,0.133,3647.162,,,,,,,,,0,0,Low,0.133
Mauritius,1984,MUS,3.929,7.946,0.289,3882.711,,,,,,,,,0,0,Low,0.289
Mauritius,1985,MUS,4.199,6.88,0.27,4093.924,,,,,,,,,0,0,Low,0.27
Mauritius,1986,MUS,5.218,24.244,1.018,5021.565,,,,,,,,,0,0,Low,1.018
Mauritius,1987,MUS,4.611,-11.618,-0.606,4384.233,,,,,,,,,0,0,Low,-0.606
Mauritius,1988,MUS,6.162,33.628,1.551,5789.68,,,,,,,,,0,0,Low,1.551
Mauritius,1989,MUS,7.167,16.308,1.005,6654.824,,,,,,,,,0,0,Low,1.005
Mauritius,1990,MUS,7.945,10.856,0.778,7287.114,,,,,,,,,0,0,Low,0.778
Mauritius,1991,MUS,8.048,1.292,0.103,7287.894,,,,,,,,,0,0,Low,0.103
Mauritius,1992,MUS,9.62,19.535,1.572,8599.056,,,,,,,,,0,0,Low,1.572
Mauritius,1993,MUS,9.692,0.746,0.072,8552.078,,,,,,,,,0,0,Low,0.072
Mauritius,1994,MUS,9.659,-0.338,-0.033,8419.896,,,,,,,,,0,0,Low,-0.033
Mauritius,1995,MUS,10.344,7.087,0.685,8915.209,,,,,,,,,0,0,Low,0.685
Mauritius,1996,MUS,10.363,0.189,0.02,8838.137,,,,,,,,,0,0,Low,0.02
Mauritius,1997,MUS,10.471,1.041,0.108,8841.741,,,,,,,,,0,0,Low,0.108
Mauritius,1998,MUS,10.762,2.782,0.291,9006.974,,,,,,,,,0,0,Low,0.291
Mauritius,1999,MUS,11.871,10.301,1.109,9847.927,,,,,,,,,0,0,Low,1.109
Mauritius,2000,MUS,16.069,35.367,4.198,13215.6,,,,,,,,,0,0,Low,4.198
Mauritius,2001,MUS,16.401,2.062,0.331,13385.311,,,,,,,,,0,0,Low,0.331
Mauritius,2002,MUS,16.111,-1.764,-0.289,13056.474,,,,,,,,,0,0,Low,-0.289
Mauritius,2003,MUS,16.461,2.169,0.35,13249.851,,,,,,,,,0,0,Low,0.35
Mauritius,2004,MUS,16.964,3.059,0.503,13567.276,,,,,,,,,0,0,Low,0.503
Mauritius,2005,MUS,18.18,7.167,1.216,14451.097,,,,,,,,,0,0,Low,1.216
Mauritius,2006,MUS,18.978,4.386,0.797,15004.636,,,,,,,,,0,0,Low,0.797
Mauritius,2007,MUS,19.697,3.79,0.719,15502.124,,,,,,,,,0,0,Low,0.719
Mauritius,2008,MUS,20.27,2.91,0.573,15889.464,,,,,,,,,0,0,Low,0.573
Mauritius,2009,MUS,19.555,-3.527,-0.715,15279.018,,,,,,,,,0,0,Low,-0.715
Mauritius,2010,MUS,21.067,7.73,1.512,16415.438,,,,,,,,,0,0,Low,1.512
Mauritius,2011,MUS,21.594,2.502,0.527,16788.395,,,,,,,,,0,0,Low,0.527
Mauritius,2012,MUS,21.74,0.676,0.146,16868.873,,,,,,,,,0,0,Low,0.146
Mauritius,2013,MUS,22.077,1.551,0.337,17104.646,,,,,,,,,0,0,Low,0.337
Mauritius,2014,MUS,22.753,3.064,0.676,17609.402,,,,,,,,,0,0,Low,0.676
Mauritius,2015,MUS,23.597,3.708,0.844,18247.52,,,,,,,,,0,0,Low,0.844
Mauritius,2016,MUS,24.531,3.957,0.934,18958.602,,,,,,,,,0,0,Low,0.934
Mauritius,2017,MUS,26.914,9.714,2.383,20786.77,,,,,,,,,0,0,Low,2.383
Mauritius,2018,MUS,28.407,5.55,1.494,21929.627,,,,,,,,,0,0,Low,1.494
Mauritius,2019,MUS,29.555,4.042,1.148,22800.158,,,,,,,,,0,0,Low,1.148
Mauritius,2020,MUS,24.977,-15.491,-4.579,19245.18,,,,,,,,,0,0,Low,-4.579
Mauritius,2021,MUS,25.621,2.578,0.644,19724.719,,,,,,,,,0,0,Low,0.644
Mexico,1965,MEX,293.325,,,6863.336,,,6250.115,91.065,,,613.22,8.935,0,0,Low,0
Mexico,1966,MEX,310.583,5.884,17.258,7029.878,5.072,13.547,6352.682,90.367,14.16,3.711,677.196,9.633,0.21503071,21.50307104,Low,13.547
Mexico,1967,MEX,316.549,1.921,5.966,6933.212,1.179,3.308,6219.693,89.709,8.885,2.658,713.52,10.291,0.44552464,44.55246396,Low,3.308
Mexico,1968,MEX,344.765,8.913,28.215,7308.928,8.244,23.41,6516.434,89.157,14.75,4.805,792.495,10.843,0.170299486,17.02994861,Low,23.41
Mexico,1969,MEX,378.427,9.764,33.663,7768.286,10.216,31.404,6954.534,89.525,6.043,2.259,813.751,10.475,0.067106319,6.710631851,Low,31.404
Mexico,1970,MEX,404.032,6.766,25.605,8034.151,6.162,20.876,7151.863,89.018,11.927,4.728,882.287,10.982,0.184651435,18.46514353,Low,20.877
Mexico,1971,MEX,424.829,5.147,20.797,8185.898,6.138,22.078,7355.625,89.857,-2.886,-1.28,830.273,10.143,-0.061547339,-6.154733856,Low,22.077
Mexico,1972,MEX,469.579,10.534,44.75,8770.065,10.98,41.915,7912.351,90.22,6.581,2.836,857.715,9.78,0.063374302,6.337430168,Low,41.914
Mexico,1973,MEX,506.47,7.856,36.89,9170.491,8.014,33.95,8285.694,90.352,6.445,2.941,884.796,9.648,0.079723502,7.97235023,Low,33.949
Mexico,1974,MEX,557.681,10.111,51.211,9793.173,10.786,49.358,8902.519,90.905,3.865,1.853,890.655,9.095,0.036183632,3.618363242,Low,49.358
Mexico,1975,MEX,595.583,6.796,37.902,10147.614,8.336,42.258,9357.678,92.216,-8.567,-4.356,789.936,7.784,-0.114927972,-11.49279721,Low,42.258
Mexico,1976,MEX,633.882,6.431,38.299,10485.613,5.826,31.997,9614.422,91.692,13.592,6.303,871.192,8.308,0.164573488,16.45734876,Low,31.996
Mexico,1977,MEX,668.705,5.494,34.823,10740.091,4.999,29.055,9801.593,91.262,10.94,5.768,938.499,8.738,0.165637653,16.56376533,Low,29.055
Mexico,1978,MEX,752.51,12.532,83.805,11735.229,15.172,92.588,10960.942,93.402,-15.011,-8.783,774.286,6.598,-0.104802816,-10.48028161,Low,92.588
Mexico,1979,MEX,832.041,10.569,79.531,12611.857,10.392,73.041,11760.889,93.253,13.155,6.491,850.969,6.747,0.081615974,8.161597365,Low,73.04
Mexico,1980,MEX,906.324,8.928,74.283,13386.324,10.03,77.825,12609.443,94.196,-6.317,-3.542,776.883,5.804,-0.047682511,-4.768251148,Low,77.825
Mexico,1981,MEX,1002.081,10.566,95.758,14473.884,8.53,72.826,13382.935,92.463,43.518,22.932,1090.949,7.537,0.239478686,23.94786859,Low,72.826
Mexico,1982,MEX,1044.314,4.215,42.233,14780.1,4.997,46.3,13768.683,93.157,-5.324,-4.067,1011.417,6.843,-0.096299103,-9.62991026,Low,46.3
Mexico,1983,MEX,1032.646,-1.117,-11.668,14326.33,-0.55,-5.351,13422.527,93.691,-8.811,-6.317,903.803,6.309,0.541395269,54.13952691,Medium,-5.351
Mexico,1984,MEX,1080.826,4.666,48.18,14707.189,4.082,39.492,13702.497,93.169,13.316,8.688,1004.692,6.831,0.180323786,18.03237858,Low,39.492
Mexico,1985,MEX,1134.396,4.956,53.57,15151.138,3.842,38.689,13966.241,92.179,20.143,14.881,1184.896,7.821,0.277786074,27.77860743,Low,38.689
Mexico,1986,MEX,1100.674,-2.973,-33.722,14439.929,-1.684,-17.613,13487.386,93.403,-17.882,-16.109,952.543,6.597,0.477700018,47.77000178,Low,-17.613
Mexico,1987,MEX,1136.899,3.291,36.225,14659.548,3.82,39.27,13762.588,93.881,-4.003,-3.045,896.958,6.119,-0.084057971,-8.405797101,Low,39.27
Mexico,1988,MEX,1145.465,0.753,8.565,14519.399,0.039,0.412,13534.314,93.215,11.669,8.153,985.085,6.785,0.951897256,95.18972563,Medium,0.412
Mexico,1989,MEX,1209.829,5.619,64.365,15078.81,4.944,52.787,13965.897,92.619,14.855,11.578,1112.911,7.381,0.17988037,17.98803698,Low,52.787
Mexico,1990,MEX,1319.072,9.03,109.242,16141.271,9.216,103.266,14975.479,92.778,7.048,5.976,1165.792,7.222,0.054704235,5.470423464,Low,103.266
Mexico,1991,MEX,1357.68,2.927,38.608,16288.587,3.125,38.238,15141.17,92.956,0.488,0.37,1147.418,7.044,0.009583506,0.958350601,Low,38.238
Mexico,1992,MEX,1384.109,1.947,26.429,16284.947,1.061,13.387,15006.241,92.148,13.453,13.042,1278.706,7.852,0.493473079,49.34730788,Low,13.387
Mexico,1993,MEX,1385.386,0.092,1.277,15988.583,-0.12,-1.531,14701.9,91.952,2.664,2.808,1286.682,8.048,2.198903681,219.8903681,High,-1.531
Mexico,1994,MEX,1464.644,5.721,79.258,16584.426,7.919,100.882,15566.869,93.864,-19.301,-21.624,1017.559,6.136,-0.272830503,-27.28305029,Low,100.882
Mexico,1995,MEX,1439.337,-1.728,-25.307,15998.046,-4.329,-59.508,14619.06,91.38,38.158,34.202,1378.987,8.62,-1.351483779,-135.1483779,Low,-59.509
Mexico,1996,MEX,1476.888,2.609,37.55,16125.593,2.194,28.856,14676.027,91.011,6.929,8.694,1449.566,8.989,0.231531292,23.15312916,Low,28.856
Mexico,1997,MEX,1512.699,2.425,35.812,16233.623,3.278,44.056,14897.366,91.769,-5.927,-8.244,1336.256,8.231,-0.230202167,-23.02021669,Low,44.056
Mexico,1998,MEX,1574.172,4.064,61.472,16610.916,4.994,69.324,15379.851,92.589,-6.322,-7.852,1231.067,7.411,-0.127732952,-12.77329516,Low,69.324
Mexico,1999,MEX,1597.065,1.454,22.893,16578.275,-0.204,-2.974,15098.726,91.075,21.939,25.867,1479.549,8.925,1.129908706,112.9908706,High,-2.974
Mexico,2000,MEX,1693.276,6.024,96.211,17300.664,6.767,98.423,15866.979,91.713,-0.429,-2.212,1433.684,8.287,-0.022991134,-2.299113407,Low,98.423
Mexico,2001,MEX,1679.594,-0.808,-13.682,16898.289,-0.024,-0.367,15620.509,92.438,-8.703,-13.316,1277.78,7.562,0.973249525,97.32495249,Medium,-0.366
Mexico,2002,MEX,1720.059,2.409,40.465,17044.275,3.181,49.383,15874.146,93.135,-6.277,-8.918,1170.13,6.865,-0.22038799,-22.03879896,Low,49.383
Mexico,2003,MEX,1740.948,1.214,20.889,16996.574,1.974,31.628,15948.56,93.834,-8.152,-10.739,1048.014,6.166,-0.514098329,-51.40983293,Low,31.628
Mexico,2004,MEX,1843.091,5.867,102.143,17731.264,5.521,90.187,16583.523,93.527,11.386,11.955,1147.741,6.473,0.117041794,11.70417943,Low,90.188
Mexico,2005,MEX,2019.614,9.578,176.523,19153.719,9.457,163.011,17894.123,93.424,12.026,13.512,1259.597,6.576,0.076545266,7.654526606,Low,163.011
Mexico,2006,MEX,2049.177,1.464,29.563,19171.469,1.278,24.115,17877.926,93.253,4.607,5.447,1293.54,6.747,0.184250583,18.42505835,Low,24.116
Mexico,2007,MEX,2068.458,0.941,19.282,19098.814,1.439,27.496,17898.035,93.713,-5.272,-8.214,1200.78,6.287,-0.425993154,-42.59931542,Low,27.496
Mexico,2008,MEX,2153.523,4.112,85.065,19633.797,2.837,54.993,18173.977,92.565,23.22,30.071,1459.818,7.435,0.353506142,35.35061424,Low,54.994
Mexico,2009,MEX,2117.228,-1.685,-36.295,19065.637,-0.12,-2.385,17929.121,94.039,-20.154,-33.91,1136.515,5.961,0.934288469,93.42884695,Medium,-2.385
Mexico,2010,MEX,2125.454,0.389,8.226,18887.48,-0.559,-11.139,17593.861,93.151,15.072,19.365,1293.619,6.849,2.35412108,235.412108,High,-11.139
Mexico,2011,MEX,2221.887,4.537,96.433,19464.541,4.428,87.679,18112.566,93.054,6.702,8.755,1351.976,6.946,0.090788423,9.078842305,Low,87.678
Mexico,2012,MEX,2241.891,0.9,20.004,19367.398,1.543,31.912,18137.041,93.647,-7.047,-11.907,1230.359,6.353,-0.595230954,-59.52309538,Low,31.911
Mexico,2013,MEX,2242.858,0.043,0.967,19122.215,0.087,1.817,17915.207,93.688,0.171,-0.851,1207.006,6.312,-0.880041365,-88.0041365,Low,1.818
Mexico,2014,MEX,2230.574,-0.548,-12.284,18782.85,-2.064,-43.372,17328.951,92.259,22.672,31.088,1453.899,7.741,-2.530771736,-253.0771736,Low,-43.372
Mexico,2015,MEX,2205.421,-1.128,-25.153,18355.58,-0.711,-14.63,17006.129,92.648,-5.195,-10.523,1349.451,7.352,0.418359639,41.8359639,Low,-14.63
Mexico,2016,MEX,2253.398,2.175,47.977,18543.551,2.414,49.33,17220.443,92.865,-0.246,-1.353,1323.109,7.135,-0.028201013,-2.820101299,Low,49.33
Mexico,2017,MEX,2293.264,1.769,39.866,18668.822,1.678,35.121,17321.303,92.782,3.622,4.745,1347.521,7.218,0.119023729,11.90237295,Low,35.121
Mexico,2018,MEX,2265.277,-1.22,-27.987,18266.324,-2.161,-45.982,16786.457,91.898,11.577,17.996,1479.868,8.102,-0.643012827,-64.30128274,Low,-45.983
Mexico,2019,MEX,2241.414,-1.053,-23.863,17919.082,-1.124,-23.394,16455.648,91.833,0.215,-0.47,1463.434,8.167,0.019695763,1.969576332,Low,-23.393
Mexico,2020,MEX,2041.917,-8.9,-199.497,16205.912,-11.197,-230.476,14507.214,89.518,16.951,30.979,1698.699,10.482,-0.155285543,-15.52855431,Low,-230.476
Mexico,2021,MEX,2175.894,6.561,133.977,17172.896,5.486,100.28,15217.729,88.615,15.643,33.697,1955.168,11.385,0.251513319,25.15133195,Low,100.28
Mexico,2022,MEX,2273.084,4.467,97.189,17827.531,5.059,97.551,15887.447,89.117,0.149,-0.361,1940.085,10.883,-0.003714412,-0.371441212,Low,97.55
Mexico,2023,MEX,2348.044,3.298,74.96,18279.035,4.408,89.292,16464.895,90.075,-5.42,-14.333,1814.138,9.925,-0.191208645,-19.12086446,Low,89.293
Micronesia (country),1980,FSM,0,,,0,,,,,,,,,0,0,Low,0
Micronesia (country),1981,FSM,0,,0,0,,,,,,,,,0,0,Low,0
Micronesia (country),1982,FSM,0,,0,0,,,,,,,,,0,0,Low,0
Micronesia (country),1983,FSM,0,,0,0,,,,,,,,,0,0,Low,0
Micronesia (country),1984,FSM,0,,0,0,,,,,,,,,0,0,Low,0
Micronesia (country),1985,FSM,0,,0,0,,,,,,,,,0,0,Low,0
Micronesia (country),1986,FSM,0,,0,0,,,,,,,,,0,0,Low,0
Micronesia (country),1987,FSM,0,,0,0,,,,,,,,,0,0,Low,0
Micronesia (country),1988,FSM,0,,0,0,,,,,,,,,0,0,Low,0
Micronesia (country),1989,FSM,0,,0,0,,,,,,,,,0,0,Low,0
Micronesia (country),1990,FSM,0,,0,0,,,,,,,,,0,0,Low,0
Micronesia (country),1991,FSM,0,,0,0,,,,,,,,,0,0,Low,0
Micronesia (country),1992,FSM,0,,0,0,,,,,,,,,0,0,Low,0
Micronesia (country),1993,FSM,0,,0,0,,,,,,,,,0,0,Low,0
Micronesia (country),1994,FSM,0,,0,0,,,,,,,,,0,0,Low,0
Micronesia (country),1995,FSM,0,,0,0,,,,,,,,,0,0,Low,0
Micronesia (country),1996,FSM,0,,0,0,,,,,,,,,0,0,Low,0
Micronesia (country),1997,FSM,0,,0,0,,,,,,,,,0,0,Low,0
Micronesia (country),1998,FSM,0,,0,0,,,,,,,,,0,0,Low,0
Micronesia (country),1999,FSM,0,,0,0,,,,,,,,,0,0,Low,0
Micronesia (country),2000,FSM,0.526,,0.526,4708.033,,,,,,,,,0,0,Low,0.526
Micronesia (country),2001,FSM,0.598,13.614,0.072,5337.553,,,,,,,,,0,0,Low,0.072
Micronesia (country),2002,FSM,0.556,-6.984,-0.042,4962.981,,,,,,,,,0,0,Low,-0.042
Micronesia (country),2003,FSM,0.6,7.85,0.044,5361.374,,,,,,,,,0,0,Low,0.044
Micronesia (country),2004,FSM,0.577,-3.768,-0.023,5176.646,,,,,,,,,0,0,Low,-0.023
Micronesia (country),2005,FSM,0.492,-14.662,-0.085,4437.15,,,,,,,,,0,0,Low,-0.085
Micronesia (country),2006,FSM,0.507,2.988,0.015,4596.253,,,,,,,,,0,0,Low,0.015
Micronesia (country),2007,FSM,0.565,11.517,0.058,5161.648,,,,,,,,,0,0,Low,0.058
Micronesia (country),2008,FSM,0.492,-12.947,-0.073,4527.653,,,,,,,,,0,0,Low,-0.073
Micronesia (country),2009,FSM,0.68,38.083,0.187,6300.389,,,,,,,,,0,0,Low,0.187
Micronesia (country),2010,FSM,0.475,-30.107,-0.205,4414.828,,,,,,,,,0,0,Low,-0.205
Micronesia (country),2011,FSM,0.549,15.52,0.074,5086.256,,,,,,,,,0,0,Low,0.074
Micronesia (country),2012,FSM,0.611,11.348,0.062,5645.075,,,,,,,,,0,0,Low,0.062
Micronesia (country),2013,FSM,0.644,5.311,0.032,5924.762,,,,,,,,,0,0,Low,0.032
Micronesia (country),2014,FSM,0.674,4.737,0.03,6181.367,,,,,,,,,0,0,Low,0.03
Micronesia (country),2015,FSM,0.709,5.12,0.035,6471.856,,,,,,,,,0,0,Low,0.035
Micronesia (country),2016,FSM,0.749,5.783,0.041,6817.641,,,,,,,,,0,0,Low,0.041
Micronesia (country),2017,FSM,0.757,1.045,0.008,6857.282,,,,,,,,,0,0,Low,0.008
Micronesia (country),2018,FSM,0.764,0.822,0.006,6882.262,,,,,,,,,0,0,Low,0.006
Micronesia (country),2019,FSM,0.721,-5.587,-0.043,6471.663,,,,,,,,,0,0,Low,-0.043
Micronesia (country),2020,FSM,0.723,0.245,0.002,6445.422,,,,,,,,,0,0,Low,0.002
Micronesia (country),2021,FSM,0.723,0,0,6387.088,,,,,,,,,0,0,Low,0
Moldova,1992,MDA,62.269,,,13853.316,,,,,,,,,0,0,Low,0
Moldova,1993,MDA,46.393,-25.496,-15.876,10323.984,,,,,,,,,0,0,Low,-15.876
Moldova,1994,MDA,32.446,-30.062,-13.947,7238.429,,,,,,,,,0,0,Low,-13.947
Moldova,1995,MDA,33.192,2.298,0.746,7440.083,,,,,,,,,0,0,Low,0.746
Moldova,1996,MDA,37.952,14.342,4.76,8566.718,,,,,,,,,0,0,Low,4.76
Moldova,1997,MDA,41.741,9.984,3.789,9500.102,,,,,,,,,0,0,Low,3.789
Moldova,1998,MDA,38.828,-6.98,-2.913,8918.751,,,,,,,,,0,0,Low,-2.913
Moldova,1999,MDA,31.711,-18.329,-7.117,7367.943,,,,,,,,,0,0,Low,-7.117
Moldova,2000,MDA,32.95,3.907,1.239,7750.128,,,,,,,,,0,0,Low,1.239
Moldova,2001,MDA,32.234,-2.174,-0.716,7673.852,,,,,,,,,0,0,Low,-0.716
Moldova,2002,MDA,35.498,10.127,3.264,8558.681,,,,,,,,,0,0,Low,3.264
Moldova,2003,MDA,39.424,11.058,3.925,9629.671,,,,,,,,,0,0,Low,3.925
Moldova,2004,MDA,36.806,-6.64,-2.618,9094.614,,,,,,,,,0,0,Low,-2.618
Moldova,2005,MDA,40.291,9.469,3.485,10069.241,,,,,,,,,0,0,Low,3.485
Moldova,2006,MDA,42.639,5.828,2.348,10814.542,,,,,,,,,0,0,Low,2.348
Moldova,2007,MDA,37.104,-12.982,-5.535,9570.557,,,,,,,,,0,0,Low,-5.535
Moldova,2008,MDA,38.324,3.29,1.221,10052.481,,,,,,,,,0,0,Low,1.221
Moldova,2009,MDA,34.537,-9.883,-3.788,9210.98,,,,,,,,,0,0,Low,-3.788
Moldova,2010,MDA,34.162,-1.085,-0.375,9287.713,,,,,,,,,0,0,Low,-0.375
Moldova,2011,MDA,33.101,-3.106,-1.061,9207.143,,,,,,,,,0,0,Low,-1.061
Moldova,2012,MDA,45.268,36.758,12.167,12907.23,,,,,,,,,0,0,Low,12.167
Moldova,2013,MDA,44.536,-1.618,-0.733,13035.35,,,,,,,,,0,0,Low,-0.733
Moldova,2014,MDA,42.598,-4.351,-1.938,12760.212,,,,,,,,,0,0,Low,-1.938
Moldova,2015,MDA,38.075,-10.618,-4.523,11617.373,,,,,,,,,0,0,Low,-4.523
Moldova,2016,MDA,38.051,-0.063,-0.024,11798.2,,,,,,,,,0,0,Low,-0.024
Moldova,2017,MDA,38.689,1.677,0.638,12164.262,,,,,,,,,0,0,Low,0.638
Moldova,2018,MDA,41.251,6.623,2.562,13129.505,,,,,,,,,0,0,Low,2.562
Moldova,2019,MDA,41.944,1.68,0.693,13488.875,,,,,,,,,0,0,Low,0.693
Moldova,2020,MDA,40.321,-3.868,-1.622,13070.765,,,,,,,,,0,0,Low,-1.622
Moldova,2021,MDA,49.004,21.533,8.682,16006.373,,,,,,,,,0,0,Low,8.682
Mongolia,1980,MNG,43.601,,,25680.953,,,,,,,,,0,0,Low,0
Mongolia,1981,MNG,36.878,-15.42,-6.723,21203.541,,,,,,,,,0,0,Low,-6.723
Mongolia,1982,MNG,46.062,24.905,9.184,25851.371,,,,,,,,,0,0,Low,9.184
Mongolia,1983,MNG,46.8,1.601,0.738,25632.742,,,,,,,,,0,0,Low,0.738
Mongolia,1984,MNG,46.295,-1.079,-0.505,24734.777,,,,,,,,,0,0,Low,-0.505
Mongolia,1985,MNG,54.386,17.477,8.091,28329.633,,,,,,,,,0,0,Low,8.091
Mongolia,1986,MNG,59.2,8.851,4.814,30051.963,,,,,,,,,0,0,Low,4.814
Mongolia,1987,MNG,61.902,4.564,2.702,30621.645,,,,,,,,,0,0,Low,2.702
Mongolia,1988,MNG,65.104,5.173,3.202,31394.029,,,,,,,,,0,0,Low,3.202
Mongolia,1989,MNG,61.737,-5.172,-3.368,29109.637,,,,,,,,,0,0,Low,-3.368
Mongolia,1990,MNG,57.101,-7.509,-4.636,26418.062,,,,,,,,,0,0,Low,-4.636
Mongolia,1991,MNG,59.254,3.77,2.153,26932.641,,,,,,,,,0,0,Low,2.153
Mongolia,1992,MNG,52.94,-10.655,-6.314,23671.002,,,,,,,,,0,0,Low,-6.314
Mongolia,1993,MNG,48.582,-8.232,-4.358,21398.938,,,,,,,,,0,0,Low,-4.358
Mongolia,1994,MNG,45.29,-6.776,-3.292,19678.449,,,,,,,,,0,0,Low,-3.292
Mongolia,1995,MNG,43.172,-4.677,-2.118,18526.109,,,,,,,,,0,0,Low,-2.118
Mongolia,1996,MNG,44.448,2.956,1.276,18857.643,,,,,,,,,0,0,Low,1.276
Mongolia,1997,MNG,40.614,-8.627,-3.835,17051.783,,,,,,,,,0,0,Low,-3.835
Mongolia,1998,MNG,41.314,1.725,0.7,17177.256,,,,,,,,,0,0,Low,0.7
Mongolia,1999,MNG,41.56,0.595,0.246,17113.32,,,,,,,,,0,0,Low,0.246
Mongolia,2000,MNG,43.362,4.336,1.802,17691.607,,,,,,,,,0,0,Low,1.802
Mongolia,2001,MNG,43.276,-0.198,-0.086,17502.184,,,,,,,,,0,0,Low,-0.086
Mongolia,2002,MNG,46.155,6.652,2.879,18501.777,,,,,,,,,0,0,Low,2.879
Mongolia,2003,MNG,43.815,-5.07,-2.34,17411.361,,,,,,,,,0,0,Low,-2.34
Mongolia,2004,MNG,43.011,-1.835,-0.804,16947.145,,,,,,,,,0,0,Low,-0.804
Mongolia,2005,MNG,44.603,3.701,1.592,17428.029,,,,,,,,,0,0,Low,1.592
Mongolia,2006,MNG,48.041,7.709,3.438,18611.67,,,,,,,,,0,0,Low,3.438
Mongolia,2007,MNG,50.428,4.967,2.386,19353.18,,,,,,,,,0,0,Low,2.386
Mongolia,2008,MNG,49.832,-1.182,-0.596,18919.375,,,,,,,,,0,0,Low,-0.596
Mongolia,2009,MNG,50.457,1.254,0.625,18920.904,,,,,,,,,0,0,Low,0.625
Mongolia,2010,MNG,49.192,-2.506,-1.265,18202.299,,,,,,,,,0,0,Low,-1.265
Mongolia,2011,MNG,51.2,4.082,2.008,18659.32,,,,,,,,,0,0,Low,2.008
Mongolia,2012,MNG,55.022,7.465,3.822,19704.566,,,,,,,,,0,0,Low,3.822
Mongolia,2013,MNG,58.388,6.118,3.366,20521.99,,,,,,,,,0,0,Low,3.366
Mongolia,2014,MNG,57.184,-2.062,-1.204,19699.537,,,,,,,,,0,0,Low,-1.204
Mongolia,2015,MNG,56.872,-0.547,-0.313,19182.596,,,,,,,,,0,0,Low,-0.313
Mongolia,2016,MNG,59.658,4.9,2.787,19692.092,,,,,,,,,0,0,Low,2.787
Mongolia,2017,MNG,65.152,9.208,5.494,21043.662,,,,,,,,,0,0,Low,5.494
Mongolia,2018,MNG,71.146,9.2,5.994,22486.172,,,,,,,,,0,0,Low,5.994
Mongolia,2019,MNG,78.482,10.31,7.335,24279.391,,,,,,,,,0,0,Low,7.335
Mongolia,2020,MNG,67.128,-14.466,-11.353,20376.916,,,,,,,,,0,0,Low,-11.353
Mongolia,2021,MNG,75.016,11.75,7.888,22407.674,,,,,,,,,0,0,Low,7.888
Montenegro,2006,MNE,15.352,,,24270.525,,,,,,,,,0,0,Low,0
Montenegro,2007,MNE,13.809,-10.056,-1.544,21851.393,,,,,,,,,0,0,Low,-1.544
Montenegro,2008,MNE,15.605,13.01,1.797,24712.115,,,,,,,,,0,0,Low,1.797
Montenegro,2009,MNE,13.46,-13.745,-2.145,21325.205,,,,,,,,,0,0,Low,-2.145
Montenegro,2010,MNE,16.806,24.858,3.346,26631.988,,,,,,,,,0,0,Low,3.346
Montenegro,2011,MNE,13.863,-17.514,-2.943,21941.479,,,,,,,,,0,0,Low,-2.943
Montenegro,2012,MNE,13.469,-2.839,-0.394,21276.305,,,,,,,,,0,0,Low,-0.394
Montenegro,2013,MNE,14.505,7.691,1.036,22880.111,,,,,,,,,0,0,Low,1.036
Montenegro,2014,MNE,12.962,-10.64,-1.543,20434.42,,,,,,,,,0,0,Low,-1.543
Montenegro,2015,MNE,13.335,2.885,0.374,21034.895,,,,,,,,,0,0,Low,0.374
Montenegro,2016,MNE,13.316,-0.143,-0.019,21028.148,,,,,,,,,0,0,Low,-0.019
Montenegro,2017,MNE,12.434,-6.625,-0.882,19660.412,,,,,,,,,0,0,Low,-0.882
Montenegro,2018,MNE,13.799,10.977,1.365,21852.676,,,,,,,,,0,0,Low,1.365
Montenegro,2019,MNE,12.898,-6.527,-0.901,20460.551,,,,,,,,,0,0,Low,-0.901
Montenegro,2020,MNE,11.287,-12.495,-1.612,17942.342,,,,,,,,,0,0,Low,-1.612
Montenegro,2021,MNE,11.892,5.36,0.605,18940.291,,,,,,,,,0,0,Low,0.605
Montserrat,1980,MSR,0.062,,,5446.417,,,,,,,,,0,0,Low,0
Montserrat,1981,MSR,0.062,-0.273,0,5469.678,,,,,,,,,0,0,Low,0
Montserrat,1982,MSR,0.062,0,0,5503.981,,,,,,,,,0,0,Low,0
Montserrat,1983,MSR,0.062,0,0,5535.274,,,,,,,,,0,0,Low,0
Montserrat,1984,MSR,0.062,0.274,0,5582.674,,,,,,,,,0,0,Low,0
Montserrat,1985,MSR,0.125,99.454,0.062,11193.852,,,,,,,,,0,0,Low,0.062
Montserrat,1986,MSR,0.051,-59.125,-0.074,4589.917,,,,,,,,,0,0,Low,-0.074
Montserrat,1987,MSR,0.064,25.207,0.013,5774.471,,,,,,,,,0,0,Low,0.013
Montserrat,1988,MSR,0.064,0.011,0,5806.108,,,,,,,,,0,0,Low,0
Montserrat,1989,MSR,0.064,-0.011,0,5841.641,,,,,,,,,0,0,Low,0
Montserrat,1990,MSR,0.075,17.83,0.011,6940.406,,,,,,,,,0,0,Low,0.011
Montserrat,1991,MSR,0.131,74.772,0.056,12398.994,,,,,,,,,0,0,Low,0.056
Montserrat,1992,MSR,0.132,0.251,0,12996.938,,,,,,,,,0,0,Low,0
Montserrat,1993,MSR,0.131,-0.25,0,13722.97,,,,,,,,,0,0,Low,0
Montserrat,1994,MSR,0.131,0,0,14622.862,,,,,,,,,0,0,Low,0
Montserrat,1995,MSR,0.194,47.441,0.062,23150.402,,,,,,,,,0,0,Low,0.062
Montserrat,1996,MSR,0.194,0.258,0.001,25094.129,,,,,,,,,0,0,Low,0.001
Montserrat,1997,MSR,0.194,-0.258,-0.001,27305.855,,,,,,,,,0,0,Low,-0.001
Montserrat,1998,MSR,0.194,0,0,30093.725,,,,,,,,,0,0,Low,0
Montserrat,1999,MSR,0.194,0.003,0,33446.98,,,,,,,,,0,0,Low,0
Montserrat,2000,MSR,0.116,-39.939,-0.077,22515.271,,,,,,,,,0,0,Low,-0.077
Montserrat,2001,MSR,0.116,0,0,24606.283,,,,,,,,,0,0,Low,0
Montserrat,2002,MSR,0.168,44.137,0.051,36233.332,,,,,,,,,0,0,Low,0.051
Montserrat,2003,MSR,0.168,0,0,36038.613,,,,,,,,,0,0,Low,0
Montserrat,2004,MSR,0.168,0,0,35807.695,,,,,,,,,0,0,Low,0
Montserrat,2005,MSR,0.168,0,0,35542.004,,,,,,,,,0,0,Low,0
Montserrat,2006,MSR,0.168,0,0,35250.551,,,,,,,,,0,0,Low,0
Montserrat,2007,MSR,0.186,11.157,0.019,38881.137,,,,,,,,,0,0,Low,0.019
Montserrat,2008,MSR,0.239,28.385,0.053,49473.754,,,,,,,,,0,0,Low,0.053
Montserrat,2009,MSR,0.202,-15.446,-0.037,41319.547,,,,,,,,,0,0,Low,-0.037
Montserrat,2010,MSR,0.27,33.618,0.068,54497.844,,,,,,,,,0,0,Low,0.068
Montserrat,2011,MSR,0.187,-30.872,-0.083,37454.199,,,,,,,,,0,0,Low,-0.083
Montserrat,2012,MSR,0.181,-2.986,-0.006,36263.168,,,,,,,,,0,0,Low,-0.006
Montserrat,2013,MSR,0.228,26.001,0.047,45365.406,,,,,,,,,0,0,Low,0.047
Montserrat,2014,MSR,0.213,-6.621,-0.015,42027.945,,,,,,,,,0,0,Low,-0.015
Montserrat,2015,MSR,0.24,12.542,0.027,47224.633,,,,,,,,,0,0,Low,0.027
Montserrat,2016,MSR,0.137,-42.953,-0.103,26808.178,,,,,,,,,0,0,Low,-0.103
Montserrat,2017,MSR,0.123,-10.172,-0.014,26044.17,,,,,,,,,0,0,Low,-0.014
Montserrat,2018,MSR,0.137,11.07,0.014,31185.535,,,,,,,,,0,0,Low,0.014
Montserrat,2019,MSR,0.137,0,0,30173.104,,,,,,,,,0,0,Low,0
Montserrat,2020,MSR,0.115,-15.811,-0.022,25413.51,,,,,,,,,0,0,Low,-0.022
Montserrat,2021,MSR,0.122,6.432,0.007,27584.43,,,,,,,,,0,0,Low,0.007
Morocco,1965,MAR,17.761,,,1327.239,,,1059.203,79.805,,,268.036,20.195,0,0,Low,0
Morocco,1966,MAR,23.385,31.666,5.624,1702.162,42.996,6.094,1475.306,86.672,-13.108,-0.47,226.856,13.328,-0.083570413,-8.357041252,Low,6.094
Morocco,1967,MAR,24.64,5.365,1.255,1746.291,7.97,1.615,1550.972,88.815,-11.575,-0.361,195.32,11.185,-0.287649402,-28.76494024,Low,1.616
Morocco,1968,MAR,26.452,7.356,1.813,1825.546,6.58,1.44,1609.64,88.173,13.519,0.373,215.906,11.827,0.205736349,20.57363486,Low,1.44
Morocco,1969,MAR,29.009,9.665,2.557,1949.926,7.032,1.64,1678.018,86.055,29.301,0.917,271.907,13.944,0.358623387,35.86233868,Low,1.64
Morocco,1970,MAR,30.375,4.709,1.366,1988.633,5.733,1.431,1728.058,86.897,-1.608,-0.065,260.574,13.103,-0.047584187,-4.758418741,Low,1.431
Morocco,1971,MAR,32.28,6.271,1.905,2059.025,5.268,1.39,1772.329,86.076,12.927,0.515,286.696,13.924,0.270341207,27.03412073,Low,1.39
Morocco,1972,MAR,34.89,8.086,2.61,2169.582,8.585,2.385,1876.116,86.474,5,0.225,293.466,13.526,0.086206897,8.620689655,Low,2.385
Morocco,1973,MAR,38.756,11.081,3.866,2350.362,16.774,5.061,2136.605,90.905,-25.313,-1.195,213.757,9.095,-0.309105018,-30.91050181,Low,5.061
Morocco,1974,MAR,41.431,6.901,2.674,2451.171,6.374,2.246,2217.27,90.458,12.164,0.429,233.902,9.542,0.160433807,16.0433807,Low,2.245
Morocco,1975,MAR,42.11,1.64,0.679,2430.553,4.346,1.629,2257.148,92.866,-24.009,-0.949,173.405,7.134,-1.397643594,-139.7643594,Low,1.628
Morocco,1976,MAR,45.639,8.381,3.529,2570.283,9.161,3.582,2404.086,93.534,-1.772,-0.053,166.197,6.466,-0.015018419,-1.501841882,Low,3.582
Morocco,1977,MAR,51.191,12.163,5.551,2811.665,10.462,4.466,2589.969,92.115,36.774,1.085,221.695,7.885,0.195460277,19.54602774,Low,4.466
Morocco,1978,MAR,54.337,6.147,3.147,2908.867,6.353,2.996,2684.717,92.294,3.736,0.151,224.15,7.706,0.047982205,4.798220527,Low,2.996
Morocco,1979,MAR,60.603,11.531,6.266,3161.722,11.515,5.775,2917.667,92.281,11.723,0.491,244.055,7.719,0.0783594,7.835939994,Low,5.775
Morocco,1980,MAR,60.776,0.285,0.173,3088.43,0.663,0.371,2860.778,92.629,-4.235,-0.198,227.652,7.371,-1.144508671,-114.4508671,Low,0.371
Morocco,1981,MAR,58.95,-3.003,-1.825,2917.135,-0.663,-0.373,2767.298,94.864,-32.409,-1.452,149.838,5.136,0.795616438,79.56164384,Medium,-0.373
Morocco,1982,MAR,60.749,3.052,1.799,2928.141,5.607,3.136,2846.615,97.216,-44.141,-1.337,81.526,2.784,-0.743190661,-74.31906615,Low,3.136
Morocco,1983,MAR,62.371,2.669,1.622,2929.958,3.202,1.891,2863.144,97.72,-15.909,-0.269,66.815,2.28,-0.165844636,-16.58446363,Low,1.891
Morocco,1984,MAR,63.204,1.335,0.833,2896.968,1.924,1.173,2847.362,98.288,-23.909,-0.34,49.606,1.712,-0.408163265,-40.81632653,Low,1.173
Morocco,1985,MAR,65.303,3.321,2.099,2923.776,2.807,1.744,2859.433,97.799,32.787,0.355,64.343,2.201,0.169128156,16.91281563,Low,1.744
Morocco,1986,MAR,67.535,3.419,2.232,2958.895,2.769,1.768,2875.592,97.185,32.305,0.464,83.303,2.815,0.207885305,20.78853047,Low,1.768
Morocco,1987,MAR,69.565,3.006,2.03,2988.198,2.273,1.492,2883.408,96.493,28.305,0.538,104.791,3.507,0.265024631,26.50246305,Low,1.492
Morocco,1988,MAR,73.487,5.638,3.922,3098.018,5.353,3.594,2981.337,96.234,13.455,0.328,116.681,3.766,0.083630801,8.363080061,Low,3.594
Morocco,1989,MAR,80.847,10.016,7.36,3347.967,9.484,6.707,3206.29,95.768,23.611,0.653,141.677,4.232,0.088722826,8.872282609,Low,6.707
Morocco,1990,MAR,82.756,2.361,1.909,3368.051,2.225,1.722,3221.229,95.641,5.445,0.186,146.822,4.359,0.097433211,9.743321111,Low,1.723
Morocco,1991,MAR,83.804,1.266,1.048,3353.75,1.302,1.03,3208.67,95.674,0.492,0.018,145.08,4.326,0.017175573,1.717557252,Low,1.03
Morocco,1992,MAR,93.779,11.903,9.976,3692.001,13.408,10.75,3579.778,96.96,-21.37,-0.775,112.223,3.04,-0.077686447,-7.768644747,Low,10.751
Morocco,1993,MAR,94.766,1.052,0.987,3672.131,2.779,2.527,3621.372,98.618,-54.046,-1.541,50.76,1.382,-1.561296859,-156.1296859,Low,2.528
Morocco,1994,MAR,104.454,10.224,9.689,3986.573,9.111,8.515,3891.775,97.622,89.616,1.174,94.799,2.378,0.121168335,12.11683352,Low,8.515
Morocco,1995,MAR,102.452,-1.917,-2.003,3851.71,-1.3,-1.325,3783.786,98.237,-27.262,-0.677,67.924,1.763,0.33799301,33.79930105,Low,-1.326
Morocco,1996,MAR,107.114,4.55,4.662,3967.302,0.677,0.682,3752.968,94.597,220.295,3.98,214.334,5.403,0.853710854,85.37108537,Medium,0.682
Morocco,1997,MAR,111.354,3.959,4.24,4064.434,3.817,3.868,3839.615,94.469,6.438,0.373,224.82,5.531,0.087971698,8.797169811,Low,3.867
Morocco,1998,MAR,114.212,2.567,2.858,4109.542,3.577,3.763,3920.473,95.399,-14.69,-0.905,189.069,4.601,-0.316655003,-31.66550035,Low,3.763
Morocco,1999,MAR,118.492,3.748,4.28,4205.276,6.512,7.095,4118.697,97.941,-53.573,-2.815,86.578,2.059,-0.65771028,-65.77102804,Low,7.095
Morocco,2000,MAR,117.463,-0.868,-1.029,4113.667,-0.777,-0.901,4032.686,98.031,-5.212,-0.127,80.981,1.969,0.123420797,12.34207969,Low,-0.902
Morocco,2001,MAR,126.905,8.038,9.442,4386.623,7.483,8.617,4278.16,97.527,36.586,0.825,108.463,2.473,0.087375556,8.737555603,Low,8.617
Morocco,2002,MAR,130.092,2.511,3.187,4439.724,2.667,3.3,4336.524,97.676,-3.005,-0.114,103.199,2.324,-0.035770317,-3.577031691,Low,3.301
Morocco,2003,MAR,130.45,0.275,0.358,4397.996,-1.092,-1.387,4237.195,96.344,58.746,1.746,160.802,3.656,4.877094972,487.7094972,High,-1.388
Morocco,2004,MAR,148.563,13.885,18.113,4946.639,14.102,17.723,4774.861,96.527,8.859,0.389,171.778,3.473,0.021476288,2.147628775,Low,17.724
Morocco,2005,MAR,161.334,8.596,12.771,5301.474,10.165,14.577,5191.281,97.921,-34.586,-1.806,110.192,2.079,-0.141414141,-14.14141414,Low,14.577
Morocco,2006,MAR,164.665,2.065,3.331,5340.532,2.131,3.367,5232.947,97.985,-0.453,-0.036,107.585,2.015,-0.010807565,-1.08075653,Low,3.367
Morocco,2007,MAR,163.228,-0.872,-1.436,5226.211,-0.904,-1.459,5119.291,97.954,1.304,0.022,106.921,2.046,-0.015320334,-1.532033426,Low,-1.458
Morocco,2008,MAR,180.131,10.355,16.902,5694.036,10.526,16.83,5586.19,98.106,2.803,0.072,107.846,1.894,0.004259851,0.425985091,Low,16.83
Morocco,2009,MAR,175.79,-2.41,-4.341,5486.076,-5.203,-9.194,5228.139,95.298,143.761,4.853,257.937,4.702,-1.117945174,-111.7945174,Low,-9.194
Morocco,2010,MAR,194.956,10.903,19.167,6005.15,9.538,15.978,5652.338,94.125,39.439,3.189,352.812,5.875,0.166379715,16.63797151,Low,15.978
Morocco,2011,MAR,204.747,5.022,9.791,6222.626,7.522,13.803,5996.45,96.365,-34.628,-4.012,226.176,3.635,-0.409764069,-40.9764069,Low,13.803
Morocco,2012,MAR,208.422,1.795,3.674,6249.124,2.356,4.648,6055.178,96.896,-12.551,-0.974,193.946,3.104,-0.265106151,-26.51061513,Low,4.648
Morocco,2013,MAR,213.979,2.666,5.557,6330.083,0.557,1.124,6007.583,94.905,69.556,4.433,322.501,5.095,0.79773259,79.77325895,Medium,1.124
Morocco,2014,MAR,217.025,1.423,3.046,6336.756,2.117,4.3,6055.053,95.554,-10.967,-1.254,281.702,4.446,-0.411687459,-41.1687459,Low,4.3
Morocco,2015,MAR,220.859,1.766,3.834,6368.394,0.774,1.605,6025.945,94.623,23.834,2.228,342.449,5.377,0.581116328,58.11163276,Medium,1.606
Morocco,2016,MAR,223.324,1.116,2.465,6361.196,0.897,1.874,6006.062,94.417,5.605,0.591,355.133,5.583,0.239756592,23.97565923,Low,1.874
Morocco,2017,MAR,233.801,4.691,10.476,6580.724,5.032,10.609,6233.538,94.724,-0.481,-0.133,347.185,5.276,-0.012695685,-1.269568538,Low,10.609
Morocco,2018,MAR,241.814,3.427,8.013,6730.607,1.441,3.192,6253.096,92.905,39.902,4.821,477.511,7.095,0.601647323,60.16473231,Medium,3.192
Morocco,2019,MAR,263.841,9.109,22.027,7267.464,8.59,19.299,6719.754,92.464,16.333,2.728,547.71,7.536,0.123848005,12.38480047,Low,19.299
Morocco,2020,MAR,242.534,-8.076,-21.307,6610.578,-8.097,-19.753,6110.975,92.442,-7.478,-1.554,499.603,7.558,0.072933778,7.293377763,Low,-19.753
Morocco,2021,MAR,269.054,10.935,26.521,7256.722,10.965,24.584,6710.106,92.467,10.973,1.937,546.616,7.533,0.073036462,7.303646167,Low,24.584
Morocco,2022,MAR,267.057,-0.742,-1.998,7129.506,-0.154,-0.382,6631.587,93.016,-7.635,-1.616,497.918,6.984,0.808808809,80.88088088,Medium,-0.382
Morocco,2023,MAR,271.281,1.582,4.224,7169.151,-0.014,-0.034,6563.732,91.555,23.278,4.258,605.419,8.445,1.008049242,100.8049242,High,-0.034
Mozambique,1980,MOZ,48.801,,,4275.736,,,,,,,,,0,0,Low,0
Mozambique,1981,MOZ,16.995,-65.176,-31.807,1460.025,,,,,,,,,0,0,Low,-31.807
Mozambique,1982,MOZ,16.76,-1.383,-0.235,1408.161,,,,,,,,,0,0,Low,-0.235
Mozambique,1983,MOZ,23.571,40.643,6.812,1937.906,,,,,,,,,0,0,Low,6.812
Mozambique,1984,MOZ,8.84,-62.496,-14.731,711.419,,,,,,,,,0,0,Low,-14.731
Mozambique,1985,MOZ,8.552,-3.258,-0.288,674.459,,,,,,,,,0,0,Low,-0.288
Mozambique,1986,MOZ,4.518,-47.171,-4.034,349.968,,,,,,,,,0,0,Low,-4.034
Mozambique,1987,MOZ,4.562,0.98,0.044,351.898,,,,,,,,,0,0,Low,0.044
Mozambique,1988,MOZ,6.621,45.128,2.059,511.02,,,,,,,,,0,0,Low,2.059
Mozambique,1989,MOZ,5.351,-19.182,-1.27,408.866,,,,,,,,,0,0,Low,-1.27
Mozambique,1990,MOZ,5.464,2.116,0.113,410.743,,,,,,,,,0,0,Low,0.113
Mozambique,1991,MOZ,5.607,2.619,0.143,413.489,,,,,,,,,0,0,Low,0.143
Mozambique,1992,MOZ,5.534,-1.306,-0.073,400.537,,,,,,,,,0,0,Low,-0.073
Mozambique,1993,MOZ,5.97,7.87,0.436,420.217,,,,,,,,,0,0,Low,0.436
Mozambique,1994,MOZ,5.774,-3.285,-0.196,387.157,,,,,,,,,0,0,Low,-0.196
Mozambique,1995,MOZ,6.086,5.416,0.313,390.277,,,,,,,,,0,0,Low,0.313
Mozambique,1996,MOZ,6.362,4.524,0.275,395.634,,,,,,,,,0,0,Low,0.275
Mozambique,1997,MOZ,7.567,18.951,1.206,458.016,,,,,,,,,0,0,Low,1.206
Mozambique,1998,MOZ,9.395,24.153,1.828,555.15,,,,,,,,,0,0,Low,1.828
Mozambique,1999,MOZ,22.797,142.655,13.402,1314.877,,,,,,,,,0,0,Low,13.402
Mozambique,2000,MOZ,29.259,28.343,6.462,1646.661,,,,,,,,,0,0,Low,6.462
Mozambique,2001,MOZ,37.513,28.21,8.254,2058.794,,,,,,,,,0,0,Low,8.254
Mozambique,2002,MOZ,37.984,1.256,0.471,2031.781,,,,,,,,,0,0,Low,0.471
Mozambique,2003,MOZ,38.473,1.287,0.489,2005.184,,,,,,,,,0,0,Low,0.489
Mozambique,2004,MOZ,40.323,4.808,1.85,2047.423,,,,,,,,,0,0,Low,1.85
Mozambique,2005,MOZ,44.253,9.747,3.93,2189.541,,,,,,,,,0,0,Low,3.93
Mozambique,2006,MOZ,48.221,8.967,3.968,2325.486,,,,,,,,,0,0,Low,3.968
Mozambique,2007,MOZ,53.582,11.117,5.361,2517.889,,,,,,,,,0,0,Low,5.361
Mozambique,2008,MOZ,50.493,-5.766,-3.089,2311.345,,,,,,,,,0,0,Low,-3.089
Mozambique,2009,MOZ,54.579,8.093,4.086,2432.587,,,,,,,,,0,0,Low,4.086
Mozambique,2010,MOZ,54.352,-0.415,-0.227,2355.594,,,,,,,,,0,0,Low,-0.227
Mozambique,2011,MOZ,61.55,13.243,7.198,2590.46,,,,,,,,,0,0,Low,7.198
Mozambique,2012,MOZ,66.132,7.443,4.581,2700.616,,,,,,,,,0,0,Low,4.581
Mozambique,2013,MOZ,70.081,5.971,3.949,2775.278,,,,,,,,,0,0,Low,3.949
Mozambique,2014,MOZ,77.782,10.99,7.702,2987.178,,,,,,,,,0,0,Low,7.702
Mozambique,2015,MOZ,82.618,6.217,4.836,3077.791,,,,,,,,,0,0,Low,4.836
Mozambique,2016,MOZ,84.95,2.823,2.332,3067.182,,,,,,,,,0,0,Low,2.332
Mozambique,2017,MOZ,85.286,0.396,0.336,2985.232,,,,,,,,,0,0,Low,0.336
Mozambique,2018,MOZ,70.118,-17.785,-15.169,2383.024,,,,,,,,,0,0,Low,-15.169
Mozambique,2019,MOZ,74.106,5.688,3.988,2446.911,,,,,,,,,0,0,Low,3.988
Mozambique,2020,MOZ,70.109,-5.394,-3.997,2248.653,,,,,,,,,0,0,Low,-3.997
Mozambique,2021,MOZ,71.892,2.543,1.783,2241.226,,,,,,,,,0,0,Low,1.783
Myanmar,1980,MMR,20.251,,,605.126,,,,,,,,,0,0,Low,0
Myanmar,1981,MMR,20.877,3.093,0.626,612.058,,,,,,,,,0,0,Low,0.626
Myanmar,1982,MMR,22.967,10.008,2.089,661.055,,,,,,,,,0,0,Low,2.089
Myanmar,1983,MMR,23.494,2.298,0.528,663.23,,,,,,,,,0,0,Low,0.528
Myanmar,1984,MMR,25.533,8.676,2.038,706.111,,,,,,,,,0,0,Low,2.038
Myanmar,1985,MMR,25.785,0.986,0.252,699.129,,,,,,,,,0,0,Low,0.252
Myanmar,1986,MMR,26.252,1.813,0.467,698.706,,,,,,,,,0,0,Low,0.467
Myanmar,1987,MMR,25.957,-1.124,-0.295,678.915,,,,,,,,,0,0,Low,-0.295
Myanmar,1988,MMR,24.966,-3.817,-0.991,642.333,,,,,,,,,0,0,Low,-0.991
Myanmar,1989,MMR,25.902,3.748,0.936,655.923,,,,,,,,,0,0,Low,0.936
Myanmar,1990,MMR,25.123,-3.006,-0.779,626.523,,,,,,,,,0,0,Low,-0.779
Myanmar,1991,MMR,24.876,-0.983,-0.247,611.502,,,,,,,,,0,0,Low,-0.247
Myanmar,1992,MMR,26.015,4.576,1.138,630.845,,,,,,,,,0,0,Low,1.138
Myanmar,1993,MMR,27.799,6.858,1.784,665.226,,,,,,,,,0,0,Low,1.784
Myanmar,1994,MMR,32.523,16.995,4.724,768.193,,,,,,,,,0,0,Low,4.724
Myanmar,1995,MMR,34.496,6.066,1.973,804.471,,,,,,,,,0,0,Low,1.973
Myanmar,1996,MMR,34.848,1.02,0.352,802.511,,,,,,,,,0,0,Low,0.352
Myanmar,1997,MMR,37.122,6.525,2.274,844.211,,,,,,,,,0,0,Low,2.274
Myanmar,1998,MMR,41.131,10.8,4.009,923.954,,,,,,,,,0,0,Low,4.009
Myanmar,1999,MMR,41.697,1.377,0.566,925.748,,,,,,,,,0,0,Low,0.566
Myanmar,2000,MMR,48.049,15.233,6.352,1055.134,,,,,,,,,0,0,Low,6.352
Myanmar,2001,MMR,44.351,-7.697,-3.698,963.841,,,,,,,,,0,0,Low,-3.698
Myanmar,2002,MMR,51.471,16.054,7.12,1107.38,,,,,,,,,0,0,Low,7.12
Myanmar,2003,MMR,58.021,12.726,6.55,1236.488,,,,,,,,,0,0,Low,6.55
Myanmar,2004,MMR,60.847,4.87,2.826,1285.359,,,,,,,,,0,0,Low,2.826
Myanmar,2005,MMR,78.402,28.85,17.555,1642.795,,,,,,,,,0,0,Low,17.555
Myanmar,2006,MMR,74.007,-5.605,-4.395,1538.981,,,,,,,,,0,0,Low,-4.395
Myanmar,2007,MMR,79.877,7.931,5.87,1648.792,,,,,,,,,0,0,Low,5.87
Myanmar,2008,MMR,73.33,-8.196,-6.547,1504.837,,,,,,,,,0,0,Low,-6.547
Myanmar,2009,MMR,67.539,-7.897,-5.791,1377.901,,,,,,,,,0,0,Low,-5.791
Myanmar,2010,MMR,68.499,1.422,0.961,1386.882,,,,,,,,,0,0,Low,0.961
Myanmar,2011,MMR,74.951,9.418,6.451,1505.196,,,,,,,,,0,0,Low,6.451
Myanmar,2012,MMR,89.368,19.237,14.418,1779.603,,,,,,,,,0,0,Low,14.418
Myanmar,2013,MMR,103.474,15.783,14.105,2042.981,,,,,,,,,0,0,Low,14.105
Myanmar,2014,MMR,120.965,16.904,17.491,2368.495,,,,,,,,,0,0,Low,17.491
Myanmar,2015,MMR,112.88,-6.684,-8.085,2192.525,,,,,,,,,0,0,Low,-8.085
Myanmar,2016,MMR,129.814,15.002,16.934,2501.596,,,,,,,,,0,0,Low,16.934
Myanmar,2017,MMR,167.527,29.052,37.713,3203.901,,,,,,,,,0,0,Low,37.713
Myanmar,2018,MMR,172.26,2.825,4.733,3270.801,,,,,,,,,0,0,Low,4.733
Myanmar,2019,MMR,169.581,-1.555,-2.679,3197.22,,,,,,,,,0,0,Low,-2.679
Myanmar,2020,MMR,170.052,0.277,0.47,3183.105,,,,,,,,,0,0,Low,0.47
Myanmar,2021,MMR,164.883,-3.039,-5.169,3064.848,,,,,,,,,0,0,Low,-5.169
Namibia,1990,NAM,10.159,,,7420.298,,,,,,,,,0,0,Low,0
Namibia,1991,NAM,5.397,-46.871,-4.761,3812.525,,,,,,,,,0,0,Low,-4.761
Namibia,1992,NAM,5.022,-6.959,-0.376,3435.413,,,,,,,,,0,0,Low,-0.376
Namibia,1993,NAM,6.315,25.758,1.293,4182.518,,,,,,,,,0,0,Low,1.293
Namibia,1994,NAM,6.02,-4.664,-0.295,3863.084,,,,,,,,,0,0,Low,-0.295
Namibia,1995,NAM,9.466,57.225,3.445,5896.206,,,,,,,,,0,0,Low,3.445
Namibia,1996,NAM,9.19,-2.917,-0.276,5569.181,,,,,,,,,0,0,Low,-0.276
Namibia,1997,NAM,8.877,-3.4,-0.312,5242.652,,,,,,,,,0,0,Low,-0.312
Namibia,1998,NAM,9.753,9.863,0.876,5618.035,,,,,,,,,0,0,Low,0.876
Namibia,1999,NAM,13.059,33.906,3.307,7343.829,,,,,,,,,0,0,Low,3.307
Namibia,2000,NAM,12.682,-2.886,-0.377,6971.662,,,,,,,,,0,0,Low,-0.377
Namibia,2001,NAM,14.678,15.737,1.996,7906.876,,,,,,,,,0,0,Low,1.996
Namibia,2002,NAM,14.113,-3.849,-0.565,7473.249,,,,,,,,,0,0,Low,-0.565
Namibia,2003,NAM,14.88,5.428,0.766,7768.259,,,,,,,,,0,0,Low,0.766
Namibia,2004,NAM,15.511,4.247,0.632,7998.042,,,,,,,,,0,0,Low,0.632
Namibia,2005,NAM,16.35,5.407,0.839,8329.664,,,,,,,,,0,0,Low,0.839
Namibia,2006,NAM,16.297,-0.325,-0.053,8203.538,,,,,,,,,0,0,Low,-0.053
Namibia,2007,NAM,16.77,2.903,0.473,8337.066,,,,,,,,,0,0,Low,0.473
Namibia,2008,NAM,17.675,5.397,0.905,8670.396,,,,,,,,,0,0,Low,0.905
Namibia,2009,NAM,18.016,1.926,0.34,8711.895,,,,,,,,,0,0,Low,0.34
Namibia,2010,NAM,18.547,2.948,0.531,8834.805,,,,,,,,,0,0,Low,0.531
Namibia,2011,NAM,19.268,3.892,0.722,9036.284,,,,,,,,,0,0,Low,0.722
Namibia,2012,NAM,19.851,3.024,0.583,9158.613,,,,,,,,,0,0,Low,0.583
Namibia,2013,NAM,20.533,3.433,0.682,9313.876,,,,,,,,,0,0,Low,0.682
Namibia,2014,NAM,21.838,6.355,1.305,9735.818,,,,,,,,,0,0,Low,1.305
Namibia,2015,NAM,22.859,4.677,1.021,10013.897,,,,,,,,,0,0,Low,1.021
Namibia,2016,NAM,22.91,0.224,0.051,9860.743,,,,,,,,,0,0,Low,0.051
Namibia,2017,NAM,23.574,2.9,0.664,9969.967,,,,,,,,,0,0,Low,0.664
Namibia,2018,NAM,23.277,-1.263,-0.298,9675.655,,,,,,,,,0,0,Low,-0.298
Namibia,2019,NAM,22.642,-2.725,-0.634,9254.443,,,,,,,,,0,0,Low,-0.634
Namibia,2020,NAM,22.303,-1.498,-0.339,8960.352,,,,,,,,,0,0,Low,-0.339
Namibia,2021,NAM,22.134,-0.757,-0.169,8748.273,,,,,,,,,0,0,Low,-0.169
Nauru,1980,NRU,0.585,,,76483.586,,,,,,,,,0,0,Low,0
Nauru,1981,NRU,0.584,-0.273,-0.002,75661.578,,,,,,,,,0,0,Low,-0.002
Nauru,1982,NRU,0.584,0,0,75858.25,,,,,,,,,0,0,Low,0
Nauru,1983,NRU,0.584,0,0,74322.344,,,,,,,,,0,0,Low,0
Nauru,1984,NRU,0.585,0.274,0.002,71827.734,,,,,,,,,0,0,Low,0.002
Nauru,1985,NRU,0.584,-0.273,-0.002,70024.398,,,,,,,,,0,0,Low,-0.002
Nauru,1986,NRU,0.559,-4.299,-0.025,65298.43,,,,,,,,,0,0,Low,-0.025
Nauru,1987,NRU,0.559,0,0,63595.895,,,,,,,,,0,0,Low,0
Nauru,1988,NRU,0.56,0.255,0.001,61931.742,,,,,,,,,0,0,Low,0.001
Nauru,1989,NRU,0.559,-0.254,-0.001,59886.648,,,,,,,,,0,0,Low,-0.001
Nauru,1990,NRU,0.559,0,0,58062.656,,,,,,,,,0,0,Low,0
Nauru,1991,NRU,0.559,0,0,56278.363,,,,,,,,,0,0,Low,0
Nauru,1992,NRU,0.56,0.255,0.001,55160.246,,,,,,,,,0,0,Low,0.001
Nauru,1993,NRU,0.559,-0.254,-0.001,54499.246,,,,,,,,,0,0,Low,-0.001
Nauru,1994,NRU,0.559,0,0,54261.004,,,,,,,,,0,0,Low,0
Nauru,1995,NRU,0.626,12.04,0.067,60547.156,,,,,,,,,0,0,Low,0.067
Nauru,1996,NRU,0.627,0.257,0.002,60503.73,,,,,,,,,0,0,Low,0.002
Nauru,1997,NRU,0.626,-0.256,-0.002,60255.672,,,,,,,,,0,0,Low,-0.002
Nauru,1998,NRU,0.626,0,0,60174.559,,,,,,,,,0,0,Low,0
Nauru,1999,NRU,0.626,0.001,0,60145.945,,,,,,,,,0,0,Low,0
Nauru,2000,NRU,0.458,-26.851,-0.168,44017.281,,,,,,,,,0,0,Low,-0.168
Nauru,2001,NRU,0.415,-9.364,-0.043,39953.254,,,,,,,,,0,0,Low,-0.043
Nauru,2002,NRU,0.389,-6.133,-0.025,37538.883,,,,,,,,,0,0,Low,-0.025
Nauru,2003,NRU,0.349,-10.35,-0.04,33686.039,,,,,,,,,0,0,Low,-0.04
Nauru,2004,NRU,0.328,-6.15,-0.021,31641.859,,,,,,,,,0,0,Low,-0.021
Nauru,2005,NRU,0.321,-2.005,-0.007,31064.385,,,,,,,,,0,0,Low,-0.007
Nauru,2006,NRU,0.234,-27.19,-0.087,22659.775,,,,,,,,,0,0,Low,-0.087
Nauru,2007,NRU,0.228,-2.607,-0.006,22131.348,,,,,,,,,0,0,Low,-0.006
Nauru,2008,NRU,0.232,1.711,0.004,22558.277,,,,,,,,,0,0,Low,0.004
Nauru,2009,NRU,0.225,-2.798,-0.006,21952.797,,,,,,,,,0,0,Low,-0.006
Nauru,2010,NRU,0.237,5.407,0.012,23124.062,,,,,,,,,0,0,Low,0.012
Nauru,2011,NRU,0.233,-1.703,-0.004,22639.811,,,,,,,,,0,0,Low,-0.004
Nauru,2012,NRU,0.248,6.114,0.014,23654.348,,,,,,,,,0,0,Low,0.014
Nauru,2013,NRU,0.289,16.823,0.042,26976.27,,,,,,,,,0,0,Low,0.042
Nauru,2014,NRU,0.312,7.979,0.023,28475.137,,,,,,,,,0,0,Low,0.023
Nauru,2015,NRU,0.332,6.485,0.02,29667.088,,,,,,,,,0,0,Low,0.02
Nauru,2016,NRU,0.365,9.746,0.032,31831.389,,,,,,,,,0,0,Low,0.032
Nauru,2017,NRU,0.287,-21.367,-0.078,24506.256,,,,,,,,,0,0,Low,-0.078
Nauru,2018,NRU,0.337,17.458,0.05,28203.953,,,,,,,,,0,0,Low,0.05
Nauru,2019,NRU,0.272,-19.183,-0.065,22405.49,,,,,,,,,0,0,Low,-0.065
Nauru,2020,NRU,0.261,-4.216,-0.011,21142.482,,,,,,,,,0,0,Low,-0.011
Nauru,2021,NRU,0.271,3.816,0.01,21609.617,,,,,,,,,0,0,Low,0.01
Nepal,1980,NPL,2.195,,,140.716,,,,,,,,,0,0,Low,0
Nepal,1981,NPL,2.2,0.21,0.005,137.75,,,,,,,,,0,0,Low,0.005
Nepal,1982,NPL,2.858,29.936,0.659,174.855,,,,,,,,,0,0,Low,0.659
Nepal,1983,NPL,3.267,14.291,0.408,195.146,,,,,,,,,0,0,Low,0.408
Nepal,1984,NPL,3.306,1.204,0.039,192.876,,,,,,,,,0,0,Low,0.039
Nepal,1985,NPL,3.028,-8.423,-0.278,172.613,,,,,,,,,0,0,Low,-0.278
Nepal,1986,NPL,4.075,34.581,1.047,227.171,,,,,,,,,0,0,Low,1.047
Nepal,1987,NPL,4.641,13.888,0.566,253.225,,,,,,,,,0,0,Low,0.566
Nepal,1988,NPL,4.591,-1.063,-0.049,245.252,,,,,,,,,0,0,Low,-0.049
Nepal,1989,NPL,4.609,0.389,0.018,240.75,,,,,,,,,0,0,Low,0.018
Nepal,1990,NPL,5.545,20.294,0.935,282.648,,,,,,,,,0,0,Low,0.935
Nepal,1991,NPL,6.322,14.027,0.778,314.062,,,,,,,,,0,0,Low,0.778
Nepal,1992,NPL,6.666,5.442,0.344,322.015,,,,,,,,,0,0,Low,0.344
Nepal,1993,NPL,6.811,2.174,0.145,320.272,,,,,,,,,0,0,Low,0.145
Nepal,1994,NPL,7.646,12.256,0.835,350.824,,,,,,,,,0,0,Low,0.835
Nepal,1995,NPL,8.456,10.598,0.81,379.12,,,,,,,,,0,0,Low,0.81
Nepal,1996,NPL,9.594,13.455,1.138,421.099,,,,,,,,,0,0,Low,1.138
Nepal,1997,NPL,10.355,7.933,0.761,445.405,,,,,,,,,0,0,Low,0.761
Nepal,1998,NPL,12.596,21.64,2.241,531.415,,,,,,,,,0,0,Low,2.241
Nepal,1999,NPL,14.234,13.002,1.638,589.571,,,,,,,,,0,0,Low,1.638
Nepal,2000,NPL,14.713,3.361,0.478,599.056,,,,,,,,,0,0,Low,0.478
Nepal,2001,NPL,15.525,5.52,0.812,622.079,,,,,,,,,0,0,Low,0.812
Nepal,2002,NPL,16.347,5.295,0.822,645.291,,,,,,,,,0,0,Low,0.822
Nepal,2003,NPL,17.195,5.188,0.848,669.501,,,,,,,,,0,0,Low,0.848
Nepal,2004,NPL,17.175,-0.116,-0.02,660.466,,,,,,,,,0,0,Low,-0.02
Nepal,2005,NPL,17.834,3.837,0.659,678.475,,,,,,,,,0,0,Low,0.659
Nepal,2006,NPL,17.594,-1.344,-0.24,663.455,,,,,,,,,0,0,Low,-0.24
Nepal,2007,NPL,17.467,-0.722,-0.127,653.868,,,,,,,,,0,0,Low,-0.127
Nepal,2008,NPL,19.34,10.723,1.873,719.461,,,,,,,,,0,0,Low,1.873
Nepal,2009,NPL,22.126,14.406,2.786,818.675,,,,,,,,,0,0,Low,2.786
Nepal,2010,NPL,23.594,6.635,1.468,868.669,,,,,,,,,0,0,Low,1.468
Nepal,2011,NPL,25.144,6.566,1.549,922.143,,,,,,,,,0,0,Low,1.549
Nepal,2012,NPL,26.434,5.134,1.291,967.206,,,,,,,,,0,0,Low,1.291
Nepal,2013,NPL,27.945,5.715,1.511,1020.58,,,,,,,,,0,0,Low,1.511
Nepal,2014,NPL,30.193,8.044,2.248,1099.445,,,,,,,,,0,0,Low,2.248
Nepal,2015,NPL,27.033,-10.466,-3.16,979.096,,,,,,,,,0,0,Low,-3.16
Nepal,2016,NPL,39.734,46.981,12.701,1426.13,,,,,,,,,0,0,Low,12.701
Nepal,2017,NPL,45.509,14.536,5.776,1614.757,,,,,,,,,0,0,Low,5.776
Nepal,2018,NPL,49.989,9.844,4.48,1753.601,,,,,,,,,0,0,Low,4.48
Nepal,2019,NPL,49.032,-1.915,-0.957,1700.583,,,,,,,,,0,0,Low,-0.957
Nepal,2020,NPL,49.241,0.426,0.209,1677.797,,,,,,,,,0,0,Low,0.209
Nepal,2021,NPL,48.285,-1.941,-0.956,1607.635,,,,,,,,,0,0,Low,-0.956
Netherlands,1965,NLD,413.96,,,33721.645,,,33721.645,100,,,0,0,0,0,Low,0
Netherlands,1966,NLD,443.377,7.106,29.417,35679.16,7.106,29.417,35679.16,100,,0,0,0,0,0,Low,29.417
Netherlands,1967,NLD,468.8,5.734,25.423,37274.477,5.734,25.423,37274.477,100,,0,0,0,0,0,Low,25.423
Netherlands,1968,NLD,524.393,11.859,55.593,41202.551,11.842,55.514,41196.305,99.985,,0.079,6.243,0.015,0.001421042,0.142104222,Low,55.514
Netherlands,1969,NLD,584.787,11.517,60.394,45398.289,11.363,59.579,45328.902,99.847,1025,0.814,69.389,0.153,0.01347816,1.347816008,Low,59.58
Netherlands,1970,NLD,659.798,12.827,75.011,50606.965,12.821,74.861,50526.875,99.842,16.825,0.15,80.091,0.158,0.001999707,0.199970671,Low,74.861
Netherlands,1971,NLD,695.772,5.452,35.974,52763.078,5.445,35.869,52675.934,99.835,10.054,0.105,87.148,0.165,0.002918775,0.291877467,Low,35.869
Netherlands,1972,NLD,808.138,16.15,112.366,60651.992,16.209,112.591,60582.566,99.886,-19.506,-0.224,69.425,0.114,-0.001993486,-0.199348557,Low,112.59
Netherlands,1973,NLD,859.682,6.378,51.544,63928.387,6.11,49.325,63694.586,99.634,239.877,2.219,233.794,0.366,0.043050598,4.305059755,Low,49.325
Netherlands,1974,NLD,815.957,-5.086,-43.724,60171.48,-5.823,-49.879,59485.777,98.86,195.758,6.155,685.706,1.14,-0.140769372,-14.07693715,Low,-49.879
Netherlands,1975,NLD,822.845,0.844,6.888,60220.086,0.516,4.16,59339.926,98.538,26.274,2.728,880.158,1.462,0.396051103,39.60511034,Low,4.16
Netherlands,1976,NLD,897.423,9.063,74.578,65219.176,8.983,72.834,64218.422,98.466,14.645,1.744,1000.752,1.534,0.023384912,2.338491244,Low,72.834
Netherlands,1977,NLD,881.314,-1.795,-16.109,63607.266,-1.769,-15.633,62647.73,98.491,-3.52,-0.476,959.53,1.509,0.029548699,2.954869948,Low,-15.633
Netherlands,1978,NLD,899.181,2.027,17.866,64460.094,1.817,15.775,63357.105,98.289,15.163,2.091,1102.99,1.711,0.117037949,11.70379492,Low,15.775
Netherlands,1979,NLD,928.872,3.302,29.692,66157.664,3.581,31.647,65201.078,98.554,-12.825,-1.955,956.581,1.446,-0.065842651,-6.584265122,Low,31.647
Netherlands,1980,NLD,872.195,-6.102,-56.677,61724.805,-6.383,-58.433,60650.074,98.259,13.689,1.756,1074.732,1.741,-0.030982586,-3.098258553,Low,-58.433
Netherlands,1981,NLD,827.1,-5.17,-45.095,58175.508,-5.105,-43.752,57201.82,98.326,-9.208,-1.343,973.683,1.674,0.029781572,2.978157224,Low,-43.752
Netherlands,1982,NLD,764.416,-7.579,-62.684,53468.617,-7.469,-60.745,52635.984,98.443,-12.25,-1.939,832.63,1.557,0.030932933,3.093293344,Low,-60.745
Netherlands,1983,NLD,768.067,0.478,3.651,53450.625,0.616,4.633,52690.602,98.578,-8.217,-0.982,760.021,1.422,-0.268967406,-26.89674062,Low,4.633
Netherlands,1984,NLD,797.369,3.815,29.302,55212.078,3.915,29.639,54479.191,98.673,-2.408,-0.337,732.886,1.327,-0.011500921,-1.150092144,Low,29.639
Netherlands,1985,NLD,822.848,3.195,25.479,56686.754,2.997,23.583,55826.984,98.483,16.497,1.896,859.766,1.517,0.074414223,7.441422348,Low,23.583
Netherlands,1986,NLD,863.64,4.957,40.792,59183.734,4.878,39.532,58242.152,98.409,9.901,1.26,941.583,1.591,0.030888409,3.088840949,Low,39.532
Netherlands,1987,NLD,881.434,2.06,17.794,60062.426,2.258,19.194,59221.559,98.6,-10.727,-1.4,840.869,1.4,-0.078678206,-7.867820614,Low,19.194
Netherlands,1988,NLD,884.37,0.333,2.936,59907.266,0.245,2.13,59016.719,98.513,6.266,0.807,890.55,1.487,0.27486376,27.48637602,Low,2.129
Netherlands,1989,NLD,888.458,0.462,4.088,59827.887,0.319,2.78,58854.543,98.373,9.96,1.308,973.344,1.627,0.319960861,31.99608611,Low,2.78
Netherlands,1990,NLD,910.735,2.507,22.277,60940.926,2.773,24.239,60104.992,98.628,-13.376,-1.962,835.936,1.372,-0.0880729,-8.80729003,Low,24.239
Netherlands,1991,NLD,928.063,1.903,17.329,61679.359,1.939,17.413,60854.719,98.663,-0.974,-0.085,824.638,1.337,-0.004905072,-0.490507242,Low,17.414
Netherlands,1992,NLD,939.117,1.191,11.054,61985.129,1.036,9.487,61062.695,98.512,12.854,1.568,922.438,1.488,0.141849104,14.18491044,Low,9.486
Netherlands,1993,NLD,946.966,0.836,7.849,62091.711,0.765,7.077,61124.77,98.443,5.353,0.771,966.941,1.557,0.098229074,9.822907377,Low,7.078
Netherlands,1994,NLD,936.809,-1.073,-10.157,61031.953,-1.144,-10.664,60038.215,98.372,3.269,0.506,993.74,1.628,-0.04981786,-4.98178596,Low,-10.663
Netherlands,1995,NLD,974.962,4.073,38.153,63117.93,4.076,37.558,62091.938,98.374,3.756,0.595,1025.991,1.626,0.015595104,1.559510392,Low,37.558
Netherlands,1996,NLD,1017.111,4.323,42.149,65456.961,4.218,40.457,64328.18,98.276,10.182,1.692,1128.78,1.724,0.040143301,4.014330115,Low,40.457
Netherlands,1997,NLD,998.851,-1.795,-18.26,63906.344,-1.391,-13.906,63062.738,98.68,-25.938,-4.354,843.604,1.32,0.238444688,23.84446878,Low,-13.906
Netherlands,1998,NLD,1005.942,0.71,7.092,63980.641,0.219,2.157,62828.176,98.199,38.63,4.934,1152.467,1.801,0.69571348,69.571348,Medium,2.158
Netherlands,1999,NLD,993.777,-1.209,-12.165,62847.582,-1.296,-12.807,61661.109,98.112,3.28,0.641,1186.471,1.888,-0.05269215,-5.269214961,Low,-12.806
Netherlands,2000,NLD,1006.819,1.312,13.043,63325.41,1.165,11.361,62039.641,97.97,8.722,1.681,1285.764,2.03,0.128881392,12.88813923,Low,11.362
Netherlands,2001,NLD,1045.557,3.848,38.738,65422.441,3.817,37.647,64075.078,97.941,5.418,1.091,1347.364,2.059,0.02816356,2.816356033,Low,37.647
Netherlands,2002,NLD,1046.061,0.048,0.504,65146.559,-0.13,-1.334,63691.043,97.766,8.331,1.838,1455.52,2.234,3.646825397,364.6825397,High,-1.334
Netherlands,2003,NLD,1053.076,0.671,7.015,65296.625,0.68,6.952,63843.559,97.775,1.182,0.063,1453.07,2.225,0.008980756,0.898075552,Low,6.952
Netherlands,2004,NLD,1088.744,3.387,35.668,67222.883,3.124,32.169,65559.891,97.526,14.481,3.499,1662.994,2.474,0.098099136,9.809913648,Low,32.169
Netherlands,2005,NLD,1112.242,2.158,23.498,68395.852,1.538,16.335,66299.109,96.934,25.381,7.163,2096.74,3.066,0.304834454,30.4834454,Low,16.335
Netherlands,2006,NLD,1089.576,-2.038,-22.666,66740,-2.158,-23.267,64614.66,96.815,4.71,0.601,2125.344,3.185,-0.026515486,-2.651548575,Low,-23.267
Netherlands,2007,NLD,1107.524,1.647,17.948,67568.078,1.372,14.475,65239.363,96.554,30.007,3.473,2328.719,3.446,0.193503454,19.35034544,Low,14.475
Netherlands,2008,NLD,1094.389,-1.186,-13.135,66484.648,-1.692,-18.088,63864.879,96.06,8.611,4.953,2619.768,3.94,-0.377084126,-37.70841264,Low,-18.088
Netherlands,2009,NLD,1079.291,-1.38,-15.098,65268.383,-1.939,-20.382,62341.004,95.515,14.485,5.284,2927.376,4.485,-0.34998013,-34.99801298,Low,-20.382
Netherlands,2010,NLD,1170.651,8.465,91.36,70448.461,8.971,92.48,67602.75,95.961,-8.101,-1.12,2845.721,4.039,-0.012259194,-1.22591944,Low,92.48
Netherlands,2011,NLD,1115.092,-4.746,-55.559,66766.094,-5.348,-60.072,63664.504,95.355,13.311,4.513,3101.589,4.645,-0.081228964,-8.12289638,Low,-60.072
Netherlands,2012,NLD,1095.699,-1.739,-19.393,65277.332,-1.826,-19.412,62190.094,95.271,0.671,0.019,3087.244,4.729,-0.000979735,-0.097973496,Low,-19.412
Netherlands,2013,NLD,1062.885,-2.995,-32.814,63014.336,-2.713,-28.32,60208.559,95.547,-7.539,-4.494,2805.781,4.453,0.136953739,13.69537393,Low,-28.32
Netherlands,2014,NLD,1016.331,-4.38,-46.554,59946.082,-4.761,-48.351,57048.688,95.167,7.124,1.797,2897.398,4.833,-0.038600335,-3.860033509,Low,-48.351
Netherlands,2015,NLD,1026.032,0.955,9.701,60209.23,0.542,5.242,57064.965,94.778,6.643,4.459,3144.266,5.222,0.459643336,45.96433357,Low,5.242
Netherlands,2016,NLD,1044.014,1.753,17.982,60966.062,1.678,16.317,57739.871,94.708,1.073,1.665,3226.193,5.292,0.092592593,9.259259259,Low,16.317
Netherlands,2017,NLD,1052.206,0.785,8.192,61149.168,0.207,2.049,57581.445,94.166,13.687,6.143,3567.716,5.834,0.74987793,74.98779297,Medium,2.049
Netherlands,2018,NLD,1026.77,-2.417,-25.436,59398.777,-3.218,-31.88,55474.539,93.393,16.91,6.444,3924.24,6.607,-0.25334172,-25.33417204,Low,-31.88
Netherlands,2019,NLD,1022.329,-0.432,-4.44,58878.891,-1.869,-17.923,54195.602,92.046,20.546,13.483,4683.29,7.954,-3.036711712,-303.6711712,Low,-17.923
Netherlands,2020,NLD,990.146,-3.148,-32.184,56792.121,-6.523,-61.384,50453.148,88.838,32.421,29.2,6338.975,11.162,-0.907283122,-90.7283122,Low,-61.384
Netherlands,2021,NLD,1014.615,2.471,24.469,57972.379,0.476,4.189,50498.977,87.109,16.091,20.28,7473.404,12.891,0.828803793,82.88037926,Medium,4.189
Netherlands,2022,NLD,955.191,-5.857,-59.424,54383.41,-9.345,-82.592,45617.457,83.881,20.306,23.168,8765.952,16.119,-0.389876144,-38.98761443,Low,-82.592
Netherlands,2023,NLD,954.524,-0.07,-0.668,54177.977,-3.298,-26.428,43976.91,81.171,18.226,25.76,10201.063,18.829,-38.56287425,-3856.287425,Low,-26.428
Netherlands Antilles,1980,ANT,69.93,,,259454.75,,,,,,,,,0,0,Low,0
Netherlands Antilles,1981,ANT,63.98,-8.508,-5.949,,,,,,,,,,0,0,Low,-5.949
Netherlands Antilles,1982,ANT,60.781,-5,-3.199,,,,,,,,,,0,0,Low,-3.199
Netherlands Antilles,1983,ANT,56.943,-6.316,-3.839,,,,,,,,,,0,0,Low,-3.839
Netherlands Antilles,1984,ANT,54.532,-4.233,-2.41,,,,,,,,,,0,0,Low,-2.41
Netherlands Antilles,1985,ANT,45.426,-16.699,-9.106,,,,,,,,,,0,0,Low,-9.106
Netherlands Antilles,1986,ANT,44.402,-2.254,-1.024,,,,,,,,,,0,0,Low,-1.024
Netherlands Antilles,1987,ANT,44.56,0.354,0.157,,,,,,,,,,0,0,Low,0.157
Netherlands Antilles,1988,ANT,42.096,-5.53,-2.464,,,,,,,,,,0,0,Low,-2.464
Netherlands Antilles,1989,ANT,44.06,4.667,1.965,,,,,,,,,,0,0,Low,1.965
Netherlands Antilles,1990,ANT,43.107,-2.164,-0.954,145698.953,,,,,,,,,0,0,Low,-0.954
Netherlands Antilles,1991,ANT,41.088,-4.683,-2.019,,,,,,,,,,0,0,Low,-2.019
Netherlands Antilles,1992,ANT,40.612,-1.159,-0.476,,,,,,,,,,0,0,Low,-0.476
Netherlands Antilles,1993,ANT,40.6,-0.029,-0.012,,,,,,,,,,0,0,Low,-0.012
Netherlands Antilles,1994,ANT,41.986,3.414,1.386,,,,,,,,,,0,0,Low,1.386
Netherlands Antilles,1995,ANT,44.687,6.432,2.701,,,,,,,,,,0,0,Low,2.701
Netherlands Antilles,1996,ANT,44.187,-1.118,-0.5,,,,,,,,,,0,0,Low,-0.5
Netherlands Antilles,1997,ANT,46.818,5.955,2.631,,,,,,,,,,0,0,Low,2.631
Netherlands Antilles,1998,ANT,47.384,1.209,0.566,,,,,,,,,,0,0,Low,0.566
Netherlands Antilles,1999,ANT,46.307,-2.274,-1.077,,,,,,,,,,0,0,Low,-1.077
Netherlands Antilles,2000,ANT,54.727,18.184,8.421,195177.453,,,,,,,,,0,0,Low,8.421
Netherlands Antilles,2001,ANT,56.207,2.703,1.479,198251.375,,,,,,,,,0,0,Low,1.479
Netherlands Antilles,2002,ANT,54.648,-2.774,-1.559,190659.234,,,,,,,,,0,0,Low,-1.559
Netherlands Antilles,2003,ANT,54.264,-0.701,-0.383,187287.219,,,,,,,,,0,0,Low,-0.383
Netherlands Antilles,2004,ANT,56.305,3.761,2.041,192263.781,,,,,,,,,0,0,Low,2.041
Netherlands Antilles,2005,ANT,58.361,3.652,2.056,197188.469,,,,,,,,,0,0,Low,2.056
Netherlands Antilles,2006,ANT,58.758,0.68,0.397,196462.438,,,,,,,,,0,0,Low,0.397
Netherlands Antilles,2007,ANT,62.143,5.761,3.385,205640.547,,,,,,,,,0,0,Low,3.385
Netherlands Antilles,2008,ANT,62.031,-0.18,-0.112,203176.375,,,,,,,,,0,0,Low,-0.112
Netherlands Antilles,2009,ANT,59.62,-3.888,-2.412,193306.297,,,,,,,,,0,0,Low,-2.412
Netherlands Antilles,2010,ANT,51.435,-13.728,-8.184,165102.969,,,,,,,,,0,0,Low,-8.184
Netherlands Antilles,2011,ANT,58.015,12.793,6.58,,,,,,,,,,0,0,Low,6.58
Netherlands Antilles,2012,ANT,53.916,-7.066,-4.099,,,,,,,,,,0,0,Low,-4.099
Netherlands Antilles,2013,ANT,54.19,0.508,0.274,,,,,,,,,,0,0,Low,0.274
Netherlands Antilles,2014,ANT,54.754,1.041,0.564,,,,,,,,,,0,0,Low,0.564
Netherlands Antilles,2015,ANT,56.128,2.51,1.374,,,,,,,,,,0,0,Low,1.374
Netherlands Antilles,2016,ANT,56.588,0.819,0.46,,,,,,,,,,0,0,Low,0.46
Netherlands Antilles,2017,ANT,57.102,0.909,0.514,,,,,,,,,,0,0,Low,0.514
Netherlands Antilles,2018,ANT,57.884,1.368,0.781,,,,,,,,,,0,0,Low,0.781
Netherlands Antilles,2019,ANT,55.926,-3.382,-1.957,,,,,,,,,,0,0,Low,-1.957
Netherlands Antilles,2020,ANT,47.135,-15.719,-8.791,,,,,,,,,,0,0,Low,-8.791
Netherlands Antilles,2021,ANT,50.216,6.536,3.081,,,,,,,,,,0,0,Low,3.081
New Caledonia,1980,NCL,7.825,,,52656.137,,,,,,,,,0,0,Low,0
New Caledonia,1981,NCL,7.504,-4.108,-0.321,49945.121,,,,,,,,,0,0,Low,-0.321
New Caledonia,1982,NCL,5.985,-20.239,-1.519,39380.441,,,,,,,,,0,0,Low,-1.519
New Caledonia,1983,NCL,5.226,-12.683,-0.759,33909.594,,,,,,,,,0,0,Low,-0.759
New Caledonia,1984,NCL,6.247,19.536,1.021,39849.824,,,,,,,,,0,0,Low,1.021
New Caledonia,1985,NCL,6.619,5.949,0.372,41439.508,,,,,,,,,0,0,Low,0.372
New Caledonia,1986,NCL,6.661,0.647,0.043,40915.871,,,,,,,,,0,0,Low,0.043
New Caledonia,1987,NCL,6.58,-1.22,-0.081,39621.859,,,,,,,,,0,0,Low,-0.081
New Caledonia,1988,NCL,7.12,8.201,0.54,42006.863,,,,,,,,,0,0,Low,0.54
New Caledonia,1989,NCL,7.763,9.034,0.643,44828.906,,,,,,,,,0,0,Low,0.643
New Caledonia,1990,NCL,7.51,-3.264,-0.253,42360.266,,,,,,,,,0,0,Low,-0.253
New Caledonia,1991,NCL,7.58,0.934,0.07,41708.77,,,,,,,,,0,0,Low,0.07
New Caledonia,1992,NCL,7.803,2.941,0.223,41886.645,,,,,,,,,0,0,Low,0.223
New Caledonia,1993,NCL,7.694,-1.388,-0.108,40328.309,,,,,,,,,0,0,Low,-0.108
New Caledonia,1994,NCL,7.935,3.13,0.241,40635.75,,,,,,,,,0,0,Low,0.241
New Caledonia,1995,NCL,7.955,0.25,0.02,39831.57,,,,,,,,,0,0,Low,0.02
New Caledonia,1996,NCL,7.994,0.486,0.039,39165.57,,,,,,,,,0,0,Low,0.039
New Caledonia,1997,NCL,7.461,-6.663,-0.533,35796.543,,,,,,,,,0,0,Low,-0.533
New Caledonia,1998,NCL,7.611,2.004,0.15,35769.176,,,,,,,,,0,0,Low,0.15
New Caledonia,1999,NCL,7.768,2.069,0.157,35775.762,,,,,,,,,0,0,Low,0.157
New Caledonia,2000,NCL,10.029,29.105,2.261,45268.094,,,,,,,,,0,0,Low,2.261
New Caledonia,2001,NCL,9.591,-4.372,-0.438,42436.5,,,,,,,,,0,0,Low,-0.438
New Caledonia,2002,NCL,10.372,8.15,0.782,45016.352,,,,,,,,,0,0,Low,0.782
New Caledonia,2003,NCL,11.221,8.188,0.849,47813.309,,,,,,,,,0,0,Low,0.849
New Caledonia,2004,NCL,10.883,-3.017,-0.339,45600.543,,,,,,,,,0,0,Low,-0.339
New Caledonia,2005,NCL,11.944,9.749,1.061,49324.578,,,,,,,,,0,0,Low,1.061
New Caledonia,2006,NCL,11.755,-1.579,-0.189,47853.824,,,,,,,,,0,0,Low,-0.189
New Caledonia,2007,NCL,12.615,7.311,0.859,50583.902,,,,,,,,,0,0,Low,0.859
New Caledonia,2008,NCL,12.662,0.38,0.048,50031.602,,,,,,,,,0,0,Low,0.048
New Caledonia,2009,NCL,12.737,0.589,0.075,49562.727,,,,,,,,,0,0,Low,0.075
New Caledonia,2010,NCL,14.832,16.448,2.095,56732.922,,,,,,,,,0,0,Low,2.095
New Caledonia,2011,NCL,14.662,-1.148,-0.17,55054.582,,,,,,,,,0,0,Low,-0.17
New Caledonia,2012,NCL,15.589,6.327,0.928,57458.293,,,,,,,,,0,0,Low,0.928
New Caledonia,2013,NCL,16.704,7.149,1.114,60432.473,,,,,,,,,0,0,Low,1.114
New Caledonia,2014,NCL,19.215,15.034,2.511,68428.609,,,,,,,,,0,0,Low,2.511
New Caledonia,2015,NCL,19.672,2.378,0.457,69502.609,,,,,,,,,0,0,Low,0.457
New Caledonia,2016,NCL,20.985,6.674,1.313,73955.188,,,,,,,,,0,0,Low,1.313
New Caledonia,2017,NCL,20.324,-3.149,-0.661,71473.977,,,,,,,,,0,0,Low,-0.661
New Caledonia,2018,NCL,22.707,11.722,2.382,79704.047,,,,,,,,,0,0,Low,2.382
New Caledonia,2019,NCL,22.563,-0.632,-0.144,79064.883,,,,,,,,,0,0,Low,-0.144
New Caledonia,2020,NCL,21.27,-5.733,-1.293,74262.352,,,,,,,,,0,0,Low,-1.293
New Caledonia,2021,NCL,20.147,-5.28,-1.123,70000.125,,,,,,,,,0,0,Low,-1.123
New Zealand,1965,NZL,85.218,,,32300.082,,,,,,,12678.677,,0,0,Low,0
New Zealand,1966,NZL,90.549,6.256,5.331,33732.117,,,,,7.017,2.357,13339.383,,0.442130932,44.21309323,Low,2.974
New Zealand,1967,NZL,91.341,0.874,0.792,33517.16,,,,,1.565,0.59,13355.977,,0.744949495,74.49494949,Medium,0.202
New Zealand,1968,NZL,93.475,2.337,2.134,33911.836,,,,,5.774,2.09,13963.057,,0.979381443,97.93814433,Medium,0.044
New Zealand,1969,NZL,95.077,1.714,1.602,34122.359,,,,,-0.803,-0.314,13700.222,,-0.196004994,-19.60049938,Low,1.916
New Zealand,1970,NZL,105.809,11.287,10.731,37466.746,,,22920.904,61.177,7.561,2.905,14545.843,38.823,0.270711024,27.07110241,Low,7.826
New Zealand,1971,NZL,110.801,4.719,4.993,38621.652,-0.086,-0.056,22543.393,58.37,12.239,5.048,16078.261,41.63,1.011015422,101.1015422,High,-0.055
New Zealand,1972,NZL,118.239,6.712,7.437,40480.375,7.515,4.86,23805.973,58.809,5.569,2.577,16674.404,41.191,0.34651069,34.65106898,Low,4.86
New Zealand,1973,NZL,122.976,4.007,4.738,41258.277,7.585,5.274,25098.098,60.832,-1.101,-0.536,16160.178,39.168,-0.113127902,-11.31279021,Low,5.274
New Zealand,1974,NZL,124.643,1.355,1.667,40963.117,-1.616,-1.209,24188.096,59.048,5.681,2.875,16775.023,40.952,1.724655069,172.4655069,High,-1.208
New Zealand,1975,NZL,126.614,1.581,1.971,40903.445,-3.369,-2.479,22975.924,56.171,8.697,4.45,17927.521,43.829,2.257737189,225.7737189,High,-2.479
New Zealand,1976,NZL,130.858,3.352,4.244,41836.688,11.008,7.829,25241.035,60.332,-6.478,-3.585,16595.656,39.668,-0.84472196,-84.47219604,Low,7.829
New Zealand,1977,NZL,133.565,2.069,2.707,42520.637,6.622,5.228,26798.07,63.024,-4.874,-2.521,15722.57,36.976,-0.93128925,-93.12892501,Low,5.228
New Zealand,1978,NZL,132.237,-0.994,-1.328,42069.422,-4.955,-4.171,25452.895,60.502,5.764,2.843,16616.527,39.498,-2.140813253,-214.0813253,Low,-4.171
New Zealand,1979,NZL,134.031,1.357,1.794,42650.543,-7.61,-6.089,23521.633,55.15,15.063,7.882,19128.906,44.85,4.393534002,439.3534002,High,-6.088
New Zealand,1980,NZL,134.288,0.192,0.257,42669.582,-3.698,-2.733,22618.482,53.008,4.995,2.991,20051.102,46.992,11.6381323,1163.81323,High,-2.734
New Zealand,1981,NZL,134.686,0.296,0.398,42613.828,-0.637,-0.453,22378.785,52.515,1.323,0.851,20235.043,47.485,2.138190955,213.8190955,High,-0.453
New Zealand,1982,NZL,139.154,3.317,4.468,43680.625,11.943,8.448,24854.199,56.9,-6.226,-3.98,18826.426,43.1,-0.890778872,-89.0778872,Low,8.448
New Zealand,1983,NZL,144.635,3.938,5.48,44919.914,1.45,1.148,24947.434,55.538,7.229,4.332,19972.48,44.462,0.790510949,79.05109489,Medium,1.148
New Zealand,1984,NZL,153.26,5.964,8.626,47152.055,7.889,6.337,26662.799,56.546,3.576,2.289,20489.256,43.454,0.265360538,26.53605379,Low,6.337
New Zealand,1985,NZL,154.415,0.754,1.155,47245.512,4.032,3.494,27584.857,58.386,-3.54,-2.339,19660.656,41.614,-2.025108225,-202.5108225,Low,3.494
New Zealand,1986,NZL,166.407,7.766,11.991,50707.871,5.233,4.718,28910.611,57.014,11.339,7.273,21797.26,42.986,0.606538237,60.6538237,Medium,4.718
New Zealand,1987,NZL,168.239,1.101,1.833,50990.121,2.474,2.347,29466.24,57.788,-0.721,-0.515,21523.877,42.212,-0.280960175,-28.09601746,Low,2.348
New Zealand,1988,NZL,175.236,4.159,6.997,52845.629,4.024,3.913,30499.025,57.713,4.347,3.085,22346.605,42.287,0.440903244,44.09032442,Low,3.912
New Zealand,1989,NZL,179.244,2.287,4.008,53766.461,3.767,3.81,31479.422,58.548,0.348,0.198,22287.035,41.452,0.049401198,4.94011976,Low,3.81
New Zealand,1990,NZL,186.435,4.012,7.191,54876,4.056,4.256,32142.564,58.573,3.983,2.935,22733.436,41.427,0.408149075,40.81490752,Low,4.256
New Zealand,1991,NZL,190.187,2.013,3.752,54626.305,3.78,4.128,32550.721,59.588,-0.467,-0.376,22075.588,40.412,-0.10021322,-10.02132196,Low,4.128
New Zealand,1992,NZL,190.501,0.165,0.314,53927.176,5.116,5.798,33722.297,62.533,-7.125,-5.483,20204.881,37.467,-17.46178344,-1746.178344,Low,5.797
New Zealand,1993,NZL,196.246,3.016,5.745,54913.422,-1.498,-1.785,32834.301,59.793,10.551,7.53,22079.123,40.207,1.310704961,131.0704961,High,-1.785
New Zealand,1994,NZL,207.137,5.55,10.891,57206.188,3.718,4.363,33611.617,58.755,8.239,6.528,23594.568,41.245,0.599393995,59.9393995,Medium,4.363
New Zealand,1995,NZL,214.906,3.75,7.768,58495.258,2.37,2.885,33911.906,57.974,5.699,4.883,24583.352,42.026,0.628604531,62.86045314,Medium,2.885
New Zealand,1996,NZL,217.988,1.434,3.082,58465.91,5.852,7.291,35371.164,60.499,-4.639,-4.209,23094.746,39.501,-1.365671642,-136.5671642,Low,7.291
New Zealand,1997,NZL,218.022,0.016,0.034,57741.027,6.368,8.398,37151.305,64.341,-9.692,-8.364,20589.727,35.659,-246,-24600,Low,8.398
New Zealand,1998,NZL,218.023,0,0.001,57223.055,-4.889,-6.858,35017.781,61.195,8.857,6.859,22205.275,38.805,6859,685900,High,-6.858
New Zealand,1999,NZL,219.933,0.876,1.91,57371.336,6.189,8.257,36957.543,64.418,-7.451,-6.347,20413.797,35.582,-3.323036649,-332.3036649,Low,8.257
New Zealand,2000,NZL,229.557,4.376,9.624,59543.809,3.076,4.359,37879.395,63.616,6.718,5.266,21664.414,36.384,0.547173732,54.71737323,Medium,4.358
New Zealand,2001,NZL,227.483,-0.904,-2.074,58485.121,4.882,7.129,39377.961,67.33,-10.412,-9.203,19107.162,32.67,4.43731919,443.731919,High,7.129
New Zealand,2002,NZL,235.292,3.433,7.809,59589.078,-0.379,-0.58,38642.633,64.849,12.014,8.39,20946.445,35.151,1.074401332,107.4401332,High,-0.581
New Zealand,2003,NZL,228.071,-3.069,-7.221,56734.852,-1.828,-2.789,37262.953,65.679,-4.753,-4.433,19471.902,34.321,0.613903891,61.39038914,Medium,-2.788
New Zealand,2004,NZL,234.68,2.898,6.609,57499.695,-2.875,-4.307,35646.418,61.994,14.606,10.916,21853.275,38.006,1.651687093,165.1687093,High,-4.307
New Zealand,2005,NZL,228.759,-2.523,-5.921,55352.246,2.719,3.955,36160.438,65.328,-10.475,-9.877,19191.807,34.672,1.668130383,166.8130383,High,3.956
New Zealand,2006,NZL,230.264,0.658,1.506,55087.375,0.35,0.523,35877.098,65.128,1.865,0.983,19210.275,34.872,0.652722444,65.27224436,Medium,0.523
New Zealand,2007,NZL,229.46,-0.349,-0.805,54355.105,-1.272,-1.907,35072.484,64.525,2.045,1.103,19282.623,35.475,-1.370186335,-137.0186335,Low,-1.908
New Zealand,2008,NZL,230.089,0.274,0.629,54008.586,1.802,2.668,35379.906,65.508,-1.774,-2.039,18628.678,34.492,-3.241653418,-324.1653418,Low,2.668
New Zealand,2009,NZL,229.524,-0.246,-0.566,53341.805,-5.537,-8.346,33089.496,62.033,10.513,7.781,20252.309,37.967,-13.74734982,-1374.734982,Low,-8.347
New Zealand,2010,NZL,235.13,2.443,5.606,54098.344,1.063,1.513,33106.832,61.197,5.471,4.093,20991.518,38.803,0.730110596,73.01105958,Medium,1.513
New Zealand,2011,NZL,236.097,0.411,0.967,53887.789,-0.909,-1.308,32544.32,60.393,3.161,2.275,21343.469,39.607,2.352637022,235.2637022,High,-1.308
New Zealand,2012,NZL,237.848,0.741,1.75,53930.219,5.152,7.345,33995.746,63.037,-5.367,-5.595,19934.475,36.963,-3.197142857,-319.7142857,Low,7.345
New Zealand,2013,NZL,239.568,0.723,1.72,53827.734,0.696,1.043,33921.879,63.019,1.308,0.677,19905.852,36.981,0.393604651,39.36046512,Low,1.043
New Zealand,2014,NZL,250.677,4.637,11.109,55530.719,3.671,5.542,34671.969,62.437,6.981,5.567,20858.748,37.563,0.501125214,50.11252138,Medium,5.542
New Zealand,2015,NZL,252.193,0.605,1.517,54937.031,-0.331,-0.518,33982.074,61.856,2.802,2.035,20954.959,38.144,1.341463415,134.1463415,High,-0.518
New Zealand,2016,NZL,255.685,1.385,3.492,54773.031,0.209,0.326,33487.688,61.139,3.875,3.166,21285.342,38.861,0.906643757,90.66437572,Medium,0.326
New Zealand,2017,NZL,259.847,1.628,4.161,54747.777,4.668,7.297,34473.633,62.968,-2.587,-3.136,20274.141,37.032,-0.753664984,-75.36649844,Low,7.297
New Zealand,2018,NZL,258.47,-0.53,-1.377,53419.141,-2.124,-3.475,33098.059,61.959,2.774,2.098,20321.08,38.041,-1.523602033,-152.3602033,Low,-3.475
New Zealand,2019,NZL,263.685,2.018,5.215,53172.613,4.056,6.496,33603.637,63.197,-0.921,-1.281,19568.977,36.803,-0.245637584,-24.56375839,Low,6.496
New Zealand,2020,NZL,239.257,-9.264,-24.428,47273.441,-12.551,-20.916,28793.119,60.908,-3.182,-3.512,18480.322,39.092,0.143769445,14.37694449,Low,-20.916
New Zealand,2021,NZL,235.549,-1.55,-3.708,45918.477,-3.221,-4.694,27492.916,59.873,1.38,0.987,18425.561,40.127,-0.26618123,-26.61812298,Low,-4.695
New Zealand,2022,NZL,232.211,-1.417,-3.338,44782.684,-6.45,-9.097,25443.932,56.816,6.439,5.759,19338.748,43.184,-1.725284602,-172.5284602,Low,-9.097
New Zealand,2023,NZL,239.135,2.982,6.924,45740.266,4.643,6.126,26407.25,57.733,1.168,0.798,19333.018,42.267,0.1152513,11.52512998,Low,6.126
Nicaragua,1980,NIC,9.665,,,2925.773,,,,,,,,,0,0,Low,0
Nicaragua,1981,NIC,9.614,-0.525,-0.051,2829.593,,,,,,,,,0,0,Low,-0.051
Nicaragua,1982,NIC,9.503,-1.157,-0.111,2721.383,,,,,,,,,0,0,Low,-0.111
Nicaragua,1983,NIC,9.414,-0.937,-0.089,2626.173,,,,,,,,,0,0,Low,-0.089
Nicaragua,1984,NIC,9.308,-1.125,-0.106,2533.09,,,,,,,,,0,0,Low,-0.106
Nicaragua,1985,NIC,10.528,13.113,1.221,2797.849,,,,,,,,,0,0,Low,1.221
Nicaragua,1986,NIC,10.114,-3.935,-0.414,2625.672,,,,,,,,,0,0,Low,-0.414
Nicaragua,1987,NIC,10.582,4.628,0.468,2684.833,,,,,,,,,0,0,Low,0.468
Nicaragua,1988,NIC,10.736,1.453,0.154,2661.823,,,,,,,,,0,0,Low,0.154
Nicaragua,1989,NIC,11.634,8.365,0.898,2817.312,,,,,,,,,0,0,Low,0.898
Nicaragua,1990,NIC,10.795,-7.214,-0.839,2553.236,,,,,,,,,0,0,Low,-0.839
Nicaragua,1991,NIC,10.327,-4.336,-0.468,2386.395,,,,,,,,,0,0,Low,-0.468
Nicaragua,1992,NIC,11.647,12.784,1.32,2630.749,,,,,,,,,0,0,Low,1.32
Nicaragua,1993,NIC,11.986,2.909,0.339,2647.755,,,,,,,,,0,0,Low,0.339
Nicaragua,1994,NIC,12.221,1.962,0.235,2642.171,,,,,,,,,0,0,Low,0.235
Nicaragua,1995,NIC,13.075,6.989,0.854,2768.959,,,,,,,,,0,0,Low,0.854
Nicaragua,1996,NIC,13.782,5.409,0.707,2863.879,,,,,,,,,0,0,Low,0.707
Nicaragua,1997,NIC,14.174,2.844,0.392,2895.042,,,,,,,,,0,0,Low,0.392
Nicaragua,1998,NIC,15.336,8.197,1.162,3082.878,,,,,,,,,0,0,Low,1.162
Nicaragua,1999,NIC,16.443,7.22,1.107,3256.143,,,,,,,,,0,0,Low,1.107
Nicaragua,2000,NIC,16.296,-0.893,-0.147,3180.879,,,,,,,,,0,0,Low,-0.147
Nicaragua,2001,NIC,17.299,6.15,1.002,3331.275,,,,,,,,,0,0,Low,1.002
Nicaragua,2002,NIC,17.631,1.924,0.333,3352.596,,,,,,,,,0,0,Low,0.333
Nicaragua,2003,NIC,18.707,6.099,1.075,3514.274,,,,,,,,,0,0,Low,1.075
Nicaragua,2004,NIC,19.468,4.069,0.761,3614.387,,,,,,,,,0,0,Low,0.761
Nicaragua,2005,NIC,19.785,1.631,0.317,3627.218,,,,,,,,,0,0,Low,0.317
Nicaragua,2006,NIC,19.881,0.484,0.096,3595.257,,,,,,,,,0,0,Low,0.096
Nicaragua,2007,NIC,20.706,4.149,0.825,3692.557,,,,,,,,,0,0,Low,0.825
Nicaragua,2008,NIC,20.953,1.194,0.247,3683.91,,,,,,,,,0,0,Low,0.247
Nicaragua,2009,NIC,20.958,0.025,0.005,3631.891,,,,,,,,,0,0,Low,0.005
Nicaragua,2010,NIC,21.666,3.375,0.707,3699.92,,,,,,,,,0,0,Low,0.707
Nicaragua,2011,NIC,22.791,5.195,1.126,3835.275,,,,,,,,,0,0,Low,1.126
Nicaragua,2012,NIC,23.01,0.96,0.219,3815.543,,,,,,,,,0,0,Low,0.219
Nicaragua,2013,NIC,24.426,6.155,1.416,3991.635,,,,,,,,,0,0,Low,1.416
Nicaragua,2014,NIC,25.914,6.09,1.487,4173.799,,,,,,,,,0,0,Low,1.487
Nicaragua,2015,NIC,28.356,9.423,2.442,4501.891,,,,,,,,,0,0,Low,2.442
Nicaragua,2016,NIC,28.443,0.307,0.087,4451.653,,,,,,,,,0,0,Low,0.087
Nicaragua,2017,NIC,28.36,-0.291,-0.083,4376.178,,,,,,,,,0,0,Low,-0.083
Nicaragua,2018,NIC,28.145,-0.759,-0.215,4282.387,,,,,,,,,0,0,Low,-0.215
Nicaragua,2019,NIC,28.158,0.047,0.013,4225.437,,,,,,,,,0,0,Low,0.013
Nicaragua,2020,NIC,28.629,1.674,0.471,4237.677,,,,,,,,,0,0,Low,0.471
Nicaragua,2021,NIC,29.219,2.061,0.59,4265.271,,,,,,,,,0,0,Low,0.59
Niger,1980,NER,2.639,,,427.545,,,,,,,,,0,0,Low,0
Niger,1981,NER,2.724,3.208,0.085,427.879,,,,,,,,,0,0,Low,0.085
Niger,1982,NER,2.827,3.781,0.103,430.65,,,,,,,,,0,0,Low,0.103
Niger,1983,NER,2.732,-3.368,-0.095,403.711,,,,,,,,,0,0,Low,-0.095
Niger,1984,NER,2.843,4.087,0.112,407.722,,,,,,,,,0,0,Low,0.112
Niger,1985,NER,2.844,0.033,0.001,395.728,,,,,,,,,0,0,Low,0.001
Niger,1986,NER,2.409,-15.309,-0.435,325.16,,,,,,,,,0,0,Low,-0.435
Niger,1987,NER,2.605,8.136,0.196,341.108,,,,,,,,,0,0,Low,0.196
Niger,1988,NER,3.68,41.28,1.075,467.491,,,,,,,,,0,0,Low,1.075
Niger,1989,NER,3.771,2.475,0.091,464.671,,,,,,,,,0,0,Low,0.091
Niger,1990,NER,3.73,-1.091,-0.041,445.626,,,,,,,,,0,0,Low,-0.041
Niger,1991,NER,3.776,1.216,0.045,437.257,,,,,,,,,0,0,Low,0.045
Niger,1992,NER,3.686,-2.384,-0.09,413.751,,,,,,,,,0,0,Low,-0.09
Niger,1993,NER,3.882,5.33,0.196,422.273,,,,,,,,,0,0,Low,0.196
Niger,1994,NER,3.921,0.993,0.039,412.978,,,,,,,,,0,0,Low,0.039
Niger,1995,NER,4.04,3.049,0.12,411.665,,,,,,,,,0,0,Low,0.12
Niger,1996,NER,4.06,0.495,0.02,400.007,,,,,,,,,0,0,Low,0.02
Niger,1997,NER,4.081,0.507,0.021,388.845,,,,,,,,,0,0,Low,0.021
Niger,1998,NER,4.236,3.802,0.155,390.215,,,,,,,,,0,0,Low,0.155
Niger,1999,NER,3.943,-6.909,-0.293,351.076,,,,,,,,,0,0,Low,-0.293
Niger,2000,NER,3.317,-15.867,-0.626,285.43,,,,,,,,,0,0,Low,-0.626
Niger,2001,NER,3.249,-2.078,-0.069,270.002,,,,,,,,,0,0,Low,-0.069
Niger,2002,NER,3.455,6.343,0.206,277.33,,,,,,,,,0,0,Low,0.206
Niger,2003,NER,3.799,9.961,0.344,294.453,,,,,,,,,0,0,Low,0.344
Niger,2004,NER,4.168,9.718,0.369,311.803,,,,,,,,,0,0,Low,0.369
Niger,2005,NER,3.928,-5.751,-0.24,283.513,,,,,,,,,0,0,Low,-0.24
Niger,2006,NER,3.952,0.609,0.024,275.114,,,,,,,,,0,0,Low,0.024
Niger,2007,NER,4.253,7.611,0.301,285.466,,,,,,,,,0,0,Low,0.301
Niger,2008,NER,4.727,11.144,0.474,305.838,,,,,,,,,0,0,Low,0.474
Niger,2009,NER,5.565,17.735,0.838,346.995,,,,,,,,,0,0,Low,0.838
Niger,2010,NER,6.888,23.772,1.323,413.755,,,,,,,,,0,0,Low,1.323
Niger,2011,NER,6.914,0.379,0.026,400.052,,,,,,,,,0,0,Low,0.026
Niger,2012,NER,9.193,32.967,2.279,512.047,,,,,,,,,0,0,Low,2.279
Niger,2013,NER,10.342,12.498,1.149,554.461,,,,,,,,,0,0,Low,1.149
Niger,2014,NER,9.815,-5.103,-0.528,506.644,,,,,,,,,0,0,Low,-0.528
Niger,2015,NER,10.365,5.606,0.55,514.949,,,,,,,,,0,0,Low,0.55
Niger,2016,NER,9.681,-6.597,-0.684,462.736,,,,,,,,,0,0,Low,-0.684
Niger,2017,NER,9.415,-2.748,-0.266,433.122,,,,,,,,,0,0,Low,-0.266
Niger,2018,NER,10.389,10.346,0.974,460.168,,,,,,,,,0,0,Low,0.974
Niger,2019,NER,10.983,5.714,0.594,468.485,,,,,,,,,0,0,Low,0.594
Niger,2020,NER,10.766,-1.978,-0.217,442.419,,,,,,,,,0,0,Low,-0.217
Niger,2021,NER,10.347,-3.884,-0.418,409.757,,,,,,,,,0,0,Low,-0.418
Nigeria,1980,NGA,122.527,,,1679.572,,,,,,,,,0,0,Low,0
Nigeria,1981,NGA,150.735,23.022,28.208,2005.112,,,,,,,,,0,0,Low,28.208
Nigeria,1982,NGA,151.838,0.732,1.103,1962.031,,,,,,,,,0,0,Low,1.103
Nigeria,1983,NGA,151.879,0.027,0.041,1913.995,,,,,,,,,0,0,Low,0.041
Nigeria,1984,NGA,164.011,7.988,12.133,2016.427,,,,,,,,,0,0,Low,12.133
Nigeria,1985,NGA,175.447,6.972,11.436,2099.016,,,,,,,,,0,0,Low,11.436
Nigeria,1986,NGA,171.548,-2.222,-3.899,1999.292,,,,,,,,,0,0,Low,-3.899
Nigeria,1987,NGA,181.194,5.623,9.646,2057.985,,,,,,,,,0,0,Low,9.646
Nigeria,1988,NGA,194.297,7.232,13.103,2150.454,,,,,,,,,0,0,Low,13.103
Nigeria,1989,NGA,210.375,8.275,16.078,2268.341,,,,,,,,,0,0,Low,16.078
Nigeria,1990,NGA,204.317,-2.88,-6.058,2145.866,,,,,,,,,0,0,Low,-6.058
Nigeria,1991,NGA,224.615,9.934,20.298,2299.37,,,,,,,,,0,0,Low,20.298
Nigeria,1992,NGA,230.295,2.529,5.68,2298.762,,,,,,,,,0,0,Low,5.68
Nigeria,1993,NGA,233.795,1.52,3.5,2274.809,,,,,,,,,0,0,Low,3.5
Nigeria,1994,NGA,217.993,-6.759,-15.801,2067.145,,,,,,,,,0,0,Low,-15.801
Nigeria,1995,NGA,242.441,11.215,24.448,2240.936,,,,,,,,,0,0,Low,24.448
Nigeria,1996,NGA,248.424,2.468,5.983,2238.94,,,,,,,,,0,0,Low,5.983
Nigeria,1997,NGA,248.524,0.04,0.099,2184.032,,,,,,,,,0,0,Low,0.099
Nigeria,1998,NGA,238.319,-4.106,-10.204,2042.318,,,,,,,,,0,0,Low,-10.204
Nigeria,1999,NGA,239.122,0.337,0.803,1997.75,,,,,,,,,0,0,Low,0.803
Nigeria,2000,NGA,224.482,-6.122,-14.64,1827.256,,,,,,,,,0,0,Low,-14.64
Nigeria,2001,NGA,254.05,13.171,29.568,2013.826,,,,,,,,,0,0,Low,29.568
Nigeria,2002,NGA,265.279,4.42,11.23,2047.175,,,,,,,,,0,0,Low,11.23
Nigeria,2003,NGA,279.639,5.413,14.36,2100.657,,,,,,,,,0,0,Low,14.36
Nigeria,2004,NGA,290.211,3.781,10.572,2122.096,,,,,,,,,0,0,Low,10.572
Nigeria,2005,NGA,317.435,9.381,27.224,2259.475,,,,,,,,,0,0,Low,27.224
Nigeria,2006,NGA,283.013,-10.844,-34.423,1960.876,,,,,,,,,0,0,Low,-34.423
Nigeria,2007,NGA,259.443,-8.328,-23.57,1749.514,,,,,,,,,0,0,Low,-23.57
Nigeria,2008,NGA,312.046,20.275,52.603,2047.778,,,,,,,,,0,0,Low,52.603
Nigeria,2009,NGA,195.811,-37.249,-116.235,1250.422,,,,,,,,,0,0,Low,-116.235
Nigeria,2010,NGA,243.699,24.457,47.889,1514.104,,,,,,,,,0,0,Low,47.889
Nigeria,2011,NGA,346.747,42.285,103.048,2095.608,,,,,,,,,0,0,Low,103.048
Nigeria,2012,NGA,345.857,-0.257,-0.89,2033.544,,,,,,,,,0,0,Low,-0.89
Nigeria,2013,NGA,444.877,28.63,99.02,2546.136,,,,,,,,,0,0,Low,99.02
Nigeria,2014,NGA,485.734,9.184,40.858,2707.865,,,,,,,,,0,0,Low,40.858
Nigeria,2015,NGA,459.223,-5.458,-26.511,2495.833,,,,,,,,,0,0,Low,-26.511
Nigeria,2016,NGA,469.574,2.254,10.351,2488.906,,,,,,,,,0,0,Low,10.351
Nigeria,2017,NGA,456.42,-2.801,-13.154,2358.808,,,,,,,,,0,0,Low,-13.154
Nigeria,2018,NGA,488.395,7.006,31.975,2461.821,,,,,,,,,0,0,Low,31.975
Nigeria,2019,NGA,504.771,3.353,16.376,2482.832,,,,,,,,,0,0,Low,16.376
Nigeria,2020,NGA,509.374,0.912,4.603,2445.065,,,,,,,,,0,0,Low,4.603
Nigeria,2021,NGA,543.737,6.746,34.363,2547.954,,,,,,,,,0,0,Low,34.363
Niue,1980,NIU,0.012,,,3415.211,,,,,,,,,0,0,Low,0
Niue,1981,NIU,0.012,-0.273,0,3507.491,,,,,,,,,0,0,Low,0
Niue,1982,NIU,0.012,0,0,3644.959,,,,,,,,,0,0,Low,0
Niue,1983,NIU,0.012,0,0,3839.222,,,,,,,,,0,0,Low,0
Niue,1984,NIU,0.012,0.274,0,4085.079,,,,,,,,,0,0,Low,0
Niue,1985,NIU,0.013,1.921,0,4437.729,,,,,,,,,0,0,Low,0
Niue,1986,NIU,0.013,-0.049,0,4707.859,,,,,,,,,0,0,Low,0
Niue,1987,NIU,0.013,0,0,4845.851,,,,,,,,,0,0,Low,0
Niue,1988,NIU,0.013,0.029,0,4884.421,,,,,,,,,0,0,Low,0
Niue,1989,NIU,0.013,-0.029,0,4920.777,,,,,,,,,0,0,Low,0
Niue,1990,NIU,0.013,0,0,4972.676,,,,,,,,,0,0,Low,0
Niue,1991,NIU,0.013,0,0,5051.607,,,,,,,,,0,0,Low,0
Niue,1992,NIU,0.013,0.029,0,5128.348,,,,,,,,,0,0,Low,0
Niue,1993,NIU,0.013,-0.029,0,5219.373,,,,,,,,,0,0,Low,0
Niue,1994,NIU,0.013,0,0,5313.042,,,,,,,,,0,0,Low,0
Niue,1995,NIU,0.013,0,0,5389.521,,,,,,,,,0,0,Low,0
Niue,1996,NIU,0.013,0.029,0,5481.57,,,,,,,,,0,0,Low,0
Niue,1997,NIU,0.013,-0.029,0,5578.462,,,,,,,,,0,0,Low,0
Niue,1998,NIU,0.013,0,0,5708.542,,,,,,,,,0,0,Low,0
Niue,1999,NIU,0.013,0.041,0,5876.907,,,,,,,,,0,0,Low,0
Niue,2000,NIU,0.028,122.877,0.016,13541.948,,,,,,,,,0,0,Low,0.016
Niue,2001,NIU,0.029,2.482,0.001,14273.005,,,,,,,,,0,0,Low,0.001
Niue,2002,NIU,0.028,-3.524,-0.001,14102.177,,,,,,,,,0,0,Low,-0.001
Niue,2003,NIU,0.026,-6.12,-0.002,13496.839,,,,,,,,,0,0,Low,-0.002
Niue,2004,NIU,0.026,-0.198,0,13737.5,,,,,,,,,0,0,Low,0
Niue,2005,NIU,0.027,3.384,0.001,14451.548,,,,,,,,,0,0,Low,0.001
Niue,2006,NIU,0.027,-0.979,0,14495.034,,,,,,,,,0,0,Low,0
Niue,2007,NIU,0.025,-7.707,-0.002,13457.611,,,,,,,,,0,0,Low,-0.002
Niue,2008,NIU,0.039,58.157,0.014,21272.562,,,,,,,,,0,0,Low,0.014
Niue,2009,NIU,0.026,-34.186,-0.013,14045.973,,,,,,,,,0,0,Low,-0.013
Niue,2010,NIU,0.024,-6.834,-0.002,13107.488,,,,,,,,,0,0,Low,-0.002
Niue,2011,NIU,0.027,11.192,0.003,14614.294,,,,,,,,,0,0,Low,0.003
Niue,2012,NIU,0.026,-1.461,0,14400.746,,,,,,,,,0,0,Low,0
Niue,2013,NIU,0.028,7.5,0.002,15371.812,,,,,,,,,0,0,Low,0.002
Niue,2014,NIU,0.029,3.3,0.001,15776.486,,,,,,,,,0,0,Low,0.001
Niue,2015,NIU,0.032,8.167,0.002,16946.316,,,,,,,,,0,0,Low,0.002
Niue,2016,NIU,0.031,-3.757,-0.001,16205.726,,,,,,,,,0,0,Low,-0.001
Niue,2017,NIU,0.03,-2.499,-0.001,15733.968,,,,,,,,,0,0,Low,-0.001
Niue,2018,NIU,0.031,3.543,0.001,16154.689,,,,,,,,,0,0,Low,0.001
Niue,2019,NIU,0.032,4.65,0.001,16592.619,,,,,,,,,0,0,Low,0.001
Niue,2020,NIU,0.031,-5.213,-0.002,15567.364,,,,,,,,,0,0,Low,-0.002
Niue,2021,NIU,0.032,3.237,0.001,16120.62,,,,,,,,,0,0,Low,0.001
North Korea,1980,PRK,296.518,,,16497.375,,,,,,,,,0,0,Low,0
North Korea,1981,PRK,308.148,3.922,11.63,16898.523,,,,,,,,,0,0,Low,11.63
North Korea,1982,PRK,321.787,4.426,13.639,17391.939,,,,,,,,,0,0,Low,13.639
North Korea,1983,PRK,336.351,4.526,14.563,17918.279,,,,,,,,,0,0,Low,14.563
North Korea,1984,PRK,345.491,2.718,9.14,18140.619,,,,,,,,,0,0,Low,9.14
North Korea,1985,PRK,293.206,-15.133,-52.285,15171.988,,,,,,,,,0,0,Low,-52.285
North Korea,1986,PRK,295.738,0.864,2.532,15078.648,,,,,,,,,0,0,Low,2.532
North Korea,1987,PRK,290.959,-1.616,-4.779,14618.195,,,,,,,,,0,0,Low,-4.779
North Korea,1988,PRK,342.297,17.645,51.338,16947.539,,,,,,,,,0,0,Low,51.338
North Korea,1989,PRK,283.131,-17.285,-59.166,13814.66,,,,,,,,,0,0,Low,-59.166
North Korea,1990,PRK,287.58,1.571,4.449,13826.28,,,,,,,,,0,0,Low,4.449
North Korea,1991,PRK,286.263,-0.458,-1.317,13556.981,,,,,,,,,0,0,Low,-1.317
North Korea,1992,PRK,240.617,-15.945,-45.645,11222.831,,,,,,,,,0,0,Low,-45.645
North Korea,1993,PRK,264.747,10.028,24.13,12159.411,,,,,,,,,0,0,Low,24.13
North Korea,1994,PRK,259.468,-1.994,-5.279,11737.855,,,,,,,,,0,0,Low,-5.279
North Korea,1995,PRK,305.899,17.895,46.431,13665.021,,,,,,,,,0,0,Low,46.431
North Korea,1996,PRK,294.737,-3.649,-11.162,13033.166,,,,,,,,,0,0,Low,-11.162
North Korea,1997,PRK,284.8,-3.371,-9.937,12476.232,,,,,,,,,0,0,Low,-9.937
North Korea,1998,PRK,252.611,-11.302,-32.188,10971.822,,,,,,,,,0,0,Low,-32.188
North Korea,1999,PRK,322.576,27.697,69.965,13901.435,,,,,,,,,0,0,Low,69.965
North Korea,2000,PRK,287.118,-10.992,-35.458,12287.299,,,,,,,,,0,0,Low,-35.458
North Korea,2001,PRK,279.235,-2.746,-7.883,11876.022,,,,,,,,,0,0,Low,-7.883
North Korea,2002,PRK,272.915,-2.264,-6.321,11545.386,,,,,,,,,0,0,Low,-6.321
North Korea,2003,PRK,271.789,-0.412,-1.126,11428.484,,,,,,,,,0,0,Low,-1.126
North Korea,2004,PRK,283.36,4.257,11.571,11831.834,,,,,,,,,0,0,Low,11.571
North Korea,2005,PRK,278.631,-1.669,-4.729,11560.98,,,,,,,,,0,0,Low,-4.729
North Korea,2006,PRK,264.095,-5.217,-14.536,10896.9,,,,,,,,,0,0,Low,-14.536
North Korea,2007,PRK,242.105,-8.327,-21.99,9940.034,,,,,,,,,0,0,Low,-21.99
North Korea,2008,PRK,260.755,7.703,18.65,10656.522,,,,,,,,,0,0,Low,18.65
North Korea,2009,PRK,220.613,-15.395,-40.142,8974.746,,,,,,,,,0,0,Low,-40.142
North Korea,2010,PRK,210.625,-4.527,-9.988,8532.009,,,,,,,,,0,0,Low,-9.988
North Korea,2011,PRK,157.397,-25.271,-53.228,6350.811,,,,,,,,,0,0,Low,-53.228
North Korea,2012,PRK,150.456,-4.41,-6.941,6045.368,,,,,,,,,0,0,Low,-6.941
North Korea,2013,PRK,118.56,-21.199,-31.896,4742.056,,,,,,,,,0,0,Low,-31.896
North Korea,2014,PRK,111.505,-5.951,-7.055,4437.806,,,,,,,,,0,0,Low,-7.055
North Korea,2015,PRK,98.722,-11.464,-12.783,3908.553,,,,,,,,,0,0,Low,-12.783
North Korea,2016,PRK,114.258,15.737,15.536,4500.188,,,,,,,,,0,0,Low,15.536
North Korea,2017,PRK,93.337,-18.31,-20.921,3657.935,,,,,,,,,0,0,Low,-20.921
North Korea,2018,PRK,96.753,3.66,3.416,3773.798,,,,,,,,,0,0,Low,3.416
North Korea,2019,PRK,98.323,1.623,1.57,3817.566,,,,,,,,,0,0,Low,1.57
North Korea,2020,PRK,99.829,1.532,1.506,3859.256,,,,,,,,,0,0,Low,1.506
North Korea,2021,PRK,99.575,-0.255,-0.254,3833.954,,,,,,,,,0,0,Low,-0.254
North Macedonia,1990,MKD,29.66,,,14509.268,,,,,,,710.251,,0,0,Low,0
North Macedonia,1991,MKD,29.447,-0.715,-0.212,14458.464,,,,,72.709,1.056,1231.177,,-4.981132075,-498.1132075,Low,-1.268
North Macedonia,1992,MKD,30.237,2.681,0.79,14983.443,,,,,0,0,1242.565,,0,0,Low,0.79
North Macedonia,1993,MKD,30.279,0.141,0.043,15163.268,,,,,-38.443,-0.964,772.974,,-22.41860465,-2241.860465,Low,1.007
North Macedonia,1994,MKD,28.442,-6.069,-1.838,14346.741,,,,,33.142,0.512,1036.646,,-0.278563656,-27.85636561,Low,-2.35
North Macedonia,1995,MKD,28.651,0.736,0.209,14441.307,,,,,15.252,0.313,1193.842,,1.497607656,149.7607656,High,-0.104
North Macedonia,1996,MKD,33.28,16.157,4.629,16688.305,,,,,6.117,0.145,1260.357,,0.03132426,3.13242601,Low,4.484
North Macedonia,1997,MKD,30.014,-9.816,-3.267,14975.063,,,13647.232,91.133,5.882,0.148,1327.83,8.867,-0.0453015,-4.530149985,Low,-3.415
North Macedonia,1998,MKD,33.924,13.029,3.91,16853.76,12.318,3.369,15262.766,90.56,20.333,0.541,1590.992,9.44,0.138363171,13.83631714,Low,3.369
North Macedonia,1999,MKD,32.504,-4.186,-1.42,16061.009,-7.568,-2.325,14031.511,87.364,28.255,0.905,2029.497,12.636,-0.637323944,-63.73239437,Low,-2.325
North Macedonia,2000,MKD,30.848,-5.096,-1.656,15136.714,-3.552,-1.009,13439.079,88.785,-15.767,-0.648,1697.634,11.215,0.391304348,39.13043478,Low,-1.008
North Macedonia,2001,MKD,29.025,-5.91,-1.823,14134.944,-0.739,-0.203,13239.325,93.664,-46.496,-1.621,895.619,6.336,0.889193637,88.91936369,Medium,-0.202
North Macedonia,2002,MKD,28.361,-2.285,-0.663,13736.116,-3.802,-1.034,12665.978,92.209,20.927,0.371,1070.139,7.791,-0.559577677,-55.95776772,Low,-1.034
North Macedonia,2003,MKD,31.976,12.743,3.614,15438.576,7.032,1.839,13514.634,87.538,81.506,1.775,1923.941,12.462,0.491145545,49.11455451,Low,1.839
North Macedonia,2004,MKD,31.577,-1.246,-0.399,15211.423,-2.445,-0.684,13154.17,86.476,7.86,0.286,2057.253,13.524,-0.71679198,-71.67919799,Low,-0.685
North Macedonia,2005,MKD,32.584,3.189,1.007,15675.462,3.682,1.005,13620.195,86.889,0.675,0.002,2055.266,13.111,0.001986097,0.198609732,Low,1.005
North Macedonia,2006,MKD,33.184,1.842,0.6,15945.613,0.626,0.177,13689.613,85.852,10.59,0.423,2256,14.148,0.705,70.5,Medium,0.177
North Macedonia,2007,MKD,32.878,-0.922,-0.306,15780.252,5.381,1.533,14409.527,91.314,-38.788,-1.839,1370.725,8.686,6.009803922,600.9803922,High,1.533
North Macedonia,2008,MKD,31.796,-3.29,-1.082,15241.02,-2.002,-0.601,14102.532,92.53,-15.377,-0.481,1138.488,7.47,0.444547135,44.45471349,Low,-0.601
North Macedonia,2009,MKD,31.139,-2.066,-0.657,14900.67,-6.29,-1.85,13192.985,88.54,51.16,1.194,1707.685,11.46,-1.817351598,-181.7351598,Low,-1.851
North Macedonia,2010,MKD,33.899,8.861,2.759,16189.779,-1.54,-0.425,12964.78,80.08,88.559,3.184,3224.998,19.92,1.154041319,115.4041319,High,-0.425
North Macedonia,2011,MKD,33.791,-0.318,-0.108,16113.007,9.891,2.685,14224.819,88.282,-40.991,-2.793,1888.188,11.718,25.86111111,2586.111111,High,2.685
North Macedonia,2012,MKD,31.354,-7.21,-2.436,14934.357,-4.496,-1.341,13569.852,90.863,-27.203,-1.095,1364.506,9.137,0.449507389,44.95073892,Low,-1.341
North Macedonia,2013,MKD,30.12,-3.936,-1.234,14327.82,-9.553,-2.722,12257.564,85.551,53.231,1.487,2070.256,14.449,-1.205024311,-120.5024311,Low,-2.721
North Macedonia,2014,MKD,27.963,-7.163,-2.157,13282.118,-5.077,-1.308,11618.279,87.473,-19.222,-0.849,1663.838,12.527,0.393602225,39.36022253,Low,-1.308
North Macedonia,2015,MKD,29.477,5.414,1.514,13983.399,-1.883,-0.461,11385.05,81.418,56.913,1.974,2598.349,18.582,1.303830911,130.3830911,High,-0.46
North Macedonia,2016,MKD,30.592,3.785,1.116,14497.308,4.334,1.04,11865.945,81.849,1.769,0.075,2631.362,18.151,0.067204301,6.720430108,Low,1.041
North Macedonia,2017,MKD,29.433,-3.789,-1.159,13936.254,3.657,0.916,12289.454,88.183,-37.271,-2.075,1646.8,11.817,1.790336497,179.0336497,High,0.916
North Macedonia,2018,MKD,30.426,3.375,0.993,14396.216,-2.927,-0.76,11921.225,82.808,51.567,1.753,2474.991,17.192,1.765357503,176.5357503,High,-0.76
North Macedonia,2019,MKD,31.058,2.074,0.631,14690.129,9.081,2.288,12999.659,88.492,-31.615,-1.657,1690.469,11.508,-2.625990491,-262.5990491,Low,2.288
North Macedonia,2020,MKD,27.708,-10.785,-3.35,13125.045,-13.403,-3.684,11273.772,85.895,9.765,0.334,1851.273,14.105,-0.099701493,-9.970149254,Low,-3.684
North Macedonia,2021,MKD,28.998,4.655,1.29,13786.646,3.458,0.823,11706.583,84.912,12.504,0.467,2080.064,15.088,0.362015504,36.20155039,Low,0.823
North Macedonia,2022,MKD,30.632,5.635,1.634,14631.11,7.568,1.863,12650.971,86.466,-4.654,-0.229,1980.139,13.534,-0.140146879,-14.01468788,Low,1.863
North Macedonia,2023,MKD,33.53,9.461,2.898,16076.155,5.319,1.409,13374.528,83.195,36.138,1.489,2701.626,16.805,0.513802622,51.38026225,Medium,1.409
Northern Mariana Islands,1980,MNP,0,,,0,,,,,,,,,0,0,Low,0
Northern Mariana Islands,1981,MNP,0,,0,0,,,,,,,,,0,0,Low,0
Northern Mariana Islands,1982,MNP,0,,0,0,,,,,,,,,0,0,Low,0
Northern Mariana Islands,1983,MNP,0,,0,0,,,,,,,,,0,0,Low,0
Northern Mariana Islands,1984,MNP,0,,0,0,,,,,,,,,0,0,Low,0
Northern Mariana Islands,1985,MNP,0,,0,0,,,,,,,,,0,0,Low,0
Northern Mariana Islands,1986,MNP,0,,0,0,,,,,,,,,0,0,Low,0
Northern Mariana Islands,1987,MNP,0,,0,0,,,,,,,,,0,0,Low,0
Northern Mariana Islands,1988,MNP,0,,0,0,,,,,,,,,0,0,Low,0
Northern Mariana Islands,1989,MNP,0,,0,0,,,,,,,,,0,0,Low,0
Northern Mariana Islands,1990,MNP,0,,0,0,,,,,,,,,0,0,Low,0
Northern Mariana Islands,1991,MNP,0,,0,0,,,,,,,,,0,0,Low,0
Northern Mariana Islands,1992,MNP,0,,0,0,,,,,,,,,0,0,Low,0
Northern Mariana Islands,1993,MNP,0,,0,0,,,,,,,,,0,0,Low,0
Northern Mariana Islands,1994,MNP,0,,0,0,,,,,,,,,0,0,Low,0
Northern Mariana Islands,1995,MNP,0,,0,0,,,,,,,,,0,0,Low,0
Northern Mariana Islands,1996,MNP,0,,0,0,,,,,,,,,0,0,Low,0
Northern Mariana Islands,1997,MNP,0,,0,0,,,,,,,,,0,0,Low,0
Northern Mariana Islands,1998,MNP,0,,0,0,,,,,,,,,0,0,Low,0
Northern Mariana Islands,1999,MNP,0,,0,0,,,,,,,,,0,0,Low,0
Northern Mariana Islands,2000,MNP,0,,0,0,,,,,,,,,0,0,Low,0
Northern Mariana Islands,2001,MNP,0,,0,0,,,,,,,,,0,0,Low,0
Northern Mariana Islands,2002,MNP,0,,0,0,,,,,,,,,0,0,Low,0
Northern Mariana Islands,2003,MNP,0,,0,0,,,,,,,,,0,0,Low,0
Northern Mariana Islands,2004,MNP,0,,0,0,,,,,,,,,0,0,Low,0
Northern Mariana Islands,2005,MNP,0,,0,0,,,,,,,,,0,0,Low,0
Northern Mariana Islands,2006,MNP,0,,0,0,,,,,,,,,0,0,Low,0
Northern Mariana Islands,2007,MNP,0,,0,0,,,,,,,,,0,0,Low,0
Northern Mariana Islands,2008,MNP,0,,0,0,,,,,,,,,0,0,Low,0
Northern Mariana Islands,2009,MNP,0,,0,0,,,,,,,,,0,0,Low,0
Northern Mariana Islands,2010,MNP,0,,0,0,,,,,,,,,0,0,Low,0
Northern Mariana Islands,2011,MNP,0,,0,0,,,,,,,,,0,0,Low,0
Northern Mariana Islands,2012,MNP,0,,0,0,,,,,,,,,0,0,Low,0
Northern Mariana Islands,2013,MNP,0,,0,0,,,,,,,,,0,0,Low,0
Northern Mariana Islands,2014,MNP,0,,0,0,,,,,,,,,0,0,Low,0
Northern Mariana Islands,2015,MNP,0,,0,0,,,,,,,,,0,0,Low,0
Northern Mariana Islands,2016,MNP,0,,0,0,,,,,,,,,0,0,Low,0
Northern Mariana Islands,2017,MNP,0,,0,0,,,,,,,,,0,0,Low,0
Northern Mariana Islands,2018,MNP,0,,0,0,,,,,,,,,0,0,Low,0
Northern Mariana Islands,2019,MNP,0,,0,0,,,,,,,,,0,0,Low,0
Northern Mariana Islands,2020,MNP,0,,0,0,,,,,,,,,0,0,Low,0
Northern Mariana Islands,2021,MNP,0,,0,0,,,,,,,,,0,0,Low,0
Norway,1965,NOR,215.423,,,57854.812,,,,,,,39271.824,,0,0,Low,0
Norway,1966,NOR,220.394,2.307,4.971,58723.461,,,,,-1.432,-2.094,38404.617,,-0.421243211,-42.12432106,Low,7.065
Norway,1967,NOR,236.682,7.391,16.288,62542.391,,,,,9.349,13.475,41648.008,,0.827296169,82.7296169,Medium,2.813
Norway,1968,NOR,265.167,12.035,28.485,69482.648,,,,,12.953,20.415,46648.738,,0.716692996,71.66929963,Medium,8.07
Norway,1969,NOR,265.566,0.151,0.4,69022.648,,,,,-4.707,-8.38,44092.07,,-20.95,-2095,Low,8.78
Norway,1970,NOR,277.902,4.645,12.335,71706.375,,,,,0.762,1.292,44106.676,,0.104742602,10.47426024,Low,11.043
Norway,1971,NOR,292.364,5.204,14.462,74909.102,,,,,9.405,16.077,47916.73,,1.111671968,111.1671968,High,-1.615
Norway,1972,NOR,310.053,6.051,17.69,78832.859,,,,,6.597,12.337,50686.23,,0.697399661,69.73996608,Medium,5.353
Norway,1973,NOR,328.545,5.964,18.492,82951.125,,,,,8.084,16.116,54401.156,,0.871512005,87.15120052,Medium,2.376
Norway,1974,NOR,331.552,0.915,3.007,83191.922,,,,,5.119,11.03,56831.832,,3.668107749,366.8107749,High,-8.023
Norway,1975,NOR,336.399,1.462,4.847,83942.922,,,,,0.957,2.167,57059.422,,0.447080668,44.70806685,Low,2.68
Norway,1976,NOR,359.814,6.96,23.415,89365.477,,,,,5.952,13.611,60172.855,,0.581294042,58.12940423,Medium,9.804
Norway,1977,NOR,331.372,-7.905,-28.442,81954.562,,,29283.516,35.731,-12.096,-29.307,52671.047,64.269,1.03041277,103.041277,High,0.865
Norway,1978,NOR,371.85,12.215,40.478,91615.625,12.499,14.799,32818.312,35.822,12.057,25.679,58797.312,64.178,0.634393992,63.43939918,Medium,14.799
Norway,1979,NOR,398.209,7.089,26.359,97776.367,2.047,2.727,33376.309,34.135,9.903,23.632,64400.059,65.865,0.896543875,89.6543875,Medium,2.727
Norway,1980,NOR,378.902,-4.849,-19.307,92736.75,-3.142,-4.271,32223.73,34.748,-5.733,-15.036,60513.012,65.252,0.778784897,77.87848967,Medium,-4.271
Norway,1981,NOR,400.171,5.614,21.27,97606.133,-4.555,-5.997,30650.398,31.402,11.028,27.266,66955.734,68.598,1.281899389,128.1899389,High,-5.996
Norway,1982,NOR,395.477,-1.173,-4.694,96107.789,-2.947,-3.703,29638.092,30.838,-0.361,-0.991,66469.688,69.162,0.211120579,21.11205795,Low,-3.703
Norway,1983,NOR,434.764,9.934,39.287,105306.047,0.235,0.287,29609.66,28.118,14.259,39,75696.383,71.882,0.992694785,99.26947845,Medium,0.287
Norway,1984,NOR,440.217,1.254,5.453,106326.578,3.94,4.817,30689.754,28.864,0.203,0.636,75636.828,71.136,0.116633046,11.6633046,Low,4.817
Norway,1985,NOR,435.445,-1.084,-4.772,104859.812,4.424,5.621,31951.639,30.471,-3.319,-10.393,72908.172,69.529,2.177912825,217.7912825,High,5.621
Norway,1986,NOR,424.843,-2.435,-10.602,101942.758,5.736,7.611,33664.242,33.023,-6.017,-18.213,68278.516,66.977,1.717883418,171.7883418,High,7.611
Norway,1987,NOR,446.351,5.063,21.508,106603.047,0.436,0.612,33653.043,31.569,7.344,20.896,72950.016,68.431,0.971545471,97.15454715,Medium,0.612
Norway,1988,NOR,460.097,3.08,13.746,109295.656,-1.976,-2.785,32810.723,30.02,5.412,16.531,76484.93,69.98,1.202604394,120.2604394,High,-2.785
Norway,1989,NOR,490.188,6.54,30.091,115963.898,1.351,1.866,33116.934,28.558,8.766,28.225,82846.961,71.442,0.937988103,93.79881028,Medium,1.866
Norway,1990,NOR,492.923,0.558,2.735,116210.516,-4.264,-5.969,31595.918,27.189,2.473,8.704,84614.594,72.811,3.182449726,318.2449726,High,-5.969
Norway,1991,NOR,456.607,-7.367,-36.316,107137.312,-2.793,-3.744,30567.412,28.531,-9.076,-32.572,76569.906,71.469,0.896904945,89.69049455,Medium,-3.744
Norway,1992,NOR,478.213,4.732,21.606,111561.07,1.703,2.219,30909.094,27.706,5.941,19.387,80651.969,72.294,0.897297047,89.72970471,Medium,2.219
Norway,1993,NOR,490.582,2.586,12.369,113767.695,3.563,4.721,31820.619,27.97,2.211,7.648,81947.078,72.03,0.618319994,61.83199935,Medium,4.721
Norway,1994,NOR,475.377,-3.099,-15.205,109616.195,5.209,7.147,33288.059,30.368,-6.328,-22.351,76328.133,69.632,1.469976981,146.9976981,High,7.146
Norway,1995,NOR,509.372,7.151,33.995,116846.477,3.252,4.695,34192.664,29.263,8.852,29.299,82653.812,70.737,0.861862039,86.18620385,Medium,4.696
Norway,1996,NOR,467.217,-8.276,-42.155,106633.719,6.74,10.047,36312.621,34.054,-14.492,-52.202,70321.094,65.946,1.238334717,123.8334717,High,10.047
Norway,1997,NOR,490,4.876,22.783,111228.805,3.451,5.491,37362.598,33.591,5.618,17.293,73866.211,66.409,0.759030856,75.90308563,Medium,5.49
Norway,1998,NOR,509.797,4.04,19.797,115034.969,1.322,2.176,37631.465,32.713,5.414,17.622,77403.508,67.287,0.890134869,89.01348689,Medium,2.175
Norway,1999,NOR,525.608,3.101,15.811,117792.648,-0.743,-1.24,37096.613,31.493,4.971,17.051,80696.031,68.507,1.078426412,107.8426412,High,-1.24
Norway,2000,NOR,583.177,10.953,57.569,129848.781,-1.59,-2.632,36270.582,27.933,16.723,60.201,93578.219,72.067,1.04571905,104.571905,High,-2.632
Norway,2001,NOR,519.16,-10.977,-64.018,115010.516,0.895,1.457,36410.125,31.658,-15.031,-65.475,78600.391,68.342,1.022759224,102.2759224,High,1.457
Norway,2002,NOR,543.437,4.676,24.278,119741.156,0.264,0.434,36309.777,30.324,7.414,23.844,83431.375,69.676,0.982123733,98.21237334,Medium,0.434
Norway,2003,NOR,479.93,-11.686,-63.507,105128.766,4.571,7.532,37747.066,35.906,-18.248,-71.039,67381.695,64.094,1.118601099,111.8601099,High,7.532
Norway,2004,NOR,486.499,1.369,6.569,105938.367,-0.686,-1.182,37266.875,35.178,3.173,7.75,68671.492,64.822,1.179783833,117.9783833,High,-1.181
Norway,2005,NOR,558.194,14.737,71.695,120724.852,-2.329,-3.986,36151.617,29.945,24.797,75.681,84573.227,70.055,1.055596625,105.5596625,High,-3.986
Norway,2006,NOR,511.088,-8.439,-47.107,109650,0.713,1.191,36117.242,32.939,-11.797,-48.298,73532.758,67.061,1.025282867,102.5282867,High,1.191
Norway,2007,NOR,553.722,8.342,42.635,117573.5,1.993,3.355,36457.68,31.008,12.323,39.279,81115.82,68.992,0.921285329,92.1285329,Medium,3.356
Norway,2008,NOR,561.737,1.448,8.015,117797.914,-3.174,-5.45,34863.121,29.596,4.446,13.466,82934.781,70.404,1.680099813,168.0099813,High,-5.451
Norway,2009,NOR,516.214,-8.104,-45.524,106894.383,-2.693,-4.477,33499.004,31.338,-9.692,-41.047,73395.375,68.662,0.901656269,90.16562692,Medium,-4.477
Norway,2010,NOR,499.137,-3.308,-17.076,102078.367,5.201,8.413,34804.766,34.096,-6.466,-25.49,67273.594,65.904,1.492738346,149.2738346,High,8.414
Norway,2011,NOR,504.417,1.058,5.279,101829.039,-2.096,-3.567,33636.227,33.032,3.287,8.847,68192.812,66.968,1.675885584,167.5885584,High,-3.568
Norway,2012,NOR,561.875,11.391,57.458,111948.297,-0.12,-0.2,33157.551,29.619,17.769,57.658,78790.75,70.381,1.003480803,100.3480803,High,-0.2
Norway,2013,NOR,524.074,-6.728,-37.801,103150.648,0.306,0.509,32855.621,31.852,-9.115,-38.31,70295.031,68.148,1.013465252,101.3465252,High,0.509
Norway,2014,NOR,542.885,3.589,18.811,105662.383,0.375,0.627,32611.459,30.864,5.699,18.185,73050.93,69.136,0.966721599,96.67215991,Medium,0.626
Norway,2015,NOR,550.198,1.347,7.312,106003.852,2.162,3.623,32980.098,31.112,1.645,3.689,73023.742,68.888,0.504513129,50.45131291,Medium,3.623
Norway,2016,NOR,558.524,1.513,8.326,106657.969,-2.958,-5.064,31721.953,29.742,4.996,13.39,74936.031,70.258,1.608215229,160.8215229,High,-5.064
Norway,2017,NOR,561.082,0.458,2.558,106317.938,1.057,1.757,31809.531,29.919,1.684,0.801,74508.406,70.081,0.313135262,31.31352619,Low,1.757
Norway,2018,NOR,552.539,-1.523,-8.543,104010.867,0.969,1.626,31906.523,30.676,-2.59,-10.169,72104.352,69.324,1.190331265,119.0331265,High,1.626
Norway,2019,NOR,516.77,-6.474,-35.769,96623.469,-2.408,-4.081,30928.984,32.01,-7.318,-31.689,65694.484,67.99,0.885934748,88.5934748,Medium,-4.08
Norway,2020,NOR,557.347,7.852,40.577,103599.203,-5.917,-9.789,28928.109,27.923,13.949,50.365,74671.102,72.077,1.241220396,124.1220396,High,-9.788
Norway,2021,NOR,568.479,1.997,11.132,105215.008,1.077,1.676,29114.1,27.671,2.601,9.456,76100.898,72.329,0.849443047,84.94430471,Medium,1.676
Norway,2022,NOR,532.713,-6.291,-35.766,98027.531,-0.91,-1.432,28682.938,29.26,-7.997,-34.334,69344.594,70.74,0.959961975,95.99619751,Medium,-1.432
Norway,2023,NOR,553.084,3.824,20.371,101031.672,-0.97,-1.513,28196.826,27.909,7.144,21.883,72834.836,72.091,1.07422316,107.422316,High,-1.512
Oman,1965,OMN,0.097,,,163.991,,,,,,,,,0,0,Low,0
Oman,1966,OMN,0.122,25.139,0.024,200.581,,,,,,,,,0,0,Low,0.024
Oman,1967,OMN,0.541,343.934,0.419,869.681,,,,,,,,,0,0,Low,0.419
Oman,1968,OMN,0.652,20.504,0.111,1022.786,,,,,,,,,0,0,Low,0.111
Oman,1969,OMN,0.929,42.43,0.277,1420.604,,,,,,,,,0,0,Low,0.277
Oman,1970,OMN,0.936,0.796,0.007,1395.422,,,,,,,,,0,0,Low,0.007
Oman,1971,OMN,15.472,1553.105,14.536,22461.205,,,,,,,,,0,0,Low,14.536
Oman,1972,OMN,17.677,14.257,2.206,24965.809,,,,,,,,,0,0,Low,2.206
Oman,1973,OMN,15.376,-13.018,-2.301,21103.252,,,,,,,,,0,0,Low,-2.301
Oman,1974,OMN,14.128,-8.117,-1.248,18720.264,,,,,,,,,0,0,Low,-1.248
Oman,1975,OMN,12.905,-8.658,-1.223,16393.078,,,,,,,,,0,0,Low,-1.223
Oman,1976,OMN,14.856,15.124,1.952,18027.662,,,,,,,,,0,0,Low,1.952
Oman,1977,OMN,14.312,-3.663,-0.544,16524.197,,,,,,,,,0,0,Low,-0.544
Oman,1978,OMN,16.642,16.281,2.33,18233.145,,,,,,,,,0,0,Low,2.33
Oman,1979,OMN,19.173,15.207,2.531,19902.557,,,,,,,,,0,0,Low,2.531
Oman,1980,OMN,17.058,-11.03,-2.115,16765.436,,,,,,,0,,0,0,Low,-2.115
Oman,1981,OMN,18.028,5.684,0.97,16760.375,,,,,,0,0,,0,0,Low,0.97
Oman,1982,OMN,19.465,7.971,1.437,17100.033,,,,,,0,0,,0,0,Low,1.437
Oman,1983,OMN,22.427,15.217,2.962,18617.271,,,,,,0,0,,0,0,Low,2.962
Oman,1984,OMN,27.809,23.996,5.382,21839.512,,,,,,0,0,,0,0,Low,5.382
Oman,1985,OMN,32.89,18.273,5.081,24303.521,,,,,,0,0,,0,0,Low,5.081
Oman,1986,OMN,35.46,7.813,2.57,24565.83,,,,,,0,0,,0,0,Low,2.57
Oman,1987,OMN,36.959,4.228,1.499,24103.342,,,,,,0,0,,0,0,Low,1.499
Oman,1988,OMN,37.969,2.733,1.01,23387.939,,,,,,0,0,,0,0,Low,1.01
Oman,1989,OMN,39.736,4.654,1.767,23185.213,,,,,,0,0,,0,0,Low,1.767
Oman,1990,OMN,46.578,17.219,6.842,25811.695,,,,,,0,0,,0,0,Low,6.842
Oman,1991,OMN,60.794,30.52,14.216,32077.758,,,,,,0,0,,0,0,Low,14.216
Oman,1992,OMN,60.287,-0.832,-0.506,30367.953,,,,,,0,0,,0,0,Low,-0.506
Oman,1993,OMN,58.154,-3.54,-2.134,28068.113,,,,,,0,0,,0,0,Low,-2.134
Oman,1994,OMN,54.481,-6.315,-3.672,25534.031,,,25534.031,100,,0,0,0,0,0,Low,-3.672
Oman,1995,OMN,63.823,17.146,9.341,29375.076,17.146,9.341,29375.078,100,,0,0,0,0,0,Low,9.341
Oman,1996,OMN,65.475,2.588,1.652,29626.945,2.588,1.652,29626.945,100,,0,0,0,0,0,Low,1.652
Oman,1997,OMN,67.466,3.042,1.992,30043.963,3.042,1.992,30043.963,100,,0,0,0,0,0,Low,1.992
Oman,1998,OMN,69.18,2.54,1.713,30345.678,2.54,1.713,30345.678,100,,0,0,0,0,0,Low,1.713
Oman,1999,OMN,78.621,13.647,9.441,33996.68,13.647,9.441,33996.676,100,,0,0,0,0,0,Low,9.441
Oman,2000,OMN,110.924,41.087,32.303,47317.117,41.087,32.303,47317.117,,,,,,0,0,Low,32.303
Oman,2001,OMN,123.159,11.031,12.236,51864.105,11.031,12.236,51864.102,,,,,,0,0,Low,12.236
Oman,2002,OMN,131.114,6.459,7.954,54547.508,6.459,7.954,54547.508,,,,,,0,0,Low,7.954
Oman,2003,OMN,136.076,3.785,4.962,55961.422,3.785,4.962,55961.422,,,,,,0,0,Low,4.962
Oman,2004,OMN,141.411,3.921,5.335,57277.863,3.921,5.335,57277.863,,,,,,0,0,Low,5.335
Oman,2005,OMN,156.05,10.352,14.639,62042.586,10.352,14.639,62042.586,,,,,,0,0,Low,14.639
Oman,2006,OMN,170.444,9.224,14.394,66562.562,9.224,14.394,66562.555,,,,,,0,0,Low,14.394
Oman,2007,OMN,171.888,0.847,1.444,65965.828,0.847,1.444,65965.82,,,,,,0,0,Low,1.444
Oman,2008,OMN,200.784,16.812,28.897,75738.219,16.812,28.897,75738.211,,,,,,0,0,Low,28.897
Oman,2009,OMN,199.198,-0.79,-1.587,73844.141,-0.79,-1.587,73844.141,,,,,,0,0,Low,-1.587
Oman,2010,OMN,236.931,18.943,37.733,82213.055,18.943,37.733,82213.055,,,,,,0,0,Low,37.733
Oman,2011,OMN,259.683,9.603,22.752,80976.867,9.603,22.752,80976.867,,,,,,0,0,Low,22.752
Oman,2012,OMN,283.303,9.096,23.62,80129,9.096,23.62,80129,,,,,,0,0,Low,23.62
Oman,2013,OMN,317.485,12.066,34.182,83183.344,12.064,34.179,83182.477,,,,,,0,0,Low,34.182
Oman,2014,OMN,315.798,-0.531,-1.687,78766.812,-0.531,-1.687,78766.016,,,,,,0,0,Low,-1.687
Oman,2015,OMN,337.249,6.793,21.451,80454.766,6.791,21.445,80452.391,,,,,,0,0,Low,21.451
Oman,2016,OMN,338.486,0.367,1.237,76962.32,0.367,1.236,76959.766,,,,,,0,0,Low,1.237
Oman,2017,OMN,353.378,4.399,14.891,77804.742,4.391,14.861,77795.625,,,,,,0,0,Low,14.891
Oman,2018,OMN,375.743,6.329,22.365,81662.578,6.33,22.365,81653.539,,,,,,0,0,Low,22.365
Oman,2019,OMN,373.15,-0.69,-2.592,81070.859,-0.697,-2.617,81056.398,,,,,,0,0,Low,-2.592
Oman,2020,OMN,360.491,-3.393,-12.659,79343.797,-3.488,-13.013,79251.336,,,,,,0,0,Low,-12.659
Oman,2021,OMN,393.389,9.126,32.898,87023.781,8.67,31.218,86559.195,,,,,,0,0,Low,32.898
Oman,2022,OMN,416.905,5.978,23.517,91100.969,5.509,21.555,90213.297,,,,,,0,0,Low,23.517
Oman,2023,OMN,430.095,3.164,13.189,92605.32,3.175,13.107,91712.883,,,,,,0,0,Low,13.189
Pakistan,1965,PAK,82.224,,,1586.07,,,1460.787,92.101,,,125.283,7.899,0,0,Low,0
Pakistan,1966,PAK,82.841,0.749,0.616,1557.173,0.814,0.616,1435.088,92.16,0,0,122.085,7.84,0,0,Low,0.616
Pakistan,1967,PAK,91.72,10.718,8.879,1678.929,10.055,7.677,1538.033,91.608,18.511,1.202,140.896,8.392,0.135375605,13.53756054,Low,7.677
Pakistan,1968,PAK,104.131,13.532,12.411,1855.35,12.921,10.856,1690.499,91.115,20.204,1.555,164.851,8.885,0.12529208,12.52920796,Low,10.856
Pakistan,1969,PAK,104.632,0.481,0.501,1814.105,-0.009,-0.009,1644.854,90.67,5.508,0.51,169.251,9.33,1.017964072,101.7964072,High,-0.009
Pakistan,1970,PAK,102.952,-1.606,-1.68,1736.381,-0.586,-0.556,1590.692,91.61,-11.513,-1.124,145.689,8.39,0.669047619,66.9047619,Medium,-0.556
Pakistan,1971,PAK,96.236,-6.523,-6.715,1580.784,-10.065,-9.493,1393.268,88.138,32.224,2.778,187.516,11.862,-0.41370067,-41.37006701,Low,-9.493
Pakistan,1972,PAK,89.527,-6.971,-6.709,1432.217,-9.12,-7.736,1233.164,86.102,9.153,1.027,199.053,13.898,-0.153077955,-15.3077955,Low,-7.736
Pakistan,1973,PAK,95.656,6.846,6.129,1487.986,6.452,4.974,1276.466,85.785,9.434,1.155,211.52,14.215,0.18844836,18.84483603,Low,4.974
Pakistan,1974,PAK,103.625,8.331,7.969,1566.533,9.112,7.477,1353.538,86.403,3.736,0.492,212.995,13.597,0.06173924,6.173923955,Low,7.477
Pakistan,1975,PAK,108.779,4.974,5.155,1596.716,3.389,3.034,1358.778,85.098,15.051,2.121,237.938,14.902,0.411445199,41.14451988,Low,3.034
Pakistan,1976,PAK,110.466,1.55,1.686,1572.893,0.765,0.708,1328.155,84.44,5.939,0.978,244.737,15.56,0.580071174,58.00711744,Medium,0.708
Pakistan,1977,PAK,119.551,8.225,9.085,1650.094,7.152,6.671,1379.535,83.603,13.864,2.414,270.559,16.397,0.265712713,26.57127133,Low,6.671
Pakistan,1978,PAK,128.008,7.074,8.457,1711.588,4.403,4.4,1395.241,81.517,20.559,4.057,316.347,18.483,0.479720941,47.97209412,Low,4.4
Pakistan,1979,PAK,139.544,9.012,11.536,1802.725,9.564,9.98,1476.979,81.93,6.512,1.556,325.746,18.07,0.134882108,13.48821082,Low,9.98
Pakistan,1980,PAK,154.749,10.896,15.204,1919.386,12.17,13.914,1590.629,82.872,5.13,1.291,328.757,17.128,0.084911865,8.49118653,Low,13.913
Pakistan,1981,PAK,166.379,7.516,11.63,1974.353,7.967,10.217,1643.043,83.219,5.372,1.414,331.31,16.781,0.121582115,12.15821152,Low,10.216
Pakistan,1982,PAK,183.491,10.285,17.112,2089.202,9.804,13.575,1731.039,82.856,12.675,3.537,358.163,17.144,0.206697055,20.66970547,Low,13.575
Pakistan,1983,PAK,196.153,6.901,12.662,2153.622,4.982,7.574,1752.384,81.369,16.189,5.088,401.238,18.631,0.401832254,40.1832254,Low,7.574
Pakistan,1984,PAK,207.59,5.831,11.437,2208.313,6.245,9.967,1803.917,81.688,4.037,1.47,404.396,18.312,0.128530209,12.8530209,Low,9.967
Pakistan,1985,PAK,218.164,5.094,10.574,2246.296,5.292,8.973,1838.403,81.841,4.224,1.601,407.894,18.159,0.151409117,15.14091167,Low,8.973
Pakistan,1986,PAK,231.24,5.994,13.076,2298.183,8.05,14.373,1917.356,83.429,-3.229,-1.297,380.827,16.571,-0.099189355,-9.918935454,Low,14.373
Pakistan,1987,PAK,259.387,12.172,28.147,2488.094,8.906,17.182,2015.364,81,28.498,10.964,472.73,19,0.389526415,38.95264149,Low,17.183
Pakistan,1988,PAK,275.561,6.236,16.174,2552.25,6.734,14.149,2077.031,81.38,4.081,2.026,475.219,18.62,0.125262767,12.52627674,Low,14.148
Pakistan,1989,PAK,292.245,6.055,16.684,2617.031,7.168,16.074,2152.105,82.235,1.171,0.61,464.926,17.765,0.036561976,3.656197555,Low,16.074
Pakistan,1990,PAK,305.498,4.535,13.253,2646.973,5.6,13.459,2198.911,83.073,-0.327,-0.206,448.062,16.927,-0.01554365,-1.554365049,Low,13.459
Pakistan,1991,PAK,323.701,5.958,18.203,2715.528,5.777,14.661,2252.001,82.93,6.842,3.541,463.527,17.07,0.194528374,19.45283744,Low,14.662
Pakistan,1992,PAK,340.029,5.044,16.328,2778.575,4.112,11.038,2283.834,82.194,9.594,5.29,494.74,17.806,0.323983341,32.39833415,Low,11.038
Pakistan,1993,PAK,376.314,10.671,36.285,2997.401,11.027,30.818,2471.615,82.459,8.991,5.467,525.787,17.541,0.15066832,15.06683202,Low,30.818
Pakistan,1994,PAK,389.382,3.473,13.068,3012.739,4.433,13.756,2507.323,83.224,-1.009,-0.688,505.417,16.776,-0.052647689,-5.264768901,Low,13.756
Pakistan,1995,PAK,410.68,5.47,21.298,3085.091,5.517,17.879,2568.695,83.262,5.216,3.419,516.396,16.738,0.160531505,16.05315053,Low,17.879
Pakistan,1996,PAK,437.426,6.513,26.747,3187.431,6.21,21.235,2646.364,83.025,7.977,5.512,541.067,16.975,0.206079186,20.60791865,Low,21.235
Pakistan,1997,PAK,422.885,-3.324,-14.542,2992.172,1.07,3.886,2597.173,86.799,-24.785,-18.428,395,13.201,1.267225966,126.7225966,High,3.886
Pakistan,1998,PAK,453.849,7.322,30.964,3119.748,3.92,14.387,2622.054,84.047,29.654,16.577,497.694,15.953,0.535363648,53.53636481,Medium,14.387
Pakistan,1999,PAK,473.722,4.379,19.873,3164.593,7.461,28.461,2738.29,86.529,-11.905,-8.587,426.303,13.471,-0.432093796,-43.20937956,Low,28.46
Pakistan,2000,PAK,483.754,2.118,10.032,3133.734,3.973,16.286,2760.854,88.101,-9.978,-6.254,372.88,11.899,-0.623405104,-62.34051037,Low,16.286
Pakistan,2001,PAK,495.15,2.356,11.396,3109.893,1.538,6.555,2717.964,87.397,9.363,4.841,391.93,12.603,0.424798175,42.47981748,Low,6.555
Pakistan,2002,PAK,514.109,3.829,18.959,3148.968,3.094,13.388,2732.627,86.778,9.527,5.571,416.341,13.222,0.293844612,29.38446121,Low,13.388
Pakistan,2003,PAK,559.927,8.912,45.817,3355.333,7.583,33.83,2876.176,85.72,18.342,11.987,479.157,14.28,0.26162778,26.16277801,Low,33.83
Pakistan,2004,PAK,623.062,11.276,63.135,3651.139,11.967,57.436,3149.176,86.252,7.857,5.699,501.964,13.748,0.090266888,9.026688841,Low,57.436
Pakistan,2005,PAK,646.484,3.759,23.422,3707.498,2.643,14.203,3163.379,85.324,11.883,9.22,544.119,14.676,0.393646999,39.36469985,Low,14.202
Pakistan,2006,PAK,681.332,5.39,34.848,3826.202,6.66,36.735,3303.98,86.351,-1.365,-1.887,522.223,13.649,-0.054149449,-5.414944904,Low,36.735
Pakistan,2007,PAK,724.411,6.323,43.079,3981.929,6.834,40.206,3454.977,86.766,3.7,2.873,526.952,13.234,0.066691427,6.669142738,Low,40.206
Pakistan,2008,PAK,727.998,0.495,3.588,3915.402,2.85,17.914,3476.857,88.799,-14.44,-14.326,438.545,11.201,-3.992753623,-399.2753623,Low,17.914
Pakistan,2009,PAK,737.606,1.32,9.608,3879.622,0.623,4.025,3421.38,88.188,7.603,5.583,458.243,11.812,0.581078268,58.10782681,Medium,4.025
Pakistan,2010,PAK,740.76,0.428,3.154,3809.427,0.112,0.729,3348.921,87.911,3.406,2.425,460.506,12.089,0.768864933,76.88649334,Medium,0.729
Pakistan,2011,PAK,740.263,-0.067,-0.497,3727.354,-0.899,-5.857,3249.482,87.179,6.789,5.359,477.872,12.821,-10.78269618,-1078.269618,Low,-5.856
Pakistan,2012,PAK,687.836,-7.082,-52.427,3401.662,0.873,5.637,3219.455,94.644,-60.805,-58.063,182.207,5.356,1.10750186,110.750186,High,5.636
Pakistan,2013,PAK,751.742,9.291,63.906,3661.008,0.458,2.982,3184.874,86.994,166.08,60.925,476.134,13.006,0.953353363,95.33533628,Medium,2.981
Pakistan,2014,PAK,775.935,3.218,24.193,3725.951,3.152,20.616,3239.304,86.939,4.308,3.577,486.646,13.061,0.147852685,14.78526847,Low,20.616
Pakistan,2015,PAK,815.859,5.145,39.924,3867.193,5.778,38.975,3382.317,87.462,1.455,0.949,484.876,12.538,0.023770163,2.377016331,Low,38.975
Pakistan,2016,PAK,542.201,-33.542,-273.658,2539.286,-39.643,-282.876,2017.045,79.434,9.494,9.218,522.241,20.566,-0.03368438,-3.368437977,Low,-282.876
Pakistan,2017,PAK,940.998,73.552,398.797,4348.83,92.717,399.321,3835.897,88.205,0.124,-0.523,512.932,11.795,-0.001311444,-0.131144417,Low,399.32
Pakistan,2018,PAK,971.03,3.192,30.032,4419.168,3.235,26.851,3899.583,88.242,3.575,3.181,519.586,11.758,0.105920352,10.59203516,Low,26.851
Pakistan,2019,PAK,982.516,1.183,11.486,4400.116,-0.577,-4.944,3815.24,86.708,14.943,16.429,584.876,13.292,1.430349991,143.0349991,High,-4.943
Pakistan,2020,PAK,977.217,-0.539,-5.299,4301.192,-1.743,-14.85,3684.327,85.658,7.689,9.551,616.865,14.342,-1.80241555,-180.241555,Low,-14.85
Pakistan,2021,PAK,1083.791,10.906,106.574,4683.584,11.437,95.738,4031.101,86.069,8.519,10.836,652.483,13.931,0.101675831,10.16758309,Low,95.738
Pakistan,2022,PAK,998.705,-7.851,-85.086,4234.945,-10.409,-97.095,3543.777,83.679,8.629,12.009,691.169,16.321,-0.141139553,-14.11395529,Low,-97.095
Pakistan,2023,PAK,936.701,-6.208,-62.004,3895.041,-8.216,-68.662,3189.582,81.888,4.52,6.658,705.459,18.112,-0.107380169,-10.7380169,Low,-68.662
Palestine,1997,PSE,2.722,,,955.936,,,,,,,,,0,0,Low,0
Palestine,1998,PSE,4.314,58.482,1.592,1461.747,,,,,,,,,0,0,Low,1.592
Palestine,1999,PSE,4.391,1.794,0.077,1442.239,,,,,,,,,0,0,Low,0.077
Palestine,2000,PSE,5.764,31.279,1.373,1835.8,,,,,,,,,0,0,Low,1.373
Palestine,2001,PSE,7.821,35.681,2.057,2421.331,,,,,,,,,0,0,Low,2.057
Palestine,2002,PSE,7.242,-7.406,-0.579,2188.22,,,,,,,,,0,0,Low,-0.579
Palestine,2003,PSE,7.768,7.269,0.526,2295.478,,,,,,,,,0,0,Low,0.526
Palestine,2004,PSE,11.815,52.093,4.047,3414.642,,,,,,,,,0,0,Low,4.047
Palestine,2005,PSE,14.48,22.554,2.665,4088.966,,,,,,,,,0,0,Low,2.665
Palestine,2006,PSE,12.785,-11.704,-1.695,3524.347,,,,,,,,,0,0,Low,-1.695
Palestine,2007,PSE,13.168,2.991,0.382,3541.695,,,,,,,,,0,0,Low,0.382
Palestine,2008,PSE,12.63,-4.086,-0.538,3315.866,,,,,,,,,0,0,Low,-0.538
Palestine,2009,PSE,12.954,2.567,0.324,3321.987,,,,,,,,,0,0,Low,0.324
Palestine,2010,PSE,12.947,-0.049,-0.006,3243.116,,,,,,,,,0,0,Low,-0.006
Palestine,2011,PSE,14.396,11.192,1.449,3521.862,,,,,,,,,0,0,Low,1.449
Palestine,2012,PSE,14.404,0.055,0.008,3442.585,,,,,,,,,0,0,Low,0.008
Palestine,2013,PSE,15.299,6.213,0.895,3573.091,,,,,,,,,0,0,Low,0.895
Palestine,2014,PSE,16.504,7.876,1.205,3767.683,,,,,,,,,0,0,Low,1.205
Palestine,2015,PSE,18.323,11.017,1.818,4085.648,,,,,,,,,0,0,Low,1.818
Palestine,2016,PSE,19.239,5.003,0.917,4188.031,,,,,,,,,0,0,Low,0.917
Palestine,2017,PSE,19.313,0.381,0.073,4108.217,,,,,,,,,0,0,Low,0.073
Palestine,2018,PSE,19.689,1.95,0.377,4097.168,,,,,,,,,0,0,Low,0.377
Palestine,2019,PSE,20.552,4.384,0.863,4185.992,,,,,,,,,0,0,Low,0.863
Palestine,2020,PSE,20.028,-2.549,-0.524,3990.178,,,,,,,,,0,0,Low,-0.524
Palestine,2021,PSE,20.529,2.502,0.501,3999.195,,,,,,,,,0,0,Low,0.501
Panama,1980,PAN,53.88,,,27531.838,,,,,,,,,0,0,Low,0
Panama,1981,PAN,54.546,1.237,0.667,27230.988,,,,,,,,,0,0,Low,0.667
Panama,1982,PAN,51.861,-4.923,-2.685,25294.871,,,,,,,,,0,0,Low,-2.685
Panama,1983,PAN,52.488,1.209,0.627,25012.115,,,,,,,,,0,0,Low,0.627
Panama,1984,PAN,53.851,2.597,1.363,25075.281,,,,,,,,,0,0,Low,1.363
Panama,1985,PAN,48.423,-10.079,-5.428,22039.932,,,,,,,,,0,0,Low,-5.428
Panama,1986,PAN,49.929,3.109,1.505,22220.428,,,,,,,,,0,0,Low,1.505
Panama,1987,PAN,51.8,3.748,1.871,22548.799,,,,,,,,,0,0,Low,1.871
Panama,1988,PAN,51.267,-1.028,-0.533,21836.002,,,,,,,,,0,0,Low,-0.533
Panama,1989,PAN,49.93,-2.609,-1.337,20816.727,,,,,,,,,0,0,Low,-1.337
Panama,1990,PAN,52.771,5.69,2.841,21539.416,,,,,,,,,0,0,Low,2.841
Panama,1991,PAN,52.171,-1.136,-0.6,20851.395,,,,,,,,,0,0,Low,-0.6
Panama,1992,PAN,53.09,1.762,0.919,20784.041,,,,,,,,,0,0,Low,0.919
Panama,1993,PAN,53.306,0.407,0.216,20443.451,,,,,,,,,0,0,Low,0.216
Panama,1994,PAN,59.38,11.393,6.073,22311.537,,,,,,,,,0,0,Low,6.073
Panama,1995,PAN,62.52,5.288,3.14,23018.551,,,,,,,,,0,0,Low,3.14
Panama,1996,PAN,56.261,-10.011,-6.259,20299.029,,,,,,,,,0,0,Low,-6.259
Panama,1997,PAN,57.837,2.801,1.576,20451.439,,,,,,,,,0,0,Low,1.576
Panama,1998,PAN,60.927,5.343,3.09,21117.146,,,,,,,,,0,0,Low,3.09
Panama,1999,PAN,42.455,-30.318,-18.472,14425.172,,,,,,,,,0,0,Low,-18.472
Panama,2000,PAN,67.068,57.974,24.613,22342.99,,,,,,,,,0,0,Low,24.613
Panama,2001,PAN,68.165,1.636,1.097,22268.619,,,,,,,,,0,0,Low,1.097
Panama,2002,PAN,67.344,-1.205,-0.821,21577.676,,,,,,,,,0,0,Low,-0.821
Panama,2003,PAN,67.914,0.846,0.57,21345.66,,,,,,,,,0,0,Low,0.57
Panama,2004,PAN,69.254,1.973,1.34,21352.857,,,,,,,,,0,0,Low,1.34
Panama,2005,PAN,69.188,-0.095,-0.066,20928.799,,,,,,,,,0,0,Low,-0.066
Panama,2006,PAN,75.128,8.585,5.94,22302.521,,,,,,,,,0,0,Low,5.94
Panama,2007,PAN,70.901,-5.626,-4.227,20661.121,,,,,,,,,0,0,Low,-4.227
Panama,2008,PAN,83.056,17.144,12.155,23762.428,,,,,,,,,0,0,Low,12.155
Panama,2009,PAN,80.47,-3.114,-2.586,22608.205,,,,,,,,,0,0,Low,-2.586
Panama,2010,PAN,91.285,13.44,10.815,25191.672,,,,,,,,,0,0,Low,10.815
Panama,2011,PAN,92.078,0.869,0.793,24962.391,,,,,,,,,0,0,Low,0.793
Panama,2012,PAN,102.22,11.014,10.142,27223.264,,,,,,,,,0,0,Low,10.142
Panama,2013,PAN,100.603,-1.582,-1.617,26325.066,,,,,,,,,0,0,Low,-1.617
Panama,2014,PAN,102.876,2.259,2.273,26454.377,,,,,,,,,0,0,Low,2.273
Panama,2015,PAN,112.379,9.238,9.503,28399.344,,,,,,,,,0,0,Low,9.503
Panama,2016,PAN,118.755,5.674,6.376,29494.584,,,,,,,,,0,0,Low,6.376
Panama,2017,PAN,127.716,7.546,8.961,31180.088,,,,,,,,,0,0,Low,8.961
Panama,2018,PAN,130.186,1.934,2.471,31255.303,,,,,,,,,0,0,Low,2.471
Panama,2019,PAN,117.984,-9.373,-12.202,27875.5,,,,,,,,,0,0,Low,-12.202
Panama,2020,PAN,118.701,0.607,0.716,27640.848,,,,,,,,,0,0,Low,0.716
Panama,2021,PAN,117.776,-0.779,-0.925,27067.068,,,,,,,,,0,0,Low,-0.925
Papua New Guinea,1980,PNG,8.506,,,2739.705,,,,,,,,,0,0,Low,0
Papua New Guinea,1981,PNG,8.476,-0.353,-0.03,2674.656,,,,,,,,,0,0,Low,-0.03
Papua New Guinea,1982,PNG,8.458,-0.216,-0.018,2614.28,,,,,,,,,0,0,Low,-0.018
Papua New Guinea,1983,PNG,8.71,2.985,0.252,2636.563,,,,,,,,,0,0,Low,0.252
Papua New Guinea,1984,PNG,10.058,15.471,1.348,2980.609,,,,,,,,,0,0,Low,1.348
Papua New Guinea,1985,PNG,10.065,0.073,0.007,2919.535,,,,,,,,,0,0,Low,0.007
Papua New Guinea,1986,PNG,10.427,3.589,0.361,2959.65,,,,,,,,,0,0,Low,0.361
Papua New Guinea,1987,PNG,11.433,9.65,1.006,3175.474,,,,,,,,,0,0,Low,1.006
Papua New Guinea,1988,PNG,10.768,-5.816,-0.665,2926.323,,,,,,,,,0,0,Low,-0.665
Papua New Guinea,1989,PNG,11.042,2.551,0.275,2933.622,,,,,,,,,0,0,Low,0.275
Papua New Guinea,1990,PNG,11.183,1.276,0.141,2893.504,,,,,,,,,0,0,Low,0.141
Papua New Guinea,1991,PNG,11.063,-1.074,-0.12,2772.047,,,,,,,,,0,0,Low,-0.12
Papua New Guinea,1992,PNG,11.66,5.396,0.597,2818.749,,,,,,,,,0,0,Low,0.597
Papua New Guinea,1993,PNG,11.846,1.593,0.186,2760.274,,,,,,,,,0,0,Low,0.186
Papua New Guinea,1994,PNG,11.348,-4.204,-0.498,2549.146,,,,,,,,,0,0,Low,-0.498
Papua New Guinea,1995,PNG,13.168,16.04,1.82,2852.454,,,,,,,,,0,0,Low,1.82
Papua New Guinea,1996,PNG,13.745,4.379,0.577,2871.943,,,,,,,,,0,0,Low,0.577
Papua New Guinea,1997,PNG,13.027,-5.223,-0.718,2626.174,,,,,,,,,0,0,Low,-0.718
Papua New Guinea,1998,PNG,13.12,0.718,0.093,2553.198,,,,,,,,,0,0,Low,0.093
Papua New Guinea,1999,PNG,13.281,1.221,0.16,2495.703,,,,,,,,,0,0,Low,0.16
Papua New Guinea,2000,PNG,15.133,13.949,1.853,2747.343,,,,,,,,,0,0,Low,1.853
Papua New Guinea,2001,PNG,17.308,14.368,2.174,3037.213,,,,,,,,,0,0,Low,2.174
Papua New Guinea,2002,PNG,18.112,4.648,0.804,3073.672,,,,,,,,,0,0,Low,0.804
Papua New Guinea,2003,PNG,20.564,13.536,2.452,3376.062,,,,,,,,,0,0,Low,2.452
Papua New Guinea,2004,PNG,22.981,11.757,2.418,3651.766,,,,,,,,,0,0,Low,2.418
Papua New Guinea,2005,PNG,22.207,-3.369,-0.774,3417.074,,,,,,,,,0,0,Low,-0.774
Papua New Guinea,2006,PNG,22.762,2.501,0.555,3393.203,,,,,,,,,0,0,Low,0.555
Papua New Guinea,2007,PNG,24.531,7.771,1.769,3544.432,,,,,,,,,0,0,Low,1.769
Papua New Guinea,2008,PNG,21.821,-11.05,-2.711,3056.953,,,,,,,,,0,0,Low,-2.711
Papua New Guinea,2009,PNG,23.983,9.91,2.162,3259.054,,,,,,,,,0,0,Low,2.162
Papua New Guinea,2010,PNG,21.746,-9.329,-2.237,2867.584,,,,,,,,,0,0,Low,-2.237
Papua New Guinea,2011,PNG,22.775,4.735,1.03,2917.431,,,,,,,,,0,0,Low,1.03
Papua New Guinea,2012,PNG,22.007,-3.372,-0.768,2741.809,,,,,,,,,0,0,Low,-0.768
Papua New Guinea,2013,PNG,22.518,2.322,0.511,2730.934,,,,,,,,,0,0,Low,0.511
Papua New Guinea,2014,PNG,23.838,5.863,1.32,2816.402,,,,,,,,,0,0,Low,1.32
Papua New Guinea,2015,PNG,27.527,15.473,3.689,3170.52,,,,,,,,,0,0,Low,3.689
Papua New Guinea,2016,PNG,29.22,6.149,1.693,3283.417,,,,,,,,,0,0,Low,1.693
Papua New Guinea,2017,PNG,28.239,-3.357,-0.981,3098.138,,,,,,,,,0,0,Low,-0.981
Papua New Guinea,2018,PNG,29.388,4.071,1.15,3150.152,,,,,,,,,0,0,Low,1.15
Papua New Guinea,2019,PNG,30.15,2.59,0.761,3159.517,,,,,,,,,0,0,Low,0.761
Papua New Guinea,2020,PNG,21.097,-30.026,-9.053,2163.87,,,,,,,,,0,0,Low,-9.053
Papua New Guinea,2021,PNG,21.128,0.145,0.031,2123.498,,,,,,,,,0,0,Low,0.031
Paraguay,1980,PRY,8.111,,,2634.371,,,,,,,,,0,0,Low,0
Paraguay,1981,PRY,7.844,-3.289,-0.267,2479.758,,,,,,,,,0,0,Low,-0.267
Paraguay,1982,PRY,7.701,-1.83,-0.144,2368.229,,,,,,,,,0,0,Low,-0.144
Paraguay,1983,PRY,8.312,7.937,0.611,2486.154,,,,,,,,,0,0,Low,0.611
Paraguay,1984,PRY,8.945,7.615,0.633,2601.846,,,,,,,,,0,0,Low,0.633
Paraguay,1985,PRY,16.465,84.067,7.52,4656.928,,,,,,,,,0,0,Low,7.52
Paraguay,1986,PRY,33.015,100.52,16.55,9079.885,,,,,,,,,0,0,Low,16.55
Paraguay,1987,PRY,49.089,48.688,16.074,13128.717,,,,,,,,,0,0,Low,16.074
Paraguay,1988,PRY,51.079,4.054,1.99,13286.492,,,,,,,,,0,0,Low,1.99
Paraguay,1989,PRY,63.526,24.368,12.447,16077.275,,,,,,,,,0,0,Low,12.447
Paraguay,1990,PRY,67.671,6.525,4.145,16671.078,,,,,,,,,0,0,Low,4.145
Paraguay,1991,PRY,71.735,6.005,4.063,17210.789,,,,,,,,,0,0,Low,4.063
Paraguay,1992,PRY,67.652,-5.691,-4.082,15817.484,,,,,,,,,0,0,Low,-4.082
Paraguay,1993,PRY,76.396,12.924,8.744,17417.297,,,,,,,,,0,0,Low,8.744
Paraguay,1994,PRY,88.245,15.51,11.849,19630.529,,,,,,,,,0,0,Low,11.849
Paraguay,1995,PRY,101.764,15.32,13.519,22103.842,,,,,,,,,0,0,Low,13.519
Paraguay,1996,PRY,106.494,4.647,4.729,22602.16,,,,,,,,,0,0,Low,4.729
Paraguay,1997,PRY,117.261,10.111,10.768,24336.727,,,,,,,,,0,0,Low,10.768
Paraguay,1998,PRY,119.436,1.854,2.174,24258.488,,,,,,,,,0,0,Low,2.174
Paraguay,1999,PRY,124.973,4.636,5.537,24865.104,,,,,,,,,0,0,Low,5.537
Paraguay,2000,PRY,124.693,-0.224,-0.28,24335.996,,,,,,,,,0,0,Low,-0.28
Paraguay,2001,PRY,110.886,-11.073,-13.807,21277.064,,,,,,,,,0,0,Low,-13.807
Paraguay,2002,PRY,115.543,4.199,4.656,21856.117,,,,,,,,,0,0,Low,4.656
Paraguay,2003,PRY,122.493,6.015,6.95,22881.867,,,,,,,,,0,0,Low,6.95
Paraguay,2004,PRY,121.594,-0.734,-0.899,22449.5,,,,,,,,,0,0,Low,-0.899
Paraguay,2005,PRY,119.134,-2.023,-2.46,21752.111,,,,,,,,,0,0,Low,-2.46
Paraguay,2006,PRY,124.737,4.704,5.604,22537.387,,,,,,,,,0,0,Low,5.604
Paraguay,2007,PRY,125.27,0.427,0.533,22409.062,,,,,,,,,0,0,Low,0.533
Paraguay,2008,PRY,129.202,3.139,3.932,22887.295,,,,,,,,,0,0,Low,3.932
Paraguay,2009,PRY,128.046,-0.895,-1.157,22453.984,,,,,,,,,0,0,Low,-1.157
Paraguay,2010,PRY,129.489,1.127,1.443,22447.141,,,,,,,,,0,0,Low,1.443
Paraguay,2011,PRY,136.431,5.361,6.942,23345.691,,,,,,,,,0,0,Low,6.942
Paraguay,2012,PRY,140.02,2.631,3.589,23638.725,,,,,,,,,0,0,Low,3.589
Paraguay,2013,PRY,141.219,0.856,1.199,23514.254,,,,,,,,,0,0,Low,1.199
Paraguay,2014,PRY,133.658,-5.354,-7.561,21944.449,,,,,,,,,0,0,Low,-7.561
Paraguay,2015,PRY,137.098,2.574,3.44,22191.486,,,,,,,,,0,0,Low,3.44
Paraguay,2016,PRY,154.904,12.988,17.806,24718.906,,,,,,,,,0,0,Low,17.806
Paraguay,2017,PRY,148.943,-3.848,-5.961,23435.645,,,,,,,,,0,0,Low,-5.961
Paraguay,2018,PRY,149.095,0.102,0.152,23139.457,,,,,,,,,0,0,Low,0.152
Paraguay,2019,PRY,129.973,-12.825,-19.122,19903.92,,,,,,,,,0,0,Low,-19.122
Paraguay,2020,PRY,122.4,-5.826,-7.573,18493.115,,,,,,,,,0,0,Low,-7.573
Paraguay,2021,PRY,105.801,-13.561,-16.599,15782.273,,,,,,,,,0,0,Low,-16.599
Peru,1965,PER,55.007,,,4668.869,,,4010.036,85.889,,,658.833,14.111,0,0,Low,0
Peru,1966,PER,67.145,22.066,12.138,5536.339,24.428,11.541,4847.073,87.55,7.695,0.597,689.266,12.45,0.04918438,4.918437963,Low,11.541
Peru,1967,PER,68.368,1.822,1.223,5477.502,0.366,0.215,4726.979,86.298,12.062,1.008,750.523,13.702,0.82420278,82.420278,Medium,0.215
Peru,1968,PER,69.631,1.847,1.263,5421.611,0.978,0.577,4638.806,85.561,7.323,0.686,782.805,14.439,0.543151227,54.31512272,Medium,0.577
Peru,1969,PER,70.14,0.731,0.509,5308.141,-0.639,-0.381,4479.926,84.397,8.853,0.89,828.215,15.603,1.748526523,174.8526523,High,-0.381
Peru,1970,PER,72.34,3.136,2.199,5333.857,4.54,2.687,4562.907,85.546,-4.458,-0.488,770.95,14.454,-0.221919054,-22.19190541,Low,2.687
Peru,1971,PER,75.818,4.808,3.478,5449.813,0.865,0.536,4486.737,82.328,27.63,2.942,963.076,17.672,0.845888442,84.58884416,Medium,0.536
Peru,1972,PER,67.946,-10.382,-7.871,4754.003,-13.316,-8.312,3785.737,79.633,3.302,0.441,968.266,20.367,-0.056028459,-5.60284589,Low,-8.312
Peru,1973,PER,76.991,13.311,9.044,5246.466,14.873,8.047,4235.475,80.73,7.229,0.997,1010.992,19.27,0.110238832,11.02388324,Low,8.047
Peru,1974,PER,88.644,15.136,11.653,5887.16,16.437,10.217,4806.427,81.643,9.662,1.437,1080.732,18.357,0.123315884,12.33158843,Low,10.216
Peru,1975,PER,93.667,5.666,5.023,6065.92,5.915,4.281,4964.021,81.835,4.579,0.742,1101.9,18.165,0.147720486,14.77204858,Low,4.281
Peru,1976,PER,95.54,1.999,1.873,6036.569,1.273,0.976,4904.824,81.252,5.32,0.897,1131.746,18.748,0.478910838,47.89108382,Low,0.976
Peru,1977,PER,96.313,0.81,0.774,5936.254,0.125,0.097,4790.564,80.7,3.793,0.676,1145.69,19.3,0.873385013,87.33850129,Medium,0.098
Peru,1978,PER,96.119,-0.201,-0.194,5776.934,-0.774,-0.602,4635.244,80.237,2.234,0.408,1141.691,19.763,-2.103092784,-210.3092784,Low,-0.602
Peru,1979,PER,99.806,3.835,3.687,5850.571,3.036,2.342,4658.191,79.619,7.164,1.345,1192.379,20.381,0.364795226,36.47952265,Low,2.342
Peru,1980,PER,106.851,7.058,7.045,6108.406,8.036,6.386,4907.896,80.347,3.335,0.659,1200.511,19.653,0.093541519,9.354151881,Low,6.386
Peru,1981,PER,112.316,5.115,5.465,6263.324,3.003,2.579,4931.279,78.733,13.77,2.887,1332.045,21.267,0.528270814,52.82708143,Medium,2.578
Peru,1982,PER,113.088,0.687,0.772,6154.668,-0.735,-0.65,4777.265,77.62,5.885,1.422,1377.402,22.38,1.841968912,184.1968912,High,-0.65
Peru,1983,PER,98.918,-12.53,-14.17,5254.089,-15.147,-13.296,3956.203,75.298,-3.451,-0.874,1297.886,24.702,0.061679605,6.16796048,Low,-13.296
Peru,1984,PER,104.294,5.435,5.376,5407.866,4.864,3.623,4049.967,74.89,7.186,1.753,1357.9,25.11,0.326078869,32.6078869,Low,3.623
Peru,1985,PER,102.577,-1.647,-1.717,5194.652,-4.88,-3.811,3762.409,72.429,7.982,2.094,1432.243,27.571,-1.219569016,-121.9569016,Low,-3.811
Peru,1986,PER,110.484,7.709,7.908,5467.234,8.009,5.951,3970.884,72.631,6.942,1.957,1496.35,27.369,0.247470916,24.74709155,Low,5.951
Peru,1987,PER,120.635,9.187,10.151,5835.849,9.707,7.789,4258.775,72.976,7.832,2.361,1577.074,27.024,0.232587922,23.25879224,Low,7.79
Peru,1988,PER,117.192,-2.854,-3.443,5542.617,-2.383,-2.098,4064.414,73.33,-4.131,-1.345,1478.203,26.67,0.390647691,39.0647691,Low,-2.098
Peru,1989,PER,107.955,-7.882,-9.237,4992.29,-11.071,-9.514,3534.118,70.792,0.881,0.277,1458.172,29.208,-0.029988091,-2.998809137,Low,-9.514
Peru,1990,PER,107.017,-0.869,-0.938,4840.403,-1.043,-0.797,3420.587,70.667,-0.441,-0.141,1419.816,29.333,0.150319829,15.03198294,Low,-0.797
Peru,1991,PER,106.149,-0.811,-0.868,4700.407,-5.135,-3.883,3176.859,67.587,9.618,3.015,1523.548,32.413,-3.473502304,-347.3502304,Low,-3.883
Peru,1992,PER,103.355,-2.633,-2.794,4484.476,3.536,2.537,3222.944,71.869,-15.51,-5.331,1261.531,28.131,1.90801718,190.801718,High,2.537
Peru,1993,PER,112.954,9.288,9.599,4803.711,4.626,3.436,3305.13,68.804,21.238,6.163,1498.581,31.196,0.642046046,64.20460465,Medium,3.436
Peru,1994,PER,122.811,8.727,9.857,5120.706,9.036,7.022,3533.239,68.999,8.045,2.835,1587.466,31.001,0.287612864,28.7612864,Low,7.022
Peru,1995,PER,133.322,8.558,10.511,5453.049,11.652,9.874,3869.772,70.965,1.66,0.637,1583.277,29.035,0.060603178,6.060317762,Low,9.874
Peru,1996,PER,137.438,3.087,4.116,5517.963,3.159,2.989,3918.583,71.015,2.916,1.127,1599.381,28.985,0.273809524,27.38095238,Low,2.989
Peru,1997,PER,134.768,-1.942,-2.669,5313.081,-2.461,-2.402,3753.14,70.64,-0.683,-0.268,1559.941,29.36,0.100412139,10.04121394,Low,-2.401
Peru,1998,PER,139.044,3.173,4.276,5385.502,2.741,2.61,3788.386,70.344,4.231,1.666,1597.115,29.656,0.389616464,38.9616464,Low,2.61
Peru,1999,PER,142.633,2.581,3.589,5433.182,1.413,1.382,3778.394,69.543,5.349,2.207,1654.788,30.457,0.614934522,61.49345222,Medium,1.382
Peru,2000,PER,147.359,3.313,4.726,5528.503,-0.173,-0.171,3714.948,67.196,11.272,4.897,1813.555,32.804,1.036182818,103.6182818,High,-0.171
Peru,2001,PER,146.076,-0.871,-1.283,5407.231,-5.268,-5.216,3472.285,64.216,8.841,3.933,1934.946,35.784,-3.065471551,-306.5471551,Low,-5.216
Peru,2002,PER,149.577,2.397,3.501,5472.09,2.502,2.347,3517.558,64.282,3.494,1.154,1954.532,35.718,0.329620109,32.96201085,Low,2.347
Peru,2003,PER,147.672,-1.274,-1.905,5345.9,-3.156,-3.034,3370.93,63.056,2.755,1.129,1974.97,36.944,-0.592650919,-59.26509186,Low,-3.034
Peru,2004,PER,157.396,6.585,9.724,5642.667,14.144,13.17,3810.382,67.528,-5.879,-3.446,1832.285,32.472,-0.354380913,-35.43809132,Low,13.17
Peru,2005,PER,163.73,4.024,6.334,5816.902,4.493,4.775,3945.744,67.832,3.421,1.558,1871.158,32.168,0.245974108,24.5974108,Low,4.776
Peru,2006,PER,165.593,1.138,1.863,5834.625,-2.923,-3.246,3798.855,65.109,13.304,5.109,2035.77,34.891,2.742351047,274.2351047,High,-3.246
Peru,2007,PER,180.285,8.872,14.692,6303.571,13.84,14.922,4291.466,68.08,0.24,-0.23,2012.105,31.92,-0.015654778,-1.565477811,Low,14.922
Peru,2008,PER,194.644,7.965,14.36,6757.025,12.859,15.783,4808.72,71.166,-1.383,-1.424,1948.305,28.834,-0.099164345,-9.91643454,Low,15.784
Peru,2009,PER,198.44,1.95,3.796,6840.561,0.729,1.01,4809.856,70.314,7.778,2.786,2030.704,29.686,0.733930453,73.39304531,Medium,1.01
Peru,2010,PER,225.286,13.529,26.846,7707.48,18.407,25.684,5652.298,73.335,3.482,1.163,2055.183,26.665,0.043321165,4.332116516,Low,25.683
Peru,2011,PER,248.556,10.329,23.27,8431.997,11.679,19.295,6259.282,74.232,7.231,3.975,2172.715,25.768,0.170820799,17.08207993,Low,19.295
Peru,2012,PER,256.725,3.287,8.169,8629.544,3.095,5.71,6394.03,74.095,7.723,2.459,2235.513,25.905,0.301016036,30.10160362,Low,5.71
Peru,2013,PER,262.581,2.281,5.856,8741.407,2.027,3.857,6460.853,73.911,3.732,2,2280.554,26.089,0.341530055,34.15300546,Low,3.856
Peru,2014,PER,268.829,2.379,6.248,8856.475,2.724,5.288,6567.972,74.16,1.255,0.96,2288.503,25.84,0.153649168,15.36491677,Low,5.288
Peru,2015,PER,281.669,4.776,12.84,9171.356,4.605,9.182,6790.393,74.039,6.252,3.659,2380.963,25.961,0.284968847,28.49688474,Low,9.181
Peru,2016,PER,298.938,6.131,17.268,9602.029,8.031,16.749,7236.561,75.365,2.196,0.52,2365.469,24.635,0.030113505,3.011350475,Low,16.748
Peru,2017,PER,303.59,1.556,4.652,9605.62,-4.059,-9.146,6838.96,71.197,18.38,13.798,2766.658,28.802,2.966036113,296.6036113,High,-9.146
Peru,2018,PER,318.425,4.886,14.834,9887.749,3.959,8.558,6977.604,70.568,6.736,6.277,2910.146,29.432,0.423149521,42.31495214,Low,8.557
Peru,2019,PER,326.585,2.563,8.161,9949.322,2.813,6.32,7038.164,70.74,1.958,1.84,2911.158,29.26,0.225462566,22.54625659,Low,6.321
Peru,2020,PER,287.863,-11.857,-38.722,8643.31,-15.745,-36.376,5844.542,67.619,-1.815,-2.346,2798.768,32.381,0.060585714,6.058571355,Low,-36.376
Peru,2021,PER,327.408,13.737,39.545,9710.914,18.032,35.099,6814.387,70.172,5.958,4.445,2896.528,29.828,0.112403591,11.24035908,Low,35.1
Peru,2022,PER,337.963,3.224,10.555,9925.625,7.456,17.129,7250.592,73.049,-7.225,-6.574,2675.032,26.951,-0.622832781,-62.28327807,Low,17.129
Peru,2023,PER,343.824,1.734,5.86,10008.626,2.571,6.348,7371.403,73.65,-0.044,-0.488,2637.223,26.35,-0.083276451,-8.327645051,Low,6.348
Philippines,1965,PHL,62.501,,,1905.195,,,,,,,139.712,,0,0,Low,0
Philippines,1966,PHL,68.923,10.276,6.422,2044.914,,,,,-1.935,-0.089,133.353,,-0.013858611,-1.385861102,Low,6.511
Philippines,1967,PHL,74.929,8.713,6.006,2164.52,,,,,10.526,0.473,143.506,,0.078754579,7.875457875,Low,5.533
Philippines,1968,PHL,87.654,16.983,12.726,2466.013,,,,,2.381,0.118,143.087,,0.009272356,0.927235581,Low,12.608
Philippines,1969,PHL,94.437,7.737,6.782,2588.922,,,,,5.523,0.281,147.131,,0.041433206,4.143320554,Low,6.501
Philippines,1970,PHL,96.434,2.115,1.998,2576.007,,,,,15.537,0.834,165.639,,0.417417417,41.74174174,Low,1.164
Philippines,1971,PHL,103.41,7.233,6.975,2691.432,,,,,-7.821,-0.485,148.766,,-0.06953405,-6.953405018,Low,7.46
Philippines,1972,PHL,109.637,6.023,6.228,2781.794,,,,,14.175,0.81,165.584,,0.130057803,13.00578035,Low,5.418
Philippines,1973,PHL,122.096,11.364,12.459,3021.721,,,,,7.567,0.494,173.733,,0.039650052,3.965005217,Low,11.965
Philippines,1974,PHL,113.947,-6.675,-8.15,2753.111,,,,,-13.606,-0.955,146.534,,0.117177914,11.71779141,Low,-7.195
Philippines,1975,PHL,123.988,8.812,10.041,2924.629,,,,,10.775,0.653,158.471,,0.065033363,6.503336321,Low,9.388
Philippines,1976,PHL,128.719,3.815,4.731,2960.795,,,,,23.019,1.547,190.107,,0.326992179,32.69921792,Low,3.184
Philippines,1977,PHL,138.101,7.289,9.382,3093.21,,,,,-24.329,-2.011,140.076,,-0.214346621,-21.43466212,Low,11.393
Philippines,1978,PHL,144.615,4.717,6.514,3151.293,,,,,33.05,2.067,181.313,,0.317316549,31.7316549,Low,4.447
Philippines,1979,PHL,151.001,4.416,6.386,3202.281,,,,,25.016,2.006,218.992,,0.314124648,31.41246477,Low,4.38
Philippines,1980,PHL,148.342,-1.761,-2.659,3063.678,,,,,58.242,5.89,334.923,,-2.215118466,-221.5118466,Low,-8.549
Philippines,1981,PHL,147.774,-0.383,-0.568,2974.559,,,,,37.191,6.021,447.618,,-10.60035211,-1060.035211,Low,-6.589
Philippines,1982,PHL,147.523,-0.17,-0.251,2896.1,,,,,0.572,0.13,439.105,,-0.517928287,-51.79282869,Low,-0.381
Philippines,1983,PHL,153.913,4.331,6.389,2947.405,,,,,15.911,3.672,498.643,,0.574737831,57.47378306,Medium,2.717
Philippines,1984,PHL,140.262,-8.869,-13.65,2620.99,,,,,19.471,5.066,581.24,,-0.371135531,-37.11355311,Low,-18.716
Philippines,1985,PHL,135.47,-3.417,-4.792,2471.509,,,,,8.073,2.527,613.587,,-0.527337229,-52.73372287,Low,-7.319
Philippines,1986,PHL,137.34,1.38,1.87,2447.699,,,,,0.827,0.327,605.238,,0.17486631,17.48663102,Low,1.543
Philippines,1987,PHL,148.975,8.472,11.635,2594.705,,,,,-12.487,-4.419,514.504,,-0.379802321,-37.98023206,Low,16.054
Philippines,1988,PHL,164.29,10.28,15.315,2796.15,,,,,13.25,3.936,569.753,,0.257002938,25.70029383,Low,11.379
Philippines,1989,PHL,181.382,10.403,17.092,3016.635,,,,,6.092,2.018,590.314,,0.118066932,11.80669319,Low,15.074
Philippines,1990,PHL,187.489,3.367,6.107,3045.681,,,,,-1.878,-0.687,565.433,,-0.11249386,-11.24938595,Low,6.794
Philippines,1991,PHL,184.339,-1.68,-3.15,2924.173,,,,,-8.821,-3.255,500.512,,1.033333333,103.3333333,High,0.105
Philippines,1992,PHL,198.103,7.467,13.764,3069.295,,,,,-6.998,-2.249,454.002,,-0.163397268,-16.33972682,Low,16.013
Philippines,1993,PHL,217.218,9.649,19.115,3287.039,,,,,5.493,1.651,468.406,,0.086371959,8.637195919,Low,17.464
Philippines,1994,PHL,226.294,4.178,9.076,3345.06,,,2823.747,84.415,13.882,4.313,521.313,15.585,0.475209343,47.52093433,Low,4.763
Philippines,1995,PHL,258.461,14.215,32.167,3732.265,16.541,31.598,3214.779,86.135,1.519,0.569,517.485,13.865,0.017688936,1.768893587,Low,31.598
Philippines,1996,PHL,277.04,7.188,18.579,3905.003,6.777,15.087,3350.658,85.804,9.679,3.492,554.345,14.196,0.187954142,18.79541418,Low,15.087
Philippines,1997,PHL,302.241,9.097,25.201,4156.301,10.958,26.048,3627.125,87.268,-1.902,-0.847,529.176,12.732,-0.033609777,-3.360977739,Low,26.048
Philippines,1998,PHL,300.067,-0.719,-2.174,4028.184,-1.504,-3.967,3487.539,86.578,5.065,1.793,540.645,13.422,-0.82474701,-82.47470101,Low,-3.967
Philippines,1999,PHL,305.197,1.709,5.129,4002.628,-3.018,-7.84,3304.345,82.554,31.86,12.97,698.283,17.446,2.528758043,252.8758043,High,-7.841
Philippines,2000,PHL,307.714,0.825,2.517,3947.159,-0.115,-0.29,3228.178,81.785,5.376,2.807,718.981,18.215,1.115216528,111.5216528,High,-0.29
Philippines,2001,PHL,300.852,-2.23,-6.861,3778.311,-0.444,-1.118,3146.52,83.279,-9.673,-5.744,631.79,16.722,0.837195744,83.71957441,Medium,-1.117
Philippines,2002,PHL,302.286,0.476,1.433,3718.809,1.007,2.524,3113.335,83.719,-1.542,-1.091,605.474,16.281,-0.761339846,-76.13398465,Low,2.524
Philippines,2003,PHL,311.884,3.175,9.598,3760.224,3.42,8.656,3155.485,83.917,2.413,0.942,604.739,16.083,0.098145447,9.814544697,Low,8.656
Philippines,2004,PHL,319.261,2.366,7.378,3773.442,1.659,4.343,3144.734,83.339,6.689,3.035,628.707,16.661,0.411358092,41.13580916,Low,4.343
Philippines,2005,PHL,319.341,0.025,0.08,3702.025,0.744,1.978,3107.38,83.937,-2.919,-1.899,594.645,16.063,-23.7375,-2373.75,Low,1.979
Philippines,2006,PHL,305.31,-4.394,-14.032,3473.304,-7.375,-19.769,2824.481,81.32,11.763,5.738,648.823,18.68,-0.408922463,-40.89224629,Low,-19.77
Philippines,2007,PHL,316.799,3.763,11.489,3537.23,6.389,15.863,2949.264,83.378,-5.281,-4.374,587.966,16.622,-0.380711985,-38.07119854,Low,15.863
Philippines,2008,PHL,327.548,3.393,10.749,3589.481,2.143,5.66,2956.633,82.369,11.494,5.09,632.848,17.631,0.473532422,47.35324216,Low,5.659
Philippines,2009,PHL,331.402,1.177,3.854,3565.498,1.718,4.636,2952.61,82.811,1.391,-0.783,612.888,17.189,-0.203165542,-20.31655423,Low,4.637
Philippines,2010,PHL,341.031,2.905,9.629,3603.58,5.791,15.893,3067.827,85.133,-8.075,-6.264,535.754,14.867,-0.650534843,-65.05348427,Low,15.893
Philippines,2011,PHL,347.837,1.996,6.806,3610.593,0.479,1.389,3028.075,83.866,10.51,5.417,582.517,16.134,0.795915369,79.59153688,Medium,1.389
Philippines,2012,PHL,359.886,3.464,12.05,3671.1,3.128,9.125,3068.819,83.594,7.424,2.925,602.282,16.406,0.242738589,24.27385892,Low,9.125
Philippines,2013,PHL,384.94,6.962,25.054,3860.979,8.985,27.03,3288.601,85.175,-1.032,-1.977,572.378,14.825,-0.078909555,-7.890955536,Low,27.031
Philippines,2014,PHL,404.658,5.122,19.718,3993.655,6.108,20.028,3433.513,85.974,1.054,-0.31,560.141,14.026,-0.015721676,-1.572167563,Low,20.028
Philippines,2015,PHL,443.822,9.678,39.164,4307.64,10.292,35.805,3724.175,86.455,7.143,3.359,583.465,13.545,0.085767542,8.576754162,Low,35.805
Philippines,2016,PHL,484.615,9.191,40.793,4620.867,9.838,37.749,4018.643,86.967,5.765,3.043,602.224,13.033,0.074596132,7.459613169,Low,37.75
Philippines,2017,PHL,531.864,9.75,47.249,4982.866,10.366,43.69,4357.814,87.456,6.043,3.559,625.052,12.544,0.075324345,7.532434549,Low,43.69
Philippines,2018,PHL,549.699,3.353,17.835,5063.134,3.777,17.567,4446.15,87.814,1.108,0.268,616.983,12.186,0.015026633,1.502663302,Low,17.567
Philippines,2019,PHL,566.121,2.988,16.423,5128.804,4.082,19.704,4551.669,88.747,-3.123,-3.281,577.135,11.253,-0.199780795,-19.97807952,Low,19.704
Philippines,2020,PHL,513.753,-9.25,-52.369,4579.271,-10.009,-50.285,4030.018,88.006,-4.758,-2.083,549.253,11.994,0.03977544,3.977543967,Low,-50.286
Philippines,2021,PHL,545.51,6.181,31.757,4790.206,5.84,26.406,4202.107,87.723,9.079,5.352,588.099,12.277,0.168529773,16.8529773,Low,26.405
Philippines,2022,PHL,570.994,4.672,25.484,4941.15,4.581,21.922,4330.767,87.647,6.177,3.562,610.383,12.353,0.139773976,13.97739758,Low,21.922
Philippines,2023,PHL,609.214,6.693,38.219,5191.982,7.134,35.702,4569.4,88.009,4.154,2.517,622.582,11.991,0.065857296,6.585729611,Low,35.702
Poland,1965,POL,776.053,,,24854.314,,,24766.801,99.648,,,87.511,0.352,0,0,Low,0
Poland,1966,POL,791.178,1.949,15.125,25112.916,1.951,15.087,25024.969,99.65,1.302,0.038,87.947,0.35,0.002512397,0.251239669,Low,15.087
Poland,1967,POL,814.3,2.922,23.122,25634.35,2.907,22.922,25540.846,99.635,7.173,0.2,93.506,0.365,0.008649771,0.864977078,Low,22.922
Poland,1968,POL,876.367,7.622,62.067,27372.029,7.631,61.915,27274.523,99.644,5.095,0.152,97.505,0.356,0.002448966,0.244896644,Low,61.915
Poland,1969,POL,936.066,6.812,59.699,29014.453,6.889,60.158,28931.9,99.715,-15.019,-0.459,82.552,0.285,-0.007688571,-0.7688571,Low,60.158
Poland,1970,POL,987.921,5.54,51.855,30413.533,5.26,49.093,30246.518,99.451,104.698,2.762,167.016,0.549,0.053263909,5.326390898,Low,49.093
Poland,1971,POL,1019.143,3.16,31.222,31156.23,3.225,31.686,31004.541,99.513,-8.743,-0.463,151.691,0.487,-0.014829287,-1.482928704,Low,31.685
Poland,1972,POL,1074.919,5.473,55.775,32593.643,5.492,55.702,32440.979,99.532,1.078,0.073,152.668,0.468,0.00130883,0.130883012,Low,55.702
Poland,1973,POL,1095.064,1.874,20.145,32914.445,1.885,20.163,32763.639,99.542,-0.533,-0.018,150.804,0.458,-0.000893522,-0.089352197,Low,20.163
Poland,1974,POL,1131.256,3.305,36.192,33689.719,3.136,34.185,33480.512,99.379,40.381,2.008,209.207,0.621,0.055481874,5.548187445,Low,34.184
Poland,1975,POL,1220.269,7.869,89.013,35996.395,7.959,89.48,35802.941,99.463,-6.619,-0.467,193.452,0.537,-0.005246425,-0.524642468,Low,89.48
Poland,1976,POL,1285.522,5.347,65.252,37555.727,5.468,66.362,37396.559,99.576,-16.947,-1.11,159.172,0.424,-0.017010973,-1.701097284,Low,66.362
Poland,1977,POL,1340.415,4.27,54.894,38783.395,4.196,53.709,38591.48,99.505,21.554,1.184,191.911,0.495,0.021568842,2.156884177,Low,53.71
Poland,1978,POL,1407.362,4.994,66.947,40359.457,5.021,66.974,40170.027,99.531,-0.405,-0.027,189.427,0.469,-0.000403304,-0.040330411,Low,66.974
Poland,1979,POL,1428.253,1.484,20.89,40588.773,1.527,21.386,40415.152,99.572,-7.501,-0.496,173.62,0.428,-0.023743418,-2.37434179,Low,21.386
Poland,1980,POL,1495.63,4.717,67.377,42105.004,4.623,65.749,41887.172,99.483,26.869,1.628,217.83,0.517,0.024162548,2.416254805,Low,65.749
Poland,1981,POL,1348.473,-9.839,-147.157,37613.137,-9.853,-146.598,37412.926,99.468,-7.355,-0.56,200.211,0.532,0.003805459,0.380545948,Low,-146.597
Poland,1982,POL,1373.058,1.823,24.586,37941.688,1.964,26.342,37791.887,99.605,-24.688,-1.756,149.808,0.395,-0.071422761,-7.142276092,Low,26.342
Poland,1983,POL,1379.374,0.46,6.316,37753.691,0.412,5.628,37586.496,99.557,12.417,0.687,167.192,0.443,0.108771374,10.87713743,Low,5.629
Poland,1984,POL,1433.917,3.954,54.543,38884.234,4.033,55.386,38741.465,99.633,-13.942,-0.844,142.767,0.367,-0.01547403,-1.547402966,Low,55.387
Poland,1985,POL,1466.442,2.268,32.525,39442.582,2.173,31.047,39261.199,99.54,28.294,1.479,181.382,0.46,0.045472713,4.54727133,Low,31.046
Poland,1986,POL,1507.76,2.818,41.318,40274.805,2.898,42.306,40121.078,99.618,-14.762,-0.989,153.729,0.382,-0.023936299,-2.393629895,Low,42.307
Poland,1987,POL,1556.635,3.242,48.875,41340.035,3.269,49.102,41193.23,99.645,-3.286,-0.227,146.8,0.355,-0.004644501,-0.464450128,Low,49.102
Poland,1988,POL,1526.905,-1.91,-29.729,40381.41,-1.921,-29.804,40233.258,99.633,1.78,0.074,148.152,0.367,-0.002489152,-0.248915201,Low,-29.803
Poland,1989,POL,1469.523,-3.758,-57.382,38733.824,-3.738,-56.867,38599.75,99.654,-9.274,-0.515,134.073,0.346,0.00897494,0.897493988,Low,-56.867
Poland,1990,POL,1210.33,-17.638,-259.194,31797.016,-17.65,-258.473,31682.328,99.639,-14.019,-0.721,114.691,0.361,0.0027817,0.278170019,Low,-258.473
Poland,1991,POL,1184.164,-2.162,-26.166,31025.543,-2.179,-26.279,30908.197,99.622,2.446,0.113,117.343,0.378,-0.004318581,-0.431858137,Low,-26.279
Poland,1992,POL,1132.397,-4.372,-51.767,29603.373,-4.416,-52.099,29477.613,99.575,7.294,0.332,125.758,0.425,-0.006413352,-0.641335214,Low,-52.099
Poland,1993,POL,1131.848,-0.048,-0.549,29537.271,-0.03,-0.333,29417.365,99.594,-4.265,-0.216,119.906,0.406,0.393442623,39.3442623,Low,-0.333
Poland,1994,POL,1083.18,-4.3,-48.667,28225.85,-4.379,-49.36,28088.07,99.512,15.171,0.693,137.777,0.488,-0.014239628,-1.42396285,Low,-49.36
Poland,1995,POL,1108.723,2.358,25.542,28871.494,2.322,25.033,28720.547,99.477,9.585,0.509,150.947,0.523,0.019927962,1.992796179,Low,25.033
Poland,1996,POL,1163.95,4.981,55.227,30310.082,4.977,54.889,30150.334,99.473,5.575,0.338,159.747,0.527,0.006120195,0.612019483,Low,54.889
Poland,1997,POL,1152.541,-0.98,-11.409,30017.113,-1.003,-11.619,29851.887,99.45,3.295,0.21,165.226,0.55,-0.018406521,-1.840652117,Low,-11.619
Poland,1998,POL,1104.199,-4.194,-48.341,28770.186,-4.322,-49.539,28573.68,99.317,18.809,1.198,196.503,0.683,-0.024782276,-2.478227591,Low,-49.539
Poland,1999,POL,1082.722,-1.945,-21.478,28228.996,-1.909,-20.936,28046.484,99.353,-7.146,-0.542,182.512,0.647,0.025235124,2.523512431,Low,-20.936
Poland,2000,POL,1017.525,-6.022,-65.197,26426.166,-6.056,-65.145,26245.729,99.317,-0.85,-0.053,180.438,0.683,0.000812921,0.081292084,Low,-65.144
Poland,2001,POL,1010.456,-0.695,-7.068,26135.066,-0.832,-8.409,25920.68,99.18,19.34,1.341,214.387,0.82,-0.189728353,-18.97283531,Low,-8.409
Poland,2002,POL,999.579,-1.076,-10.877,25864.023,-1.076,-10.781,25652.027,99.18,-0.575,-0.096,211.997,0.82,0.008825963,0.882596304,Low,-10.781
Poland,2003,POL,1034.207,3.464,34.627,26777.979,3.615,35.835,26597.102,99.325,-6.847,-1.207,180.877,0.675,-0.034857192,-3.485719236,Low,35.834
Poland,2004,POL,1041.219,0.678,7.012,26977.344,0.459,4.718,26736.91,99.109,25.341,2.294,240.434,0.891,0.327153451,32.71534512,Low,4.718
Poland,2005,POL,1061.937,1.99,20.718,27528.49,1.738,17.937,27215.846,98.864,36.053,2.781,312.642,1.136,0.134231103,13.42311034,Low,17.937
Poland,2006,POL,1110.359,4.56,48.422,28805.191,4.439,46.603,28445.125,98.75,19.899,1.819,360.067,1.25,0.037565569,3.756556937,Low,46.603
Poland,2007,POL,1104.644,-0.515,-5.715,28675.766,-0.84,-9.21,28224.723,98.427,23.719,3.495,451.042,1.573,-0.611548556,-61.15485564,Low,-9.21
Poland,2008,POL,1124.428,1.791,19.784,29188.568,1.122,12.201,28540.701,97.78,78.162,7.583,647.87,2.22,0.383289527,38.32895269,Low,12.201
Poland,2009,POL,1085.191,-3.489,-39.237,28146.361,-4.266,-46.906,27300.135,96.993,28.961,7.669,846.224,3.007,-0.195453271,-19.54532711,Low,-46.906
Poland,2010,POL,1157.25,6.64,72.059,29982.633,6.119,64.41,28939.145,96.52,22.262,7.65,1043.49,3.48,0.106163005,10.61630053,Low,64.409
Poland,2011,POL,1162.666,0.468,5.415,30104.609,-0.155,-1.726,28876.859,95.922,14.743,7.141,1227.75,4.078,1.318744229,131.8744229,High,-1.726
Poland,2012,POL,1127.927,-2.988,-34.739,29201.332,-4.204,-46.887,27659.223,94.719,21.893,12.149,1542.109,5.281,-0.349722214,-34.97222142,Low,-46.888
Poland,2013,POL,1131.318,0.301,3.391,29303.178,0.366,3.911,27773.799,94.781,-0.171,-0.52,1529.377,5.219,-0.153347095,-15.33470953,Low,3.911
Poland,2014,POL,1089.354,-3.709,-41.964,28234.873,-4.625,-49.591,26506.785,93.88,9.237,7.628,1728.085,6.12,-0.181774855,-18.17748546,Low,-49.592
Poland,2015,POL,1103.013,1.254,13.659,28610.195,0.718,7.347,26717.104,93.383,7.584,6.312,1893.092,6.617,0.462112893,46.21128926,Low,7.347
Poland,2016,POL,1150.245,4.282,47.232,29851.602,4.835,49.804,28024.232,93.878,-6.625,-2.572,1827.368,6.122,-0.054454607,-5.445460705,Low,49.804
Poland,2017,POL,1208.289,5.046,58.044,31357.4,4.982,53.797,29419.85,93.821,10.968,4.247,1937.552,6.179,0.073168631,7.316863069,Low,53.797
Poland,2018,POL,1222.083,1.142,13.794,31724.717,1.508,17.095,29872.297,94.161,3.413,-3.301,1852.42,5.839,-0.239306945,-23.9306945,Low,17.095
Poland,2019,POL,1187.268,-2.849,-34.815,30843.25,-4.021,-46.274,28691.801,93.025,14.563,11.459,2151.451,6.975,-0.329139739,-32.91397386,Low,-46.274
Poland,2020,POL,1139.234,-4.046,-48.033,29645.658,-5.063,-55.922,27285.287,92.038,8.623,7.888,2360.371,7.962,-0.164220432,-16.42204318,Low,-55.921
Poland,2021,POL,1224.758,7.507,85.524,31971.576,7.579,79.468,29445.676,92.1,6.557,6.056,2525.899,7.9,0.070810533,7.081053272,Low,79.468
Poland,2022,POL,1186.868,-3.094,-37.89,29778.053,-5.044,-56.891,26873.613,90.246,18.792,19.001,2904.443,9.754,-0.501477963,-50.14779625,Low,-56.891
Poland,2023,POL,1143.449,-3.658,-43.419,27871.273,-6.22,-66.627,24483.902,87.846,18.024,23.208,3387.369,12.154,-0.534512541,-53.45125406,Low,-66.627
Portugal,1965,PRT,49.829,,,5599.368,,,,,,,1395.066,,0,0,Low,0
Portugal,1966,PRT,54.557,9.487,4.727,6142.481,,,,,30.942,3.825,1828.394,,0.809181299,80.91812989,Medium,0.902
Portugal,1967,PRT,58.334,6.924,3.777,6586.454,,,,,3.598,0.581,1899.157,,0.153825788,15.38257877,Low,3.196
Portugal,1968,PRT,59.397,1.823,1.063,6733.22,,,,,-4.53,-0.751,1821.529,,-0.706491063,-70.6491063,Low,1.814
Portugal,1969,PRT,64.355,8.347,4.958,7339.655,,,,,21.695,3.487,2230.271,,0.703307785,70.33077854,Medium,1.471
Portugal,1970,PRT,76.882,19.466,12.527,8853.723,,,,,-9.118,-1.799,2044.781,,-0.143609803,-14.36098028,Low,14.326
Portugal,1971,PRT,84.651,10.105,7.769,9729.429,,,,,5.392,0.945,2149.425,,0.121637276,12.16372764,Low,6.824
Portugal,1972,PRT,92.027,8.713,7.376,10418.244,,,,,14.035,2.613,2412.918,,0.35425705,35.42570499,Low,4.763
Portugal,1973,PRT,101.724,10.536,9.696,11355.659,,,,,4.528,0.984,2489.226,,0.101485149,10.14851485,Low,8.712
Portugal,1974,PRT,106.482,4.678,4.759,11727.622,,,,,6.419,1.424,2612.657,,0.299222526,29.92225257,Low,3.335
Portugal,1975,PRT,105.827,-0.615,-0.655,11499.562,,,,,-17.008,-4.014,2141.507,,6.128244275,612.8244275,High,3.359
Portugal,1976,PRT,104.73,-1.036,-1.097,11224.86,,,,,-24.511,-4.818,1595.819,,4.391978122,439.1978122,High,3.721
Portugal,1977,PRT,118.723,13.361,13.993,12551.301,,,,,103.309,15.327,3194.452,,1.095333381,109.5333381,High,-1.334
Portugal,1978,PRT,125.038,5.319,6.315,13054.335,,,,,8.265,2.492,3414.878,,0.394615994,39.46159937,Low,3.823
Portugal,1979,PRT,132.608,6.055,7.571,13690.478,,,,,3.876,1.272,3508.122,,0.16800951,16.800951,Low,6.299
Portugal,1980,PRT,128.805,-2.868,-3.804,13163.147,,,,,-27.339,-9.259,2526.396,,2.434016824,243.4016824,High,5.455
Portugal,1981,PRT,126.462,-1.819,-2.343,12830,,,,,-36.053,-8.888,1606.402,,3.79342723,379.342723,High,6.545
Portugal,1982,PRT,136.86,8.222,10.397,13818.017,,,,,36.473,5.758,2180.053,,0.5538136,55.38136001,Medium,4.639
Portugal,1983,PRT,141.717,3.549,4.857,14251.718,,,,,15.906,3.433,2516.701,,0.706814906,70.68149063,Medium,1.424
Portugal,1984,PRT,147.627,4.17,5.91,14799.923,,,,,20.247,5.039,3014.053,,0.852622673,85.26226734,Medium,0.871
Portugal,1985,PRT,150.634,2.037,3.007,15068.077,,,,,10.88,3.302,3337.737,,1.098104423,109.8104423,High,-0.295
Portugal,1986,PRT,159.435,5.843,8.801,15925.963,,,,,-18.868,-6.257,2707.971,,-0.710941938,-71.09419384,Low,15.058
Portugal,1987,PRT,163.162,2.338,3.727,16283.311,,,,,7.094,1.915,2896.644,,0.513818084,51.38180843,Medium,1.812
Portugal,1988,PRT,181.041,10.958,17.879,18061.99,,,,,31.934,9.232,3816.768,,0.516359975,51.63599754,Medium,8.647
Portugal,1989,PRT,195.472,7.971,14.431,19507.555,,,,,-49.697,-18.934,1928.353,,-1.312036588,-131.2036588,Low,33.365
Portugal,1990,PRT,202.652,3.673,7.181,20250.371,,,,,51.974,9.968,2926.926,,1.388107506,138.8107506,High,-2.787
Portugal,1991,PRT,210.487,3.866,7.835,21077.373,,,,,0.061,0.046,2937.628,,0.005871091,0.587109126,Low,7.789
Portugal,1992,PRT,214.65,1.977,4.162,21510.703,,,,,-43.828,-12.757,1661.455,,-3.065112926,-306.5112926,Low,16.919
Portugal,1993,PRT,220.117,2.547,5.467,22029.094,,,,,70.739,11.586,2818.777,,2.119261021,211.9261021,High,-6.119
Portugal,1994,PRT,229.924,4.455,9.807,22950.883,,,,,23.149,6.476,3457.842,,0.660344652,66.03446518,Medium,3.331
Portugal,1995,PRT,244.811,6.475,14.887,24356.318,,,,,-19.352,-6.65,2784.782,,-0.446698462,-44.66984617,Low,21.537
Portugal,1996,PRT,252.361,3.084,7.549,25016.799,,,20366.211,81.41,68.186,18.923,4650.589,18.59,2.506689628,250.6689628,High,-11.374
Portugal,1997,PRT,256.375,1.591,4.015,25307.156,4.191,8.61,21129.84,83.494,-9.879,-4.595,4177.316,16.506,-1.144458281,-114.4458281,Low,8.61
Portugal,1998,PRT,279.492,9.017,23.117,27456.617,10.91,23.354,23322.602,84.943,-0.552,-0.237,4134.014,15.057,-0.010252195,-1.025219535,Low,23.354
Portugal,1999,PRT,285.076,1.998,5.583,27857.447,9.195,21.83,25332.818,90.937,-38.892,-16.246,2524.63,9.063,-2.909905069,-290.9905069,Low,21.829
Portugal,2000,PRT,294.029,3.141,8.953,28544.705,-1.373,-3.559,24821.926,86.958,48.799,12.512,3722.781,13.042,1.397520384,139.7520384,High,-3.559
Portugal,2001,PRT,298.777,1.615,4.749,28806.668,-1.361,-3.479,24316.115,84.411,22.328,8.228,4490.556,15.589,1.732575279,173.2575279,High,-3.479
Portugal,2002,PRT,296.891,-0.631,-1.886,28462.652,6.3,15.889,25701.65,90.3,-38.171,-17.775,2761.003,9.7,9.424708378,942.4708378,High,15.889
Portugal,2003,PRT,305.177,2.791,8.285,29138.42,-5.468,-14.66,24197.779,83.044,81.917,22.945,4940.642,16.956,2.769462885,276.9462885,High,-14.66
Portugal,2004,PRT,298.751,-2.105,-6.425,28448.391,3.689,9.35,25023.227,87.96,-30.424,-15.776,3425.163,12.04,2.45540856,245.540856,High,9.351
Portugal,2005,PRT,298.263,-0.163,-0.488,28343.08,4.331,11.381,26052.932,91.92,-33.194,-11.869,2290.147,8.08,24.32172131,2432.172131,High,11.381
Portugal,2006,PRT,295.874,-0.801,-2.389,28061.066,-8.825,-24.195,23707.289,84.485,100.082,21.806,4353.776,15.515,-9.127668481,-912.7668481,Low,-24.195
Portugal,2007,PRT,297.491,0.546,1.617,28156.711,-0.174,-0.435,23617.645,83.879,7.735,2.052,4539.068,16.121,1.269016698,126.9016698,High,-0.435
Portugal,2008,PRT,285.505,-4.029,-11.986,26982.877,-2.99,-7.462,22878.043,84.787,-8.421,-4.525,4104.837,15.213,0.377523778,37.75237777,Low,-7.461
Portugal,2009,PRT,288.234,0.956,2.729,27214.096,-3.452,-8.355,22066.736,81.086,28.71,11.084,5147.358,18.914,4.061561011,406.1561011,High,-8.355
Portugal,2010,PRT,304.105,5.506,15.871,28720.541,-5.641,-13.185,20827.625,72.518,53.79,29.056,7892.914,27.482,1.830760507,183.0760507,High,-13.185
Portugal,2011,PRT,289.831,-4.694,-14.274,27433.566,-0.924,-2.037,20681.291,75.387,-13.906,-12.237,6752.274,24.613,0.85729298,85.72929802,Medium,-2.037
Portugal,2012,PRT,264.467,-8.751,-25.364,25134.441,-5.351,-11.691,19654.238,78.196,-18.35,-13.673,5480.204,21.804,0.539071124,53.90711244,Medium,-11.691
Portugal,2013,PRT,289.661,9.527,25.195,27680.289,-1,-2.069,19564.641,70.681,44.536,27.263,8115.648,29.319,1.082079778,108.2079778,High,-2.068
Portugal,2014,PRT,291.774,0.729,2.112,28032.568,-1.532,-3.136,19368.916,69.094,6.451,5.248,8663.652,30.906,2.484848485,248.4848485,High,-3.136
Portugal,2015,PRT,289.522,-0.772,-2.251,27931.508,8.275,16.681,21058.496,75.393,-18.194,-18.933,6873.01,24.607,8.410928476,841.0928476,High,16.682
Portugal,2016,PRT,309.867,7.027,20.344,29988.789,0.225,0.491,21172.613,70.602,24.518,19.854,8816.179,29.398,0.975914274,97.59142745,Medium,0.49
Portugal,2017,PRT,301.878,-2.578,-7.989,29287.125,8.401,18.379,23007.441,78.558,-27.914,-26.367,6279.687,21.442,3.300413068,330.0413068,High,18.378
Portugal,2018,PRT,307.707,1.931,5.829,29903.955,-5.11,-12.119,21869.201,73.131,27.605,17.948,8034.752,26.869,3.079087322,307.9087322,High,-12.119
Portugal,2019,PRT,293.057,-4.761,-14.65,28479.971,-4.108,-9.243,20970.73,73.633,-6.144,-5.407,7509.239,26.367,0.369078498,36.90784983,Low,-9.243
Portugal,2020,PRT,265.248,-9.489,-27.809,25756.738,-16.094,-34.728,17581.615,68.26,8.233,6.919,8175.12,31.74,-0.248804344,-24.88043439,Low,-34.728
Portugal,2021,PRT,266.49,0.468,1.242,25897.682,-1.838,-3.328,17272.014,66.693,7.147,4.57,8625.668,33.307,3.679549114,367.9549114,High,-3.328
Portugal,2022,PRT,262.675,-1.432,-3.815,25574.793,4.095,7.279,18013.07,70.433,-12.912,-11.094,7561.724,29.567,2.907994758,290.7994758,High,7.279
Portugal,2023,PRT,263.458,0.298,0.783,25709.23,-8.924,-16.511,16442.746,63.957,23.779,17.294,9266.482,36.043,22.08684547,2208.684547,High,-16.511
Puerto Rico,1980,PRI,66.308,,,20627.309,,,,,,,,,0,0,Low,0
Puerto Rico,1981,PRI,65.887,-0.634,-0.421,20214.258,,,,,,,,,0,0,Low,-0.421
Puerto Rico,1982,PRI,65.826,-0.093,-0.061,19940.818,,,,,,,,,0,0,Low,-0.061
Puerto Rico,1983,PRI,67.137,1.991,1.311,20104.527,,,,,,,,,0,0,Low,1.311
Puerto Rico,1984,PRI,66.854,-0.42,-0.282,19812.004,,,,,,,,,0,0,Low,-0.282
Puerto Rico,1985,PRI,66.822,-0.048,-0.032,19617.35,,,,,,,,,0,0,Low,-0.032
Puerto Rico,1986,PRI,67.94,1.673,1.118,19778.994,,,,,,,,,0,0,Low,1.118
Puerto Rico,1987,PRI,68.132,0.282,0.192,19680.387,,,,,,,,,0,0,Low,0.192
Puerto Rico,1988,PRI,68.367,0.345,0.235,19600.873,,,,,,,,,0,0,Low,0.235
Puerto Rico,1989,PRI,68.357,-0.015,-0.01,19454.199,,,,,,,,,0,0,Low,-0.01
Puerto Rico,1990,PRI,66.798,-2.281,-1.559,18849.279,,,,,,,,,0,0,Low,-1.559
Puerto Rico,1991,PRI,66.534,-0.394,-0.263,18593.062,,,,,,,,,0,0,Low,-0.263
Puerto Rico,1992,PRI,66.888,0.532,0.354,18515.031,,,,,,,,,0,0,Low,0.354
Puerto Rico,1993,PRI,66.853,-0.052,-0.035,18341.037,,,,,,,,,0,0,Low,-0.035
Puerto Rico,1994,PRI,66.983,0.194,0.13,18222.979,,,,,,,,,0,0,Low,0.13
Puerto Rico,1995,PRI,66.982,-0.002,-0.001,18079.055,,,,,,,,,0,0,Low,-0.001
Puerto Rico,1996,PRI,67.099,0.174,0.117,17975.318,,,,,,,,,0,0,Low,0.117
Puerto Rico,1997,PRI,67.054,-0.067,-0.045,17835.734,,,,,,,,,0,0,Low,-0.045
Puerto Rico,1998,PRI,67.103,0.073,0.049,17727.561,,,,,,,,,0,0,Low,0.049
Puerto Rico,1999,PRI,66.784,-0.476,-0.319,17527.979,,,,,,,,,0,0,Low,-0.319
Puerto Rico,2000,PRI,129.385,93.738,62.602,33807.605,,,,,,,,,0,0,Low,62.602
Puerto Rico,2001,PRI,140.831,8.846,11.446,36749.922,,,,,,,,,0,0,Low,11.446
Puerto Rico,2002,PRI,144.582,2.664,3.752,37742.359,,,,,,,,,0,0,Low,3.752
Puerto Rico,2003,PRI,150.493,4.088,5.911,39338.191,,,,,,,,,0,0,Low,5.911
Puerto Rico,2004,PRI,155.443,3.289,4.95,40723.621,,,,,,,,,0,0,Low,4.95
Puerto Rico,2005,PRI,150.565,-3.138,-4.878,39564.488,,,,,,,,,0,0,Low,-4.878
Puerto Rico,2006,PRI,136.735,-9.186,-13.83,36062.957,,,,,,,,,0,0,Low,-13.83
Puerto Rico,2007,PRI,131.962,-3.491,-4.773,34952.594,,,,,,,,,0,0,Low,-4.773
Puerto Rico,2008,PRI,123.533,-6.387,-8.429,32875.305,,,,,,,,,0,0,Low,-8.429
Puerto Rico,2009,PRI,115.639,-6.39,-7.894,30928.209,,,,,,,,,0,0,Low,-7.894
Puerto Rico,2010,PRI,98.048,-15.212,-17.591,26371.678,,,,,,,,,0,0,Low,-17.591
Puerto Rico,2011,PRI,106.172,8.286,8.124,28760.348,,,,,,,,,0,0,Low,8.124
Puerto Rico,2012,PRI,111.841,5.339,5.669,30574.373,,,,,,,,,0,0,Low,5.669
Puerto Rico,2013,PRI,98.463,-11.961,-13.378,27237.188,,,,,,,,,0,0,Low,-13.378
Puerto Rico,2014,PRI,93.824,-4.712,-4.639,26354.953,,,,,,,,,0,0,Low,-4.639
Puerto Rico,2015,PRI,93.847,0.025,0.023,26833.928,,,,,,,,,0,0,Low,0.023
Puerto Rico,2016,PRI,87.813,-6.43,-6.034,25580.963,,,,,,,,,0,0,Low,-6.034
Puerto Rico,2017,PRI,85.239,-2.932,-2.574,25320.355,,,,,,,,,0,0,Low,-2.574
Puerto Rico,2018,PRI,85.661,0.496,0.422,25807.195,,,,,,,,,0,0,Low,0.422
Puerto Rico,2019,PRI,80.784,-5.693,-4.877,24532.93,,,,,,,,,0,0,Low,-4.877
Puerto Rico,2020,PRI,70.207,-13.093,-10.577,21459.73,,,,,,,,,0,0,Low,-10.577
Puerto Rico,2021,PRI,78.721,12.127,8.514,24176.893,,,,,,,,,0,0,Low,8.514
Qatar,1965,QAT,1.411,,,21756.164,,,,,,,0,,0,0,Low,0
Qatar,1966,QAT,1.421,0.681,0.01,19430.738,,,,,,0,0,,0,0,Low,0.01
Qatar,1967,QAT,2.035,43.266,0.615,24661.672,,,,,,0,0,,0,0,Low,0.615
Qatar,1968,QAT,6.44,216.382,4.404,69216.57,,,,,,0,0,,0,0,Low,4.404
Qatar,1969,QAT,10.119,57.132,3.679,96804.078,,,,,,0,0,,0,0,Low,3.679
Qatar,1970,QAT,11.526,13.906,1.407,97659.602,,,,,,0,0,,0,0,Low,1.407
Qatar,1971,QAT,11.481,-0.386,-0.044,86251.234,,,,,,0,0,,0,0,Low,-0.044
Qatar,1972,QAT,12.701,10.623,1.22,85614.086,,,,,,0,0,,0,0,Low,1.22
Qatar,1973,QAT,18.021,41.887,5.32,110058.047,,,,,,0,0,,0,0,Low,5.32
Qatar,1974,QAT,15.712,-12.812,-2.309,87624.805,,,,,,0,0,,0,0,Low,-2.309
Qatar,1975,QAT,23.445,49.218,7.733,120199.273,,,,,,0,0,,0,0,Low,7.733
Qatar,1976,QAT,15.06,-35.765,-8.385,71373.039,,,,,,0,0,,0,0,Low,-8.385
Qatar,1977,QAT,20.983,39.329,5.923,92358.922,,,,,,0,0,,0,0,Low,5.923
Qatar,1978,QAT,20.128,-4.073,-0.855,82620,,,,,,0,0,,0,0,Low,-0.855
Qatar,1979,QAT,50.366,150.223,30.238,193431.453,,,,,,0,0,,0,0,Low,30.238
Qatar,1980,QAT,53.37,5.964,3.004,192352.047,,,,,,0,0,,0,0,Low,3.004
Qatar,1981,QAT,51.059,-4.329,-2.311,173140.172,,,,,,0,0,,0,0,Low,-2.311
Qatar,1982,QAT,59.333,16.204,8.274,189790.953,,,,,,0,0,,0,0,Low,8.274
Qatar,1983,QAT,61.854,4.249,2.521,187175.953,,,,,,0,0,,0,0,Low,2.521
Qatar,1984,QAT,70.41,13.832,8.556,202180.125,,,,,,0,0,,0,0,Low,8.556
Qatar,1985,QAT,66.11,-6.107,-4.3,180687.188,,,,,,0,0,,0,0,Low,-4.3
Qatar,1986,QAT,72.071,9.017,5.961,188500.672,,,,,,0,0,,0,0,Low,5.961
Qatar,1987,QAT,69.853,-3.077,-2.218,175773.953,,,,,,0,0,,0,0,Low,-2.218
Qatar,1988,QAT,73.54,5.278,3.687,178426.891,,,,,,0,0,,0,0,Low,3.687
Qatar,1989,QAT,77.746,5.719,4.206,182110.922,,,,,,0,0,,0,0,Low,4.206
Qatar,1990,QAT,78.838,1.405,1.092,178492.953,,,,,,0,0,,0,0,Low,1.092
Qatar,1991,QAT,90.813,15.19,11.975,198934.953,,,,,,0,0,,0,0,Low,11.975
Qatar,1992,QAT,144.293,58.89,53.48,306159.312,,,,,,0,0,,0,0,Low,53.48
Qatar,1993,QAT,154.359,6.976,10.066,317576.594,,,,,,0,0,,0,0,Low,10.066
Qatar,1994,QAT,156.668,1.496,2.309,312906.594,,,,,,0,0,,0,0,Low,2.309
Qatar,1995,QAT,156.148,-0.332,-0.52,303117.562,,,,,,0,0,,0,0,Low,-0.52
Qatar,1996,QAT,115.159,-26.25,-40.989,217578.188,,,,,,0,0,,0,0,Low,-40.989
Qatar,1997,QAT,125.891,9.319,10.731,228644.25,,,,,,0,0,,0,0,Low,10.731
Qatar,1998,QAT,135.556,7.677,9.665,233313.031,,,,,,0,0,,0,0,Low,9.665
Qatar,1999,QAT,150.898,11.318,15.342,246037.75,,,,,,0,0,,0,0,Low,15.342
Qatar,2000,QAT,134.844,-10.639,-16.053,208754.719,,,,,,,,,0,0,Low,-16.053
Qatar,2001,QAT,129.628,-3.869,-5.217,190955.656,,,,,,,,,0,0,Low,-5.217
Qatar,2002,QAT,142.699,10.083,13.071,200083.578,,,,,,,,,0,0,Low,13.071
Qatar,2003,QAT,163.62,14.661,20.921,218586.75,,,,,,,,,0,0,Low,20.921
Qatar,2004,QAT,197.57,20.749,33.95,253961.969,,,,,,,,,0,0,Low,33.95
Qatar,2005,QAT,223.673,13.212,26.103,263541.625,,,263541.625,,,,,,0,0,Low,26.103
Qatar,2006,QAT,235.155,5.133,11.482,231664.797,,,,,,,,,0,0,Low,11.482
Qatar,2007,QAT,256.278,8.983,21.123,208034.062,,,,,,,,,0,0,Low,21.123
Qatar,2008,QAT,284.139,10.872,27.861,196733.375,,,,,,,,,0,0,Low,27.861
Qatar,2009,QAT,288.185,1.424,4.045,178965.625,,,,,,,,,0,0,Low,4.045
Qatar,2010,QAT,335.141,16.294,46.956,195586.938,,,,,,,,,0,0,Low,46.956
Qatar,2011,QAT,392.009,16.969,56.868,217278.828,,,,,,,,,0,0,Low,56.868
Qatar,2012,QAT,444.277,13.333,52.268,233134.453,,,233116.891,,,,,,0,0,Low,52.268
Qatar,2013,QAT,482.342,8.568,38.065,236963.812,8.519,37.844,236838.844,,,,,,0,0,Low,38.065
Qatar,2014,QAT,521.487,8.116,39.145,235490.578,8.102,39.057,235335.844,,,,,,0,0,Low,39.145
Qatar,2015,QAT,593.32,13.775,71.833,245723.766,13.773,71.777,245558.75,,,,,,0,0,Low,71.833
Qatar,2016,QAT,582.571,-1.812,-10.749,224482.281,-1.816,-10.765,224322.641,,,,,,0,0,Low,-10.749
Qatar,2017,QAT,564.087,-3.173,-18.484,208014.688,-3.178,-18.504,207854.703,,,,,,0,0,Low,-18.484
Qatar,2018,QAT,558.877,-0.924,-5.21,201997.984,-0.928,-5.228,201834.766,,,,,,0,0,Low,-5.21
Qatar,2019,QAT,583.498,4.405,24.621,207854.453,4.419,24.675,207712.906,,,,,,0,0,Low,24.621
Qatar,2020,QAT,511.537,-12.333,-71.961,185313.188,-12.35,-72.015,185149.812,,,,,,0,0,Low,-71.961
Qatar,2021,QAT,541.849,5.926,30.312,201562.766,5.931,30.314,201395.5,,,,,,0,0,Low,30.312
Qatar,2022,QAT,566.668,4.58,24.819,210256.281,4.457,24.133,209834.672,,,,,,0,0,Low,24.819
Qatar,2023,QAT,616.209,8.742,49.541,226847.656,8.279,46.818,225427.094,,,,,,0,0,Low,49.541
Reunion,1980,REU,3.414,,,6188.579,,,,,,,,,0,0,Low,0
Reunion,1981,REU,3.621,6.071,0.207,6475.611,,,,,,,,,0,0,Low,0.207
Reunion,1982,REU,4.012,10.793,0.391,7070.011,,,,,,,,,0,0,Low,0.391
Reunion,1983,REU,4.444,10.759,0.432,7700.957,,,,,,,,,0,0,Low,0.432
Reunion,1984,REU,4.717,6.147,0.273,8024.492,,,,,,,,,0,0,Low,0.273
Reunion,1985,REU,4.892,3.717,0.175,8163.343,,,,,,,,,0,0,Low,0.175
Reunion,1986,REU,4.823,-1.421,-0.07,7895.75,,,,,,,,,0,0,Low,-0.07
Reunion,1987,REU,5.336,10.647,0.513,8575.581,,,,,,,,,0,0,Low,0.513
Reunion,1988,REU,5.728,7.339,0.392,9034.981,,,,,,,,,0,0,Low,0.392
Reunion,1989,REU,6.344,10.758,0.616,9818.944,,,,,,,,,0,0,Low,0.616
Reunion,1990,REU,6.722,5.959,0.378,10200.632,,,,,,,,,0,0,Low,0.378
Reunion,1991,REU,7.357,9.446,0.635,10939.012,,,,,,,,,0,0,Low,0.635
Reunion,1992,REU,7.642,3.876,0.285,11132.648,,,,,,,,,0,0,Low,0.285
Reunion,1993,REU,9.307,21.785,1.665,13294.291,,,,,,,,,0,0,Low,1.665
Reunion,1994,REU,9.61,3.254,0.303,13475.023,,,,,,,,,0,0,Low,0.303
Reunion,1995,REU,9.503,-1.113,-0.107,13089.918,,,,,,,,,0,0,Low,-0.107
Reunion,1996,REU,9.538,0.369,0.035,12914.206,,,,,,,,,0,0,Low,0.035
Reunion,1997,REU,9.614,0.799,0.076,12796.048,,,,,,,,,0,0,Low,0.076
Reunion,1998,REU,11.937,24.161,2.323,15627.237,,,,,,,,,0,0,Low,2.323
Reunion,1999,REU,11.948,0.089,0.011,15414.979,,,,,,,,,0,0,Low,0.011
Reunion,2000,REU,11.372,-4.821,-0.576,14478.673,,,,,,,,,0,0,Low,-0.576
Reunion,2001,REU,11.419,0.413,0.047,14354.454,,,,,,,,,0,0,Low,0.047
Reunion,2002,REU,11.612,1.688,0.193,14420.058,,,,,,,,,0,0,Low,0.193
Reunion,2003,REU,11.728,1,0.116,14390.12,,,,,,,,,0,0,Low,0.116
Reunion,2004,REU,13.03,11.1,1.302,15802.612,,,,,,,,,0,0,Low,1.302
Reunion,2005,REU,12.387,-4.929,-0.642,14858.951,,,,,,,,,0,0,Low,-0.642
Reunion,2006,REU,11.698,-5.567,-0.69,13837.397,,,,,,,,,0,0,Low,-0.69
Reunion,2007,REU,11.395,-2.592,-0.303,13240.08,,,,,,,,,0,0,Low,-0.303
Reunion,2008,REU,12.475,9.479,1.08,14273.304,,,,,,,,,0,0,Low,1.08
Reunion,2009,REU,12.74,2.128,0.266,14426.384,,,,,,,,,0,0,Low,0.266
Reunion,2010,REU,13.869,8.857,1.128,15580.163,,,,,,,,,0,0,Low,1.128
Reunion,2011,REU,13.35,-3.737,-0.518,14889.343,,,,,,,,,0,0,Low,-0.518
Reunion,2012,REU,0,-100,-13.35,0,,,,,,,,,0,0,Low,-13.35
Reunion,2013,REU,0,,0,0,,,,,,,,,0,0,Low,0
Reunion,2014,REU,0,,0,0,,,,,,,,,0,0,Low,0
Reunion,2015,REU,0,,0,0,,,,,,,,,0,0,Low,0
Reunion,2016,REU,0,,0,0,,,,,,,,,0,0,Low,0
Reunion,2017,REU,0,,0,0,,,,,,,,,0,0,Low,0
Reunion,2018,REU,0,,0,0,,,,,,,,,0,0,Low,0
Reunion,2019,REU,0,,0,0,,,,,,,,,0,0,Low,0
Reunion,2020,REU,0,,0,0,,,,,,,,,0,0,Low,0
Reunion,2021,REU,0,,0,0,,,,,,,,,0,0,Low,0
Romania,1965,ROU,278.721,,,14579.685,,,14424.233,98.934,,,155.451,1.066,0,0,Low,0
Romania,1966,ROU,297.27,6.655,18.549,15465.497,6.695,18.46,15306.275,98.97,2.985,0.089,159.222,1.03,0.004798102,0.479810232,Low,18.46
Romania,1967,ROU,331.734,11.593,34.464,17145.145,11.271,33.16,16919.57,98.684,42.609,1.304,225.573,1.316,0.037836583,3.78365831,Low,33.16
Romania,1968,ROU,352.98,6.405,21.246,18087.332,6.412,20.992,17850.654,98.691,5.827,0.254,236.677,1.309,0.011955192,1.195519157,Low,20.992
Romania,1969,ROU,405.812,14.967,52.832,20587.338,14.61,50.895,20254.764,98.385,41.933,1.937,332.576,1.615,0.036663386,3.666338583,Low,50.895
Romania,1970,ROU,432.011,6.456,26.199,21684.438,6.15,24.555,21272.859,98.102,25.079,1.644,411.579,1.898,0.062750487,6.275048666,Low,24.555
Romania,1971,ROU,458.565,6.147,26.555,22762.967,5.064,21.463,22103.174,97.101,62.099,5.092,659.792,2.899,0.191752966,19.17529655,Low,21.463
Romania,1972,ROU,483.276,5.389,24.71,23710.707,3.658,16.289,22645.404,95.507,63.359,8.422,1065.302,4.493,0.340833671,34.08336706,Low,16.288
Romania,1973,ROU,525.824,8.804,42.548,25490.463,9.088,41.945,24408.629,95.756,2.778,0.603,1081.836,4.244,0.014172229,1.417222901,Low,41.945
Romania,1974,ROU,529.495,0.698,3.672,25347.232,0.184,0.924,24147.434,95.267,12.31,2.747,1199.801,4.733,0.748093682,74.80936819,Medium,0.925
Romania,1975,ROU,577.511,9.068,48.016,27283.199,9,45.399,25975.502,95.207,10.441,2.617,1307.697,4.793,0.054502666,5.450266578,Low,45.399
Romania,1976,ROU,622.343,7.763,44.832,29014.121,8.828,48.54,27896.514,96.148,-13.396,-3.708,1117.609,3.852,-0.082708779,-8.270877944,Low,48.54
Romania,1977,ROU,659.94,6.041,37.598,30441.885,5.672,33.937,29167.219,95.813,15.271,3.661,1274.664,4.187,0.097372201,9.737220065,Low,33.937
Romania,1978,ROU,710.754,7.7,50.813,32537.676,7.443,47.061,31100.877,95.584,13.579,3.752,1436.799,4.416,0.073839372,7.383937181,Low,47.061
Romania,1979,ROU,724.816,1.979,14.062,32955.941,1.754,11.919,31431.432,95.374,6.831,2.144,1524.51,4.626,0.152467643,15.24676433,Low,11.918
Romania,1980,ROU,731.847,0.97,7.03,33077.473,0.462,3.192,31388.566,94.894,11.447,3.838,1688.908,5.106,0.545945946,54.59459459,Medium,3.192
Romania,1981,ROU,733.587,0.238,1.741,32988.781,0.208,1.445,31295.1,94.866,0.791,0.296,1693.68,5.134,0.170017231,17.00172315,Low,1.445
Romania,1982,ROU,727.274,-0.861,-6.313,32567.809,-0.532,-3.702,30998.148,95.18,-6.933,-2.611,1569.659,4.82,0.413591003,41.35910027,Low,-3.702
Romania,1983,ROU,722.204,-0.697,-5.07,32235.824,0.043,0.3,30910.947,95.89,-15.32,-5.37,1324.878,4.11,1.059171598,105.9171598,High,0.3
Romania,1984,ROU,716.998,-0.721,-5.205,31916.189,-1.302,-9.014,30425.389,95.329,12.831,3.809,1490.799,4.671,-0.73179635,-73.17963497,Low,-9.014
Romania,1985,ROU,714.904,-0.292,-2.094,31737.732,-0.906,-6.196,30068.85,94.742,12.246,4.101,1668.883,5.258,-1.958452722,-195.8452722,Low,-6.195
Romania,1986,ROU,730.083,2.123,15.179,32322.68,3.072,20.806,30907.504,95.622,-14.969,-5.627,1415.177,4.378,-0.370709533,-37.07095329,Low,20.806
Romania,1987,ROU,757.117,3.703,27.034,33421.176,3.703,25.854,31958.07,95.622,3.691,1.18,1463.105,4.378,0.043648739,4.364873863,Low,25.854
Romania,1988,ROU,771.135,1.852,14.018,33942.172,0.479,3.471,32019.012,94.334,31.823,10.548,1923.161,5.666,0.752461121,75.24611214,Medium,3.47
Romania,1989,ROU,772.477,0.174,1.342,33898.359,0.631,4.589,32123.492,94.764,-7.431,-3.247,1774.865,5.236,-2.4195231,-241.95231,Low,4.589
Romania,1990,ROU,735.215,-4.824,-37.262,32195.119,-4.175,-30.564,30717.281,95.41,-16.559,-6.698,1477.835,4.59,0.179754173,17.97541732,Low,-30.564
Romania,1991,ROU,624.444,-15.066,-110.771,27336.961,-17.13,-120.159,25448.525,93.092,27.818,9.388,1888.435,6.908,-0.084751424,-8.475142411,Low,-120.159
Romania,1992,ROU,550.674,-11.814,-73.77,24151.34,-11.222,-65.237,22633.723,93.716,-19.783,-8.533,1517.618,6.284,0.115670327,11.56703267,Low,-65.237
Romania,1993,ROU,535.222,-2.806,-15.452,23555.578,-3.605,-18.607,21893.812,92.945,9.118,3.155,1661.764,7.055,-0.204180689,-20.41806886,Low,-18.607
Romania,1994,ROU,504.851,-5.674,-30.371,22306.182,-6.27,-31.19,20601.713,92.359,2.169,0.819,1704.47,7.641,-0.026966514,-2.696651411,Low,-31.19
Romania,1995,ROU,554.803,9.894,49.952,24621.631,8.4,39.168,22431.035,91.103,27.955,10.784,2190.597,8.897,0.215887252,21.58872518,Low,39.168
Romania,1996,ROU,551.402,-0.613,-3.401,24596.516,-0.902,-4.56,22342.947,90.838,2.684,1.159,2253.566,9.162,-0.340782123,-34.07821229,Low,-4.56
Romania,1997,ROU,523.325,-5.092,-28.076,23478.516,-8.922,-44.688,20466.715,87.172,33.714,16.611,3011.799,12.828,-0.591644109,-59.16441088,Low,-44.687
Romania,1998,ROU,478.845,-8.5,-44.48,21607.326,-10.58,-48.267,18407.199,85.19,5.572,3.787,3200.128,14.81,-0.085139388,-8.513938849,Low,-48.267
Romania,1999,ROU,421.171,-12.044,-57.674,19110.252,-13.627,-55.588,15987.029,83.657,-2.93,-2.086,3123.223,16.343,0.036168811,3.61688109,Low,-55.588
Romania,2000,ROU,420.332,-0.199,-0.839,19175.828,2.502,8.814,16476.002,85.921,-13.854,-9.653,2699.826,14.079,11.50536353,1150.536353,High,8.814
Romania,2001,ROU,425.105,1.136,4.773,19502.389,1.318,4.76,16786.797,86.076,0.667,0.014,2715.593,13.924,0.002933166,0.293316572,Low,4.759
Romania,2002,ROU,441.307,3.811,16.202,20380.363,3.582,13.109,17503.854,85.886,5.857,3.093,2876.509,14.114,0.190902358,19.09023577,Low,13.109
Romania,2003,ROU,441.244,-0.014,-0.062,20540.844,2.667,10.109,18114.762,88.189,-15.741,-10.171,2426.082,11.811,164.0483871,16404.83871,High,10.109
Romania,2004,ROU,457.624,3.712,16.38,21495.512,1.428,5.556,18539.148,86.247,21.45,10.823,2956.366,13.753,0.660744811,66.07448107,Medium,5.557
Romania,2005,ROU,460.449,0.617,2.825,21830.236,-1.87,-7.38,18362.438,84.115,16.782,10.205,3467.799,15.885,3.612389381,361.2389381,High,-7.38
Romania,2006,ROU,467.61,1.555,7.161,22363.611,3.274,12.681,19129.484,85.538,-6.888,-5.52,3234.128,14.462,-0.770842061,-77.08420612,Low,12.681
Romania,2007,ROU,451.004,-3.551,-16.606,21741.182,-3.91,-15.638,18527.939,85.22,0.803,-0.968,3213.24,14.78,0.058292184,5.829218355,Low,-15.638
Romania,2008,ROU,449.797,-0.268,-1.207,21837.455,-3.592,-13.807,17989.598,82.38,20.011,12.6,3847.857,17.62,-10.43910522,-1043.910522,Low,-13.807
Romania,2009,ROU,392.122,-12.822,-57.675,19159.404,-14.526,-53.826,15474.937,80.769,-4.299,-3.849,3684.467,19.231,0.066736021,6.673602081,Low,-53.826
Romania,2010,ROU,396.424,1.097,4.301,19494.453,-2.832,-8.969,15133.654,77.631,19.699,13.27,4360.798,22.369,3.085328993,308.5328993,High,-8.969
Romania,2011,ROU,408.341,3.006,11.917,20194.619,7.228,22.243,16319.691,80.812,-9.094,-10.326,3874.927,19.188,-0.866493245,-86.64932449,Low,22.243
Romania,2012,ROU,393.332,-3.676,-15.009,19532.703,-2.991,-9.868,15897.033,81.387,-5.997,-5.14,3635.669,18.613,0.34246119,34.246119,Low,-9.869
Romania,2013,ROU,369.577,-6.04,-23.756,18417.541,-11.65,-37.294,14094.412,76.527,17.488,13.538,4323.129,23.473,-0.569877084,-56.98770837,Low,-37.294
Romania,2014,ROU,379.116,2.581,9.54,18959.768,-1.31,-3.704,13958.993,73.624,14.629,13.244,5000.775,26.376,1.388259958,138.8259958,High,-3.704
Romania,2015,ROU,381.136,0.533,2.019,19146.699,-0.259,-0.724,13985.586,73.044,3.689,2.743,5161.111,26.956,1.358593363,135.8593363,High,-0.724
Romania,2016,ROU,381.085,-0.013,-0.051,19248.842,-0.59,-1.643,13979.056,72.623,3.643,1.593,5269.786,27.377,-31.23529412,-3123.529412,Low,-1.644
Romania,2017,ROU,387.936,1.798,6.851,19693.322,4.951,13.701,14744.829,74.872,-5.213,-6.851,4948.494,25.128,-1,-100,Low,13.702
Romania,2018,ROU,392.051,1.061,4.115,19995.689,-0.083,-0.241,14801.795,74.025,5.137,4.356,5193.893,25.975,1.058566221,105.8566221,High,-0.241
Romania,2019,ROU,383.818,-2.1,-8.234,19658.541,-1.534,-4.451,14636.437,74.453,-1.867,-3.783,5022.104,25.547,0.459436483,45.94364829,Low,-4.451
Romania,2020,ROU,369.489,-3.733,-14.329,19004.617,-5.296,-15.133,13919.924,73.245,2.203,0.804,5084.692,26.755,-0.056109987,-5.610998674,Low,-15.133
Romania,2021,ROU,390.003,5.552,20.514,20177.553,6.308,17.072,14884.895,73.77,2.879,3.443,5292.658,26.23,0.167836599,16.78365994,Low,17.071
Romania,2022,ROU,360.129,-7.66,-29.874,18318.545,-7.698,-22.147,13507.945,73.739,-6.354,-7.727,4810.598,26.261,0.258653009,25.86530093,Low,-22.147
Romania,2023,ROU,354.462,-1.574,-5.667,17818.607,-6.196,-16.453,12522.294,70.277,10.43,10.786,5296.312,29.723,-1.903299806,-190.3299806,Low,-16.453
Russia,1985,RUS,9555.139,,,66867.602,,,61590.199,92.108,,,5277.404,7.892,0,0,Low,0
Russia,1986,RUS,9724.456,1.772,169.317,67509.156,1.579,138.946,62063.043,91.933,4.057,30.371,5446.106,8.067,0.179373601,17.9373601,Low,138.946
Russia,1987,RUS,10042.625,3.272,318.169,69110.766,3,268.225,63368.383,91.691,6.558,49.945,5742.385,8.309,0.156976324,15.69763239,Low,268.224
Russia,1988,RUS,10218.061,1.747,175.436,69764.812,1.645,151.487,63904.102,91.599,2.962,23.948,5860.711,8.401,0.13650562,13.65056203,Low,151.488
Russia,1989,RUS,10255.829,0.37,37.769,69605.836,0.395,36.984,63774.691,91.623,0.111,0.785,5831.15,8.377,0.020784241,2.078424104,Low,36.984
Russia,1990,RUS,10076.103,-1.752,-179.727,68079.156,-1.595,-149.863,62475.945,91.77,-3.658,-29.863,5603.212,8.23,0.166157561,16.61575612,Low,-149.864
Russia,1991,RUS,9938.643,-1.364,-137.46,66946.992,-1.577,-145.858,61304.184,91.571,1.019,8.398,5642.807,8.429,-0.061094136,-6.109413648,Low,-145.858
Russia,1992,RUS,9566.619,-3.743,-372.023,64323.957,-4.223,-384.309,58608.801,91.115,1.437,12.285,5715.156,8.885,-0.033022152,-3.302215186,Low,-384.308
Russia,1993,RUS,8919.131,-6.768,-647.488,59901.234,-7.471,-651.243,54167.449,90.428,0.428,3.754,5733.78,9.572,-0.005797791,-0.579779085,Low,-651.242
Russia,1994,RUS,8138.424,-8.753,-780.707,54683.012,-8.988,-724.922,49321.422,90.195,-6.721,-55.784,5361.59,9.805,0.071453183,7.145318282,Low,-724.923
Russia,1995,RUS,7702.033,-5.362,-436.391,51845.484,-6.024,-442.217,46434.875,89.564,0.745,5.825,5410.606,10.436,-0.013348121,-1.334812129,Low,-442.216
Russia,1996,RUS,7413.202,-3.75,-288.831,50010.332,-3.637,-250.87,44843.988,89.669,-4.515,-37.961,5166.345,10.331,0.131429798,13.1429798,Low,-250.87
Russia,1997,RUS,7011.005,-5.425,-402.197,47390.879,-6.167,-409.939,42161.953,88.966,0.986,7.742,5228.925,11.034,-0.019249273,-1.924927337,Low,-409.939
Russia,1998,RUS,6997.946,-0.186,-13.059,47388.211,-0.042,-2.644,42220.352,89.095,-1.397,-10.414,5167.865,10.905,0.797457692,79.7457692,Medium,-2.645
Russia,1999,RUS,7086.538,1.266,88.591,48097.676,0.5,31.176,42528.324,88.421,7.683,57.415,5569.348,11.579,0.648090664,64.80906638,Medium,31.176
Russia,2000,RUS,7214.09,1.8,127.553,49127.297,1.465,91.806,43295.871,88.13,4.408,35.747,5831.424,11.87,0.28025213,28.02521305,Low,91.806
Russia,2001,RUS,7328.268,1.583,114.177,50112.773,1.152,73.242,43977.125,87.756,5.453,40.935,6135.648,12.244,0.358522294,35.85222943,Low,73.242
Russia,2002,RUS,7298.46,-0.407,-29.807,50130.184,-0.048,-3.115,44150.668,88.072,-2.241,-26.692,5979.513,11.928,0.895494347,89.5494347,Medium,-3.115
Russia,2003,RUS,7448.467,2.055,150.006,51387.617,2.328,149.648,45379.094,88.307,0.791,0.358,6008.527,11.693,0.002386571,0.23865712,Low,149.648
Russia,2004,RUS,7514.088,0.881,65.621,52053.328,0.439,28.868,45765.516,87.92,4.718,36.753,6287.813,12.08,0.560079852,56.00798525,Medium,28.868
Russia,2005,RUS,7503.902,-0.136,-10.186,52182.891,-0.131,-8.687,45881.293,87.924,0.522,-1.499,6301.599,12.076,0.147162772,14.71627724,Low,-8.687
Russia,2006,RUS,7836.936,4.438,333.034,54674.262,4.814,317.583,48244.59,88.24,2.393,15.451,6429.673,11.76,0.046394662,4.639466241,Low,317.583
Russia,2007,RUS,7878.334,0.528,41.398,55047.945,0.387,26.767,48506.113,88.116,2.229,14.631,6541.834,11.884,0.353422871,35.34228707,Low,26.767
Russia,2008,RUS,7914.625,0.461,36.291,55313.555,0.985,68.398,48994.688,88.576,-2.736,-32.107,6318.871,11.424,-0.884709708,-88.47097076,Low,68.398
Russia,2009,RUS,7522.19,-4.958,-392.436,52542.598,-5.913,-414.52,46072.875,87.687,3.023,22.084,6469.722,12.313,-0.056274144,-5.627414406,Low,-414.52
Russia,2010,RUS,7814.235,3.882,292.045,54552.457,4.561,300.837,48147.676,88.259,-0.249,-8.791,6404.784,11.741,-0.030101525,-3.010152545,Low,300.836
Russia,2011,RUS,8080.548,3.408,266.313,56363.645,3.982,274.616,50022.23,88.749,-0.261,-8.303,6341.418,11.251,-0.031177599,-3.117759929,Low,274.616
Russia,2012,RUS,8128.363,0.592,47.815,56592.629,0.562,40.275,50210.414,88.723,1.468,7.539,6382.218,11.277,0.157670187,15.76701872,Low,40.276
Russia,2013,RUS,8032.525,-1.179,-95.838,55798.141,-1.738,-125.359,49225.371,88.22,3.706,29.521,6572.769,11.78,-0.308030218,-30.80302177,Low,-125.359
Russia,2014,RUS,8057.762,0.314,25.236,55846.121,0.418,29.631,49318.762,88.312,0.228,-4.394,6527.363,11.688,-0.174116342,-17.41163417,Low,29.63
Russia,2015,RUS,7930.555,-1.579,-127.207,54818.855,-2.045,-145.499,48182.344,87.894,2.667,18.292,6636.511,12.106,-0.143797118,-14.37971181,Low,-145.499
Russia,2016,RUS,8086.063,1.961,155.508,55724.008,1.623,113.1,48815.406,87.602,5.009,42.408,6908.601,12.398,0.272706227,27.27062273,Low,113.1
Russia,2017,RUS,8135.742,0.614,49.679,55933.996,0.518,36.67,48952.27,87.518,1.983,13.01,6981.734,12.482,0.261881278,26.18812778,Low,36.669
Russia,2018,RUS,8432.208,3.644,296.466,57892.727,3.981,283.465,50831.316,87.803,1.907,13,7061.412,12.197,0.043849885,4.384988498,Low,283.466
Russia,2019,RUS,8370.03,-0.737,-62.178,57430.348,-1.095,-81.086,50243.559,87.486,2.275,18.908,7186.785,12.514,-0.304094696,-30.40946959,Low,-81.086
Russia,2020,RUS,8078.97,-3.477,-291.06,55480.828,-4.886,-357.789,47829.625,86.209,6.708,66.729,7651.203,13.791,-0.229262008,-22.92620078,Low,-357.789
Russia,2021,RUS,8335.356,3.174,256.386,57444.508,3.343,232.825,49603.793,86.351,2.622,23.562,7840.718,13.649,0.091900494,9.190049379,Low,232.824
Russia,2022,RUS,8632.184,3.561,296.827,59650.238,4.67,336.123,52059.961,87.275,-2.871,-39.295,7590.28,12.725,-0.13238351,-13.23835096,Low,336.122
Russia,2023,RUS,8691.993,0.693,59.81,60175.367,0.904,68.117,52628.473,87.458,-0.296,-8.308,7546.898,12.542,-0.138906537,-13.89065374,Low,68.118
Rwanda,1980,RWA,1.061,,,202.216,,,,,,,,,0,0,Low,0
Rwanda,1981,RWA,1.9,79.044,0.839,349.12,,,,,,,,,0,0,Low,0.839
Rwanda,1982,RWA,1.904,0.196,0.004,336.753,,,,,,,,,0,0,Low,0.004
Rwanda,1983,RWA,2.127,11.752,0.224,363.066,,,,,,,,,0,0,Low,0.224
Rwanda,1984,RWA,3.203,50.583,1.076,528.904,,,,,,,,,0,0,Low,1.076
Rwanda,1985,RWA,3.268,2.005,0.064,521.427,,,,,,,,,0,0,Low,0.064
Rwanda,1986,RWA,3.263,-0.133,-0.004,502.217,,,,,,,,,0,0,Low,-0.004
Rwanda,1987,RWA,3.279,0.485,0.016,486.821,,,,,,,,,0,0,Low,0.016
Rwanda,1988,RWA,3.267,-0.384,-0.013,469.74,,,,,,,,,0,0,Low,-0.013
Rwanda,1989,RWA,3.366,3.059,0.1,471.365,,,,,,,,,0,0,Low,0.1
Rwanda,1990,RWA,3.521,4.604,0.155,481.078,,,,,,,,,0,0,Low,0.155
Rwanda,1991,RWA,3.586,1.823,0.064,479.001,,,,,,,,,0,0,Low,0.064
Rwanda,1992,RWA,3.603,0.478,0.017,470.51,,,,,,,,,0,0,Low,0.017
Rwanda,1993,RWA,3.298,-8.459,-0.305,417.223,,,,,,,,,0,0,Low,-0.305
Rwanda,1994,RWA,3.371,2.226,0.073,500.762,,,,,,,,,0,0,Low,0.073
Rwanda,1995,RWA,3.432,1.781,0.06,603.407,,,,,,,,,0,0,Low,0.06
Rwanda,1996,RWA,3.394,-1.084,-0.037,505.447,,,,,,,,,0,0,Low,-0.037
Rwanda,1997,RWA,3.441,1.372,0.047,448.811,,,,,,,,,0,0,Low,0.047
Rwanda,1998,RWA,3.492,1.489,0.051,441.228,,,,,,,,,0,0,Low,0.051
Rwanda,1999,RWA,3.385,-3.079,-0.108,422.572,,,,,,,,,0,0,Low,-0.108
Rwanda,2000,RWA,2.901,-14.282,-0.483,357.734,,,,,,,,,0,0,Low,-0.483
Rwanda,2001,RWA,2.854,-1.621,-0.047,347.059,,,,,,,,,0,0,Low,-0.047
Rwanda,2002,RWA,2.918,2.243,0.064,348.555,,,,,,,,,0,0,Low,0.064
Rwanda,2003,RWA,2.904,-0.482,-0.014,338.953,,,,,,,,,0,0,Low,-0.014
Rwanda,2004,RWA,2.799,-3.633,-0.106,318.321,,,,,,,,,0,0,Low,-0.106
Rwanda,2005,RWA,2.714,-3.041,-0.085,300.623,,,,,,,,,0,0,Low,-0.085
Rwanda,2006,RWA,2.632,-2.986,-0.081,283.975,,,,,,,,,0,0,Low,-0.081
Rwanda,2007,RWA,2.692,2.243,0.059,282.629,,,,,,,,,0,0,Low,0.059
Rwanda,2008,RWA,2.832,5.223,0.141,289.523,,,,,,,,,0,0,Low,0.141
Rwanda,2009,RWA,2.984,5.35,0.152,297.063,,,,,,,,,0,0,Low,0.152
Rwanda,2010,RWA,3.35,12.275,0.366,324.944,,,,,,,,,0,0,Low,0.366
Rwanda,2011,RWA,3.723,11.124,0.373,351.946,,,,,,,,,0,0,Low,0.373
Rwanda,2012,RWA,4.085,9.751,0.363,376.878,,,,,,,,,0,0,Low,0.363
Rwanda,2013,RWA,4.338,6.173,0.252,390.732,,,,,,,,,0,0,Low,0.252
Rwanda,2014,RWA,4.586,5.734,0.249,403.43,,,,,,,,,0,0,Low,0.249
Rwanda,2015,RWA,5.079,10.737,0.492,436.214,,,,,,,,,0,0,Low,0.492
Rwanda,2016,RWA,5.125,0.9,0.046,429.518,,,,,,,,,0,0,Low,0.046
Rwanda,2017,RWA,5.612,9.503,0.487,458.821,,,,,,,,,0,0,Low,0.487
Rwanda,2018,RWA,6.155,9.679,0.543,491.126,,,,,,,,,0,0,Low,0.543
Rwanda,2019,RWA,6.746,9.603,0.591,525.573,,,,,,,,,0,0,Low,0.591
Rwanda,2020,RWA,6.532,-3.163,-0.213,496.898,,,,,,,,,0,0,Low,-0.213
Rwanda,2021,RWA,6.345,-2.864,-0.187,471.355,,,,,,,,,0,0,Low,-0.187
Saint Helena,1980,SHN,0.014,,,2114.11,,,,,,,,,0,0,Low,0
Saint Helena,1981,SHN,0.012,-8.196,-0.001,1924.651,,,,,,,,,0,0,Low,-0.001
Saint Helena,1982,SHN,0.012,0,0,1905.522,,,,,,,,,0,0,Low,0
Saint Helena,1983,SHN,0.012,0,0,1889.344,,,,,,,,,0,0,Low,0
Saint Helena,1984,SHN,0.012,0.274,0,1882.817,,,,,,,,,0,0,Low,0
Saint Helena,1985,SHN,0.013,1.921,0,1907.771,,,,,,,,,0,0,Low,0
Saint Helena,1986,SHN,0.013,-0.049,0,1898.591,,,,,,,,,0,0,Low,0
Saint Helena,1987,SHN,0.026,103.485,0.013,3856.45,,,,,,,,,0,0,Low,0.013
Saint Helena,1988,SHN,0.026,0.013,0,3866.719,,,,,,,,,0,0,Low,0
Saint Helena,1989,SHN,0.026,-0.013,0,3883.625,,,,,,,,,0,0,Low,0
Saint Helena,1990,SHN,0.026,0,0,3905.288,,,,,,,,,0,0,Low,0
Saint Helena,1991,SHN,0.013,-50.856,-0.013,1931.429,,,,,,,,,0,0,Low,-0.013
Saint Helena,1992,SHN,0.013,0.029,0,1946.749,,,,,,,,,0,0,Low,0
Saint Helena,1993,SHN,0.013,-0.029,0,1963.908,,,,,,,,,0,0,Low,0
Saint Helena,1994,SHN,0.013,0,0,1980.098,,,,,,,,,0,0,Low,0
Saint Helena,1995,SHN,0.013,0,0,1999.38,,,,,,,,,0,0,Low,0
Saint Helena,1996,SHN,0.013,0.029,0,2017.377,,,,,,,,,0,0,Low,0
Saint Helena,1997,SHN,0.013,-0.029,0,2036.482,,,,,,,,,0,0,Low,0
Saint Helena,1998,SHN,0.013,0,0,2058.879,,,,,,,,,0,0,Low,0
Saint Helena,1999,SHN,0.013,0.041,0,2082.626,,,,,,,,,0,0,Low,0
Saint Helena,2000,SHN,0.051,303.977,0.039,8506.533,,,,,,,,,0,0,Low,0.039
Saint Helena,2001,SHN,0.051,-0.146,0,8603.607,,,,,,,,,0,0,Low,0
Saint Helena,2002,SHN,0.054,4.276,0.002,9118.104,,,,,,,,,0,0,Low,0.002
Saint Helena,2003,SHN,0.053,-1.062,-0.001,9183.842,,,,,,,,,0,0,Low,-0.001
Saint Helena,2004,SHN,0.035,-34.726,-0.018,6107.953,,,,,,,,,0,0,Low,-0.018
Saint Helena,2005,SHN,0.043,24.812,0.009,7770.241,,,,,,,,,0,0,Low,0.009
Saint Helena,2006,SHN,0.04,-7.898,-0.003,7299.722,,,,,,,,,0,0,Low,-0.003
Saint Helena,2007,SHN,0.05,26.699,0.011,9439.257,,,,,,,,,0,0,Low,0.011
Saint Helena,2008,SHN,0.041,-18.616,-0.009,7763.481,,,,,,,,,0,0,Low,-0.009
Saint Helena,2009,SHN,0.039,-5.966,-0.002,7267.258,,,,,,,,,0,0,Low,-0.002
Saint Helena,2010,SHN,0.044,13.373,0.005,8189.737,,,,,,,,,0,0,Low,0.005
Saint Helena,2011,SHN,0.043,-2.166,-0.001,7954.215,,,,,,,,,0,0,Low,-0.001
Saint Helena,2012,SHN,0.047,10.775,0.005,8757.543,,,,,,,,,0,0,Low,0.005
Saint Helena,2013,SHN,0.045,-4.074,-0.002,8345.24,,,,,,,,,0,0,Low,-0.002
Saint Helena,2014,SHN,0.043,-5.07,-0.002,7872.981,,,,,,,,,0,0,Low,-0.002
Saint Helena,2015,SHN,0.039,-8.976,-0.004,7114.407,,,,,,,,,0,0,Low,-0.004
Saint Helena,2016,SHN,0.04,0.746,0,7150.659,,,,,,,,,0,0,Low,0
Saint Helena,2017,SHN,0.042,6.924,0.003,7662.386,,,,,,,,,0,0,Low,0.003
Saint Helena,2018,SHN,0.04,-6.021,-0.003,7236.438,,,,,,,,,0,0,Low,-0.003
Saint Helena,2019,SHN,0.054,35.236,0.014,9829.213,,,,,,,,,0,0,Low,0.014
Saint Helena,2020,SHN,0.051,-4.533,-0.002,9421.581,,,,,,,,,0,0,Low,-0.002
Saint Helena,2021,SHN,0.054,5.533,0.003,9979.507,,,,,,,,,0,0,Low,0.003
Saint Kitts and Nevis,1980,KNA,0.242,,,5611.1,,,,,,,,,0,0,Low,0
Saint Kitts and Nevis,1981,KNA,0.241,-0.273,-0.001,5614.782,,,,,,,,,0,0,Low,-0.001
Saint Kitts and Nevis,1982,KNA,0.241,0,0,5635.108,,,,,,,,,0,0,Low,0
Saint Kitts and Nevis,1983,KNA,0.241,0,0,5660.093,,,,,,,,,0,0,Low,0
Saint Kitts and Nevis,1984,KNA,0.242,0.274,0.001,5705.716,,,,,,,,,0,0,Low,0.001
Saint Kitts and Nevis,1985,KNA,0.241,-0.273,-0.001,5721.432,,,,,,,,,0,0,Low,-0.001
Saint Kitts and Nevis,1986,KNA,0.206,-14.412,-0.035,4927.209,,,,,,,,,0,0,Low,-0.035
Saint Kitts and Nevis,1987,KNA,0.206,0,0,4958.801,,,,,,,,,0,0,Low,0
Saint Kitts and Nevis,1988,KNA,0.22,6.462,0.013,5317.798,,,,,,,,,0,0,Low,0.013
Saint Kitts and Nevis,1989,KNA,0.219,-0.226,0,5347.935,,,,,,,,,0,0,Low,0
Saint Kitts and Nevis,1990,KNA,0.219,0,0,5394.229,,,,,,,,,0,0,Low,0
Saint Kitts and Nevis,1991,KNA,0.295,34.264,0.075,7260.546,,,,,,,,,0,0,Low,0.075
Saint Kitts and Nevis,1992,KNA,0.295,0.226,0.001,7212.62,,,,,,,,,0,0,Low,0.001
Saint Kitts and Nevis,1993,KNA,0.36,21.953,0.065,8680.2,,,,,,,,,0,0,Low,0.065
Saint Kitts and Nevis,1994,KNA,0.422,17.31,0.062,10047.312,,,,,,,,,0,0,Low,0.062
Saint Kitts and Nevis,1995,KNA,0.36,-14.756,-0.062,8454.714,,,,,,,,,0,0,Low,-0.062
Saint Kitts and Nevis,1996,KNA,0.423,17.631,0.063,9819.931,,,,,,,,,0,0,Low,0.063
Saint Kitts and Nevis,1997,KNA,0.422,-0.273,-0.001,9667.326,,,,,,,,,0,0,Low,-0.001
Saint Kitts and Nevis,1998,KNA,0.422,0,0,9541.723,,,,,,,,,0,0,Low,0
Saint Kitts and Nevis,1999,KNA,0.422,0,0,9414.932,,,,,,,,,0,0,Low,0
Saint Kitts and Nevis,2000,KNA,0.771,82.638,0.349,16953.34,,,,,,,,,0,0,Low,0.349
Saint Kitts and Nevis,2001,KNA,0.797,3.368,0.026,17325.975,,,,,,,,,0,0,Low,0.026
Saint Kitts and Nevis,2002,KNA,0.872,9.4,0.075,18841.998,,,,,,,,,0,0,Low,0.075
Saint Kitts and Nevis,2003,KNA,0.874,0.161,0.001,18804.082,,,,,,,,,0,0,Low,0.001
Saint Kitts and Nevis,2004,KNA,0.945,8.154,0.071,20273.662,,,,,,,,,0,0,Low,0.071
Saint Kitts and Nevis,2005,KNA,0.88,-6.835,-0.065,18827.416,,,,,,,,,0,0,Low,-0.065
Saint Kitts and Nevis,2006,KNA,0.912,3.627,0.032,19448.727,,,,,,,,,0,0,Low,0.032
Saint Kitts and Nevis,2007,KNA,0.964,5.729,0.052,20502.656,,,,,,,,,0,0,Low,0.052
Saint Kitts and Nevis,2008,KNA,0.963,-0.113,-0.001,20417.77,,,,,,,,,0,0,Low,-0.001
Saint Kitts and Nevis,2009,KNA,0.986,2.33,0.022,20836.158,,,,,,,,,0,0,Low,0.022
Saint Kitts and Nevis,2010,KNA,0.993,0.708,0.007,20931.088,,,,,,,,,0,0,Low,0.007
Saint Kitts and Nevis,2011,KNA,1.04,4.786,0.048,21851.84,,,,,,,,,0,0,Low,0.048
Saint Kitts and Nevis,2012,KNA,1.035,-0.497,-0.005,21675.412,,,,,,,,,0,0,Low,-0.005
Saint Kitts and Nevis,2013,KNA,1.031,-0.359,-0.004,21579.867,,,,,,,,,0,0,Low,-0.004
Saint Kitts and Nevis,2014,KNA,1.044,1.247,0.013,21838.453,,,,,,,,,0,0,Low,0.013
Saint Kitts and Nevis,2015,KNA,1.069,2.375,0.025,22357.986,,,,,,,,,0,0,Low,0.025
Saint Kitts and Nevis,2016,KNA,1.097,2.643,0.028,22948.984,,,,,,,,,0,0,Low,0.028
Saint Kitts and Nevis,2017,KNA,1.097,-0.048,-0.001,22939.449,,,,,,,,,0,0,Low,-0.001
Saint Kitts and Nevis,2018,KNA,1.11,1.169,0.013,23219.201,,,,,,,,,0,0,Low,0.013
Saint Kitts and Nevis,2019,KNA,1.109,-0.032,0,23235.219,,,,,,,,,0,0,Low,0
Saint Kitts and Nevis,2020,KNA,0.936,-15.59,-0.173,19642.783,,,,,,,,,0,0,Low,-0.173
Saint Kitts and Nevis,2021,KNA,0.996,6.326,0.059,20900.703,,,,,,,,,0,0,Low,0.059
Saint Lucia,1980,LCA,0.468,,,3850.011,,,,,,,,,0,0,Low,0
Saint Lucia,1981,LCA,0.35,-25.205,-0.118,2826.687,,,,,,,,,0,0,Low,-0.118
Saint Lucia,1982,LCA,0.467,33.333,0.117,3700.859,,,,,,,,,0,0,Low,0.117
Saint Lucia,1983,LCA,0.409,-12.5,-0.058,3181.607,,,,,,,,,0,0,Low,-0.058
Saint Lucia,1984,LCA,0.41,0.274,0.001,3136.964,,,,,,,,,0,0,Low,0.001
Saint Lucia,1985,LCA,0.525,28.22,0.116,3957.692,,,,,,,,,0,0,Low,0.116
Saint Lucia,1986,LCA,0.527,0.33,0.002,3910.375,,,,,,,,,0,0,Low,0.002
Saint Lucia,1987,LCA,0.575,9.034,0.048,4202.155,,,,,,,,,0,0,Low,0.048
Saint Lucia,1988,LCA,0.734,27.652,0.159,5291.256,,,,,,,,,0,0,Low,0.159
Saint Lucia,1989,LCA,0.732,-0.244,-0.002,5210.877,,,,,,,,,0,0,Low,-0.002
Saint Lucia,1990,LCA,0.732,0,0,5143.359,,,,,,,,,0,0,Low,0
Saint Lucia,1991,LCA,0.732,0,0,5073.063,,,,,,,,,0,0,Low,0
Saint Lucia,1992,LCA,0.734,0.245,0.002,5010.962,,,,,,,,,0,0,Low,0.002
Saint Lucia,1993,LCA,0.732,-0.244,-0.002,4925.49,,,,,,,,,0,0,Low,-0.002
Saint Lucia,1994,LCA,0.865,18.107,0.133,5741.493,,,,,,,,,0,0,Low,0.133
Saint Lucia,1995,LCA,0.865,0,0,5673.892,,,,,,,,,0,0,Low,0
Saint Lucia,1996,LCA,0.867,0.245,0.002,5628.193,,,,,,,,,0,0,Low,0.002
Saint Lucia,1997,LCA,0.865,-0.245,-0.002,5560.613,,,,,,,,,0,0,Low,-0.002
Saint Lucia,1998,LCA,0.865,0,0,5510.987,,,,,,,,,0,0,Low,0
Saint Lucia,1999,LCA,0.865,0.001,0,5462.306,,,,,,,,,0,0,Low,0
Saint Lucia,2000,LCA,1.465,69.456,0.6,9184.194,,,,,,,,,0,0,Low,0.6
Saint Lucia,2001,LCA,1.589,8.444,0.124,9891.598,,,,,,,,,0,0,Low,0.124
Saint Lucia,2002,LCA,1.436,-9.643,-0.153,8871.31,,,,,,,,,0,0,Low,-0.153
Saint Lucia,2003,LCA,1.588,10.656,0.153,9741.581,,,,,,,,,0,0,Low,0.153
Saint Lucia,2004,LCA,1.594,0.355,0.006,9705.236,,,,,,,,,0,0,Low,0.006
Saint Lucia,2005,LCA,1.644,3.152,0.05,9942.035,,,,,,,,,0,0,Low,0.05
Saint Lucia,2006,LCA,1.659,0.875,0.014,9963.842,,,,,,,,,0,0,Low,0.014
Saint Lucia,2007,LCA,1.715,3.389,0.056,10237.039,,,,,,,,,0,0,Low,0.056
Saint Lucia,2008,LCA,1.763,2.778,0.048,10455.242,,,,,,,,,0,0,Low,0.048
Saint Lucia,2009,LCA,1.719,-2.453,-0.043,10132.104,,,,,,,,,0,0,Low,-0.043
Saint Lucia,2010,LCA,1.797,4.519,0.078,10512.177,,,,,,,,,0,0,Low,0.078
Saint Lucia,2011,LCA,1.824,1.498,0.027,10594.858,,,,,,,,,0,0,Low,0.027
Saint Lucia,2012,LCA,1.816,-0.455,-0.008,10486.784,,,,,,,,,0,0,Low,-0.008
Saint Lucia,2013,LCA,1.811,-0.258,-0.005,10408.478,,,,,,,,,0,0,Low,-0.005
Saint Lucia,2014,LCA,1.829,0.982,0.018,10461.293,,,,,,,,,0,0,Low,0.018
Saint Lucia,2015,LCA,1.841,0.681,0.012,10483.141,,,,,,,,,0,0,Low,0.012
Saint Lucia,2016,LCA,1.861,1.081,0.02,10549.006,,,,,,,,,0,0,Low,0.02
Saint Lucia,2017,LCA,2.017,8.4,0.156,11386.956,,,,,,,,,0,0,Low,0.156
Saint Lucia,2018,LCA,1.855,-8.076,-0.163,10425.025,,,,,,,,,0,0,Low,-0.163
Saint Lucia,2019,LCA,2.725,46.953,0.871,15259.877,,,,,,,,,0,0,Low,0.871
Saint Lucia,2020,LCA,2.296,-15.746,-0.429,12810.415,,,,,,,,,0,0,Low,-0.429
Saint Lucia,2021,LCA,2.443,6.409,0.147,13599.725,,,,,,,,,0,0,Low,0.147
Saint Pierre and Miquelon,1980,SPM,0.624,,,101853.953,,,,,,,,,0,0,Low,0
Saint Pierre and Miquelon,1981,SPM,0.622,-0.273,-0.002,101775.016,,,,,,,,,0,0,Low,-0.002
Saint Pierre and Miquelon,1982,SPM,0.56,-10,-0.062,91747.586,,,,,,,,,0,0,Low,-0.062
Saint Pierre and Miquelon,1983,SPM,0.622,11.111,0.062,101179.266,,,,,,,,,0,0,Low,0.062
Saint Pierre and Miquelon,1984,SPM,0.624,0.274,0.002,100557.188,,,,,,,,,0,0,Low,0.002
Saint Pierre and Miquelon,1985,SPM,0.56,-10.246,-0.064,89561.367,,,,,,,,,0,0,Low,-0.064
Saint Pierre and Miquelon,1986,SPM,0.689,23.101,0.129,109619.938,,,,,,,,,0,0,Low,0.129
Saint Pierre and Miquelon,1987,SPM,0.886,28.556,0.197,140187.719,,,,,,,,,0,0,Low,0.197
Saint Pierre and Miquelon,1988,SPM,0.89,0.433,0.004,140306.531,,,,,,,,,0,0,Low,0.004
Saint Pierre and Miquelon,1989,SPM,1.075,20.73,0.185,169418.406,,,,,,,,,0,0,Low,0.185
Saint Pierre and Miquelon,1990,SPM,1.011,-5.898,-0.063,159376.406,,,,,,,,,0,0,Low,-0.063
Saint Pierre and Miquelon,1991,SPM,0.95,-6.057,-0.061,149041.094,,,,,,,,,0,0,Low,-0.061
Saint Pierre and Miquelon,1992,SPM,0.875,-7.921,-0.075,136763.297,,,,,,,,,0,0,Low,-0.075
Saint Pierre and Miquelon,1993,SPM,0.498,-43.013,-0.376,77609.312,,,,,,,,,0,0,Low,-0.376
Saint Pierre and Miquelon,1994,SPM,0.509,2.066,0.01,79126.555,,,,,,,,,0,0,Low,0.01
Saint Pierre and Miquelon,1995,SPM,0.322,-36.741,-0.187,49984.785,,,,,,,,,0,0,Low,-0.187
Saint Pierre and Miquelon,1996,SPM,0.323,0.264,0.001,50140.258,,,,,,,,,0,0,Low,0.001
Saint Pierre and Miquelon,1997,SPM,0.187,-42.073,-0.136,29139.783,,,,,,,,,0,0,Low,-0.136
Saint Pierre and Miquelon,1998,SPM,0.249,33.333,0.062,39158.258,,,,,,,,,0,0,Low,0.062
Saint Pierre and Miquelon,1999,SPM,0.249,0,0,39443.316,,,,,,,,,0,0,Low,0
Saint Pierre and Miquelon,2000,SPM,0.281,12.888,0.032,44661.23,,,,,,,,,0,0,Low,0.032
Saint Pierre and Miquelon,2001,SPM,0.281,0,0,44782.07,,,,,,,,,0,0,Low,0
Saint Pierre and Miquelon,2002,SPM,0.307,9.052,0.025,48984.074,,,,,,,,,0,0,Low,0.025
Saint Pierre and Miquelon,2003,SPM,0.345,12.581,0.039,55465.438,,,,,,,,,0,0,Low,0.039
Saint Pierre and Miquelon,2004,SPM,0.333,-3.687,-0.013,53783.301,,,,,,,,,0,0,Low,-0.013
Saint Pierre and Miquelon,2005,SPM,0.345,3.828,0.013,56306.234,,,,,,,,,0,0,Low,0.013
Saint Pierre and Miquelon,2006,SPM,0.345,0,0,56582.922,,,,,,,,,0,0,Low,0
Saint Pierre and Miquelon,2007,SPM,0.358,3.687,0.013,58813.465,,,,,,,,,0,0,Low,0.013
Saint Pierre and Miquelon,2008,SPM,0.358,0,0,58861.789,,,,,,,,,0,0,Low,0
Saint Pierre and Miquelon,2009,SPM,0.358,0,0,58939.277,,,,,,,,,0,0,Low,0
Saint Pierre and Miquelon,2010,SPM,0.377,5.152,0.018,61996.32,,,,,,,,,0,0,Low,0.018
Saint Pierre and Miquelon,2011,SPM,0.379,0.67,0.003,62504.328,,,,,,,,,0,0,Low,0.003
Saint Pierre and Miquelon,2012,SPM,0.374,-1.374,-0.005,61828.691,,,,,,,,,0,0,Low,-0.005
Saint Pierre and Miquelon,2013,SPM,0.383,2.388,0.009,63525.68,,,,,,,,,0,0,Low,0.009
Saint Pierre and Miquelon,2014,SPM,0.399,4.215,0.016,66357.25,,,,,,,,,0,0,Low,0.016
Saint Pierre and Miquelon,2015,SPM,0.399,0,0,66489.945,,,,,,,,,0,0,Low,0
Saint Pierre and Miquelon,2016,SPM,0.406,1.813,0.007,67819.867,,,,,,,,,0,0,Low,0.007
Saint Pierre and Miquelon,2017,SPM,0.399,-1.781,-0.007,66723.438,,,,,,,,,0,0,Low,-0.007
Saint Pierre and Miquelon,2018,SPM,0.434,8.802,0.035,72730.234,,,,,,,,,0,0,Low,0.035
Saint Pierre and Miquelon,2019,SPM,0.373,-14.011,-0.061,62718.688,,,,,,,,,0,0,Low,-0.061
Saint Pierre and Miquelon,2020,SPM,0.341,-8.524,-0.032,57585.082,,,,,,,,,0,0,Low,-0.032
Saint Pierre and Miquelon,2021,SPM,0.345,0.967,0.003,58387.957,,,,,,,,,0,0,Low,0.003
Saint Vincent and the Grenadines,1980,VCT,0.225,,,2089.807,,,,,,,,,0,0,Low,0
Saint Vincent and the Grenadines,1981,VCT,0.225,-0.066,0,2074.722,,,,,,,,,0,0,Low,0
Saint Vincent and the Grenadines,1982,VCT,0.228,1.367,0.003,2088.031,,,,,,,,,0,0,Low,0.003
Saint Vincent and the Grenadines,1983,VCT,0.228,0.153,0,2077.672,,,,,,,,,0,0,Low,0
Saint Vincent and the Grenadines,1984,VCT,0.24,5.392,0.012,2176.915,,,,,,,,,0,0,Low,0.012
Saint Vincent and the Grenadines,1985,VCT,0.252,4.921,0.012,2272.068,,,,,,,,,0,0,Low,0.012
Saint Vincent and the Grenadines,1986,VCT,0.231,-8.303,-0.021,2074.416,,,,,,,,,0,0,Low,-0.021
Saint Vincent and the Grenadines,1987,VCT,0.24,3.868,0.009,2147.272,,,,,,,,,0,0,Low,0.009
Saint Vincent and the Grenadines,1988,VCT,0.28,16.471,0.04,2494.049,,,,,,,,,0,0,Low,0.04
Saint Vincent and the Grenadines,1989,VCT,0.388,38.777,0.108,3453.884,,,,,,,,,0,0,Low,0.108
Saint Vincent and the Grenadines,1990,VCT,0.366,-5.612,-0.022,3255.05,,,,,,,,,0,0,Low,-0.022
Saint Vincent and the Grenadines,1991,VCT,0.318,-13.252,-0.049,2816.311,,,,,,,,,0,0,Low,-0.049
Saint Vincent and the Grenadines,1992,VCT,0.402,26.438,0.084,3547.282,,,,,,,,,0,0,Low,0.084
Saint Vincent and the Grenadines,1993,VCT,0.347,-13.509,-0.054,3057.175,,,,,,,,,0,0,Low,-0.054
Saint Vincent and the Grenadines,1994,VCT,0.577,66.032,0.229,5061.373,,,,,,,,,0,0,Low,0.229
Saint Vincent and the Grenadines,1995,VCT,0.633,9.737,0.056,5543.421,,,,,,,,,0,0,Low,0.056
Saint Vincent and the Grenadines,1996,VCT,0.578,-8.668,-0.055,5057.892,,,,,,,,,0,0,Low,-0.055
Saint Vincent and the Grenadines,1997,VCT,0.666,15.286,0.088,5831.607,,,,,,,,,0,0,Low,0.088
Saint Vincent and the Grenadines,1998,VCT,0.73,9.524,0.063,6393.317,,,,,,,,,0,0,Low,0.063
Saint Vincent and the Grenadines,1999,VCT,0.73,0.026,0,6404.435,,,,,,,,,0,0,Low,0
Saint Vincent and the Grenadines,2000,VCT,0.701,-3.984,-0.029,6158.82,,,,,,,,,0,0,Low,-0.029
Saint Vincent and the Grenadines,2001,VCT,0.811,15.731,0.11,7138.917,,,,,,,,,0,0,Low,0.11
Saint Vincent and the Grenadines,2002,VCT,0.877,8.115,0.066,7730.994,,,,,,,,,0,0,Low,0.066
Saint Vincent and the Grenadines,2003,VCT,0.919,4.791,0.042,8126.263,,,,,,,,,0,0,Low,0.042
Saint Vincent and the Grenadines,2004,VCT,1.015,10.458,0.096,9015.828,,,,,,,,,0,0,Low,0.096
Saint Vincent and the Grenadines,2005,VCT,1.019,0.383,0.004,9096.029,,,,,,,,,0,0,Low,0.004
Saint Vincent and the Grenadines,2006,VCT,1.011,-0.802,-0.008,9072.749,,,,,,,,,0,0,Low,-0.008
Saint Vincent and the Grenadines,2007,VCT,1.03,1.9,0.019,9295.734,,,,,,,,,0,0,Low,0.019
Saint Vincent and the Grenadines,2008,VCT,1.031,0.105,0.001,9347.958,,,,,,,,,0,0,Low,0.001
Saint Vincent and the Grenadines,2009,VCT,1.387,34.47,0.356,12625.214,,,,,,,,,0,0,Low,0.356
Saint Vincent and the Grenadines,2010,VCT,1.025,-26.089,-0.362,9376.506,,,,,,,,,0,0,Low,-0.362
Saint Vincent and the Grenadines,2011,VCT,0.95,-7.301,-0.075,8740.024,,,,,,,,,0,0,Low,-0.075
Saint Vincent and the Grenadines,2012,VCT,1.152,21.233,0.202,10656.227,,,,,,,,,0,0,Low,0.202
Saint Vincent and the Grenadines,2013,VCT,0.942,-18.197,-0.21,8768.699,,,,,,,,,0,0,Low,-0.21
Saint Vincent and the Grenadines,2014,VCT,0.971,3.042,0.029,9080.616,,,,,,,,,0,0,Low,0.029
Saint Vincent and the Grenadines,2015,VCT,0.995,2.512,0.024,9347.271,,,,,,,,,0,0,Low,0.024
Saint Vincent and the Grenadines,2016,VCT,0.993,-0.202,-0.002,9374.356,,,,,,,,,0,0,Low,-0.002
Saint Vincent and the Grenadines,2017,VCT,1.144,15.156,0.151,10836.359,,,,,,,,,0,0,Low,0.151
Saint Vincent and the Grenadines,2018,VCT,1.053,-7.968,-0.091,9998.609,,,,,,,,,0,0,Low,-0.091
Saint Vincent and the Grenadines,2019,VCT,0.907,-13.854,-0.146,8642.675,,,,,,,,,0,0,Low,-0.146
Saint Vincent and the Grenadines,2020,VCT,0.815,-10.137,-0.092,7788.496,,,,,,,,,0,0,Low,-0.092
Saint Vincent and the Grenadines,2021,VCT,0.86,5.559,0.045,8245.438,,,,,,,,,0,0,Low,0.045
Samoa,1980,WSM,0.439,,,2659.521,,,,,,,,,0,0,Low,0
Samoa,1981,WSM,0.438,-0.23,-0.001,2632.981,,,,,,,,,0,0,Low,-0.001
Samoa,1982,WSM,0.512,17.087,0.075,3069.979,,,,,,,,,0,0,Low,0.075
Samoa,1983,WSM,0.513,0.045,0,3070.321,,,,,,,,,0,0,Low,0
Samoa,1984,WSM,0.645,25.846,0.132,3867.722,,,,,,,,,0,0,Low,0.132
Samoa,1985,WSM,0.528,-18.205,-0.117,3168.503,,,,,,,,,0,0,Low,-0.117
Samoa,1986,WSM,0.477,-9.527,-0.05,2869.454,,,,,,,,,0,0,Low,-0.05
Samoa,1987,WSM,0.471,-1.312,-0.006,2824.715,,,,,,,,,0,0,Low,-0.006
Samoa,1988,WSM,0.472,0.136,0.001,2817.094,,,,,,,,,0,0,Low,0.001
Samoa,1989,WSM,0.596,26.294,0.124,3548.507,,,,,,,,,0,0,Low,0.124
Samoa,1990,WSM,0.596,-0.03,0,3541.175,,,,,,,,,0,0,Low,0
Samoa,1991,WSM,0.596,0.033,0,3531.631,,,,,,,,,0,0,Low,0
Samoa,1992,WSM,0.556,-6.76,-0.04,3271.491,,,,,,,,,0,0,Low,-0.04
Samoa,1993,WSM,0.61,9.835,0.055,3560.577,,,,,,,,,0,0,Low,0.055
Samoa,1994,WSM,0.61,0.008,0,3524.984,,,,,,,,,0,0,Low,0
Samoa,1995,WSM,0.613,0.49,0.003,3505.88,,,,,,,,,0,0,Low,0.003
Samoa,1996,WSM,0.627,2.25,0.014,3547.958,,,,,,,,,0,0,Low,0.014
Samoa,1997,WSM,0.633,1.02,0.006,3547.566,,,,,,,,,0,0,Low,0.006
Samoa,1998,WSM,0.648,2.334,0.015,3593.414,,,,,,,,,0,0,Low,0.015
Samoa,1999,WSM,0.664,2.361,0.015,3641.292,,,,,,,,,0,0,Low,0.015
Samoa,2000,WSM,0.929,40.083,0.266,5050.979,,,,,,,,,0,0,Low,0.266
Samoa,2001,WSM,0.993,6.849,0.064,5352.696,,,,,,,,,0,0,Low,0.064
Samoa,2002,WSM,1.049,5.59,0.056,5618.493,,,,,,,,,0,0,Low,0.056
Samoa,2003,WSM,1.058,0.88,0.009,5643.448,,,,,,,,,0,0,Low,0.009
Samoa,2004,WSM,1.058,0.004,0,5624.824,,,,,,,,,0,0,Low,0
Samoa,2005,WSM,1.071,1.252,0.013,5678.59,,,,,,,,,0,0,Low,0.013
Samoa,2006,WSM,1.107,3.33,0.036,5844.477,,,,,,,,,0,0,Low,0.036
Samoa,2007,WSM,1.181,6.723,0.074,6201.184,,,,,,,,,0,0,Low,0.074
Samoa,2008,WSM,1.212,2.581,0.03,6318.109,,,,,,,,,0,0,Low,0.03
Samoa,2009,WSM,1.268,4.653,0.056,6564.24,,,,,,,,,0,0,Low,0.056
Samoa,2010,WSM,1.266,-0.206,-0.003,6500.349,,,,,,,,,0,0,Low,-0.003
Samoa,2011,WSM,1.281,1.193,0.015,6521.698,,,,,,,,,0,0,Low,0.015
Samoa,2012,WSM,1.24,-3.207,-0.041,6256.255,,,,,,,,,0,0,Low,-0.041
Samoa,2013,WSM,1.203,-2.946,-0.037,6016.645,,,,,,,,,0,0,Low,-0.037
Samoa,2014,WSM,1.223,1.67,0.02,6062.045,,,,,,,,,0,0,Low,0.02
Samoa,2015,WSM,1.419,16.039,0.196,6971.546,,,,,,,,,0,0,Low,0.196
Samoa,2016,WSM,1.512,6.551,0.093,7356.927,,,,,,,,,0,0,Low,0.093
Samoa,2017,WSM,1.526,0.887,0.013,7347.693,,,,,,,,,0,0,Low,0.013
Samoa,2018,WSM,1.514,-0.788,-0.012,7217.726,,,,,,,,,0,0,Low,-0.012
Samoa,2019,WSM,1.631,7.772,0.118,7697.959,,,,,,,,,0,0,Low,0.118
Samoa,2020,WSM,1.552,-4.844,-0.079,7222.19,,,,,,,,,0,0,Low,-0.079
Samoa,2021,WSM,1.598,2.916,0.045,7302.089,,,,,,,,,0,0,Low,0.045
Sao Tome and Principe,1980,STP,0.14,,,1444.145,,,,,,,,,0,0,Low,0
Sao Tome and Principe,1981,STP,0.14,-0.137,0,1413.657,,,,,,,,,0,0,Low,0
Sao Tome and Principe,1982,STP,0.143,2.187,0.003,1419.339,,,,,,,,,0,0,Low,0.003
Sao Tome and Principe,1983,STP,0.137,-4.196,-0.006,1337.074,,,,,,,,,0,0,Low,-0.006
Sao Tome and Principe,1984,STP,0.144,4.592,0.006,1373.724,,,,,,,,,0,0,Low,0.006
Sao Tome and Principe,1985,STP,0.143,-0.215,0,1343.641,,,,,,,,,0,0,Low,0
Sao Tome and Principe,1986,STP,0.153,6.637,0.01,1401.865,,,,,,,,,0,0,Low,0.01
Sao Tome and Principe,1987,STP,0.156,1.962,0.003,1395.456,,,,,,,,,0,0,Low,0.003
Sao Tome and Principe,1988,STP,0.156,0.069,0,1361.041,,,,,,,,,0,0,Low,0
Sao Tome and Principe,1989,STP,0.156,-0.049,0,1326.441,,,,,,,,,0,0,Low,0
Sao Tome and Principe,1990,STP,0.28,79.942,0.125,2329.375,,,,,,,,,0,0,Low,0.125
Sao Tome and Principe,1991,STP,0.296,5.424,0.015,2400.937,,,,,,,,,0,0,Low,0.015
Sao Tome and Principe,1992,STP,0.296,0.152,0,2355.555,,,,,,,,,0,0,Low,0
Sao Tome and Principe,1993,STP,0.295,-0.252,-0.001,2303.21,,,,,,,,,0,0,Low,-0.001
Sao Tome and Principe,1994,STP,0.358,21.109,0.062,2736.376,,,,,,,,,0,0,Low,0.062
Sao Tome and Principe,1995,STP,0.358,-0.003,0,2686.655,,,,,,,,,0,0,Low,0
Sao Tome and Principe,1996,STP,0.358,0.253,0.001,2647.133,,,,,,,,,0,0,Low,0.001
Sao Tome and Principe,1997,STP,0.357,-0.317,-0.001,2595.629,,,,,,,,,0,0,Low,-0.001
Sao Tome and Principe,1998,STP,0.354,-0.847,-0.003,2534.456,,,,,,,,,0,0,Low,-0.003
Sao Tome and Principe,1999,STP,0.36,1.71,0.006,2541.055,,,,,,,,,0,0,Low,0.006
Sao Tome and Principe,2000,STP,0.292,-18.956,-0.068,2032.075,,,,,,,,,0,0,Low,-0.068
Sao Tome and Principe,2001,STP,0.273,-6.555,-0.019,1865.868,,,,,,,,,0,0,Low,-0.019
Sao Tome and Principe,2002,STP,0.309,13.177,0.036,2061.275,,,,,,,,,0,0,Low,0.036
Sao Tome and Principe,2003,STP,0.344,11.407,0.035,2237.827,,,,,,,,,0,0,Low,0.035
Sao Tome and Principe,2004,STP,0.389,13.125,0.045,2468.292,,,,,,,,,0,0,Low,0.045
Sao Tome and Principe,2005,STP,0.411,5.705,0.022,2544.832,,,,,,,,,0,0,Low,0.022
Sao Tome and Principe,2006,STP,0.438,6.354,0.026,2640.534,,,,,,,,,0,0,Low,0.026
Sao Tome and Principe,2007,STP,0.455,4.054,0.018,2680.95,,,,,,,,,0,0,Low,0.018
Sao Tome and Principe,2008,STP,0.491,7.9,0.036,2823.587,,,,,,,,,0,0,Low,0.036
Sao Tome and Principe,2009,STP,0.522,6.318,0.031,2932.456,,,,,,,,,0,0,Low,0.031
Sao Tome and Principe,2010,STP,0.563,7.75,0.04,3090.176,,,,,,,,,0,0,Low,0.04
Sao Tome and Principe,2011,STP,0.583,3.493,0.02,3131.022,,,,,,,,,0,0,Low,0.02
Sao Tome and Principe,2012,STP,0.616,5.659,0.033,3240.677,,,,,,,,,0,0,Low,0.033
Sao Tome and Principe,2013,STP,0.616,0.007,0,3176.864,,,,,,,,,0,0,Low,0
Sao Tome and Principe,2014,STP,0.616,-0.009,0,3116.335,,,,,,,,,0,0,Low,0
Sao Tome and Principe,2015,STP,0.644,4.575,0.028,3200.083,,,,,,,,,0,0,Low,0.028
Sao Tome and Principe,2016,STP,0.665,3.308,0.021,3249.416,,,,,,,,,0,0,Low,0.021
Sao Tome and Principe,2017,STP,0.676,1.699,0.011,3250.473,,,,,,,,,0,0,Low,0.011
Sao Tome and Principe,2018,STP,0.666,-1.559,-0.011,3149.711,,,,,,,,,0,0,Low,-0.011
Sao Tome and Principe,2019,STP,0.734,10.205,0.068,3418.495,,,,,,,,,0,0,Low,0.068
Sao Tome and Principe,2020,STP,0.701,-4.409,-0.032,3207.423,,,,,,,,,0,0,Low,-0.032
Sao Tome and Principe,2021,STP,0.739,5.315,0.037,3310.244,,,,,,,,,0,0,Low,0.037
Saudi Arabia,1965,SAU,235.14,,,47226.98,,,47226.98,100,,,0,0,0,0,Low,0
Saudi Arabia,1966,SAU,238.322,1.353,3.182,46068.148,1.353,3.182,46068.148,100,,0,0,0,0,0,Low,3.182
Saudi Arabia,1967,SAU,241.765,1.445,3.443,44929.09,1.445,3.443,44929.09,100,,0,0,0,0,0,Low,3.443
Saudi Arabia,1968,SAU,245.518,1.552,3.753,43806.656,1.552,3.753,43806.656,100,,0,0,0,0,0,Low,3.753
Saudi Arabia,1969,SAU,249.663,1.688,4.145,42714.961,1.688,4.145,42714.965,100,,0,0,0,0,0,Low,4.145
Saudi Arabia,1970,SAU,262.855,5.284,13.193,43047.359,5.284,13.193,43047.359,100,,0,0,0,0,0,Low,13.193
Saudi Arabia,1971,SAU,263.272,0.158,0.416,41157.68,0.158,0.416,41157.68,100,,0,0,0,0,0,Low,0.416
Saudi Arabia,1972,SAU,282.169,7.178,18.897,41962.844,7.178,18.897,41962.848,100,,0,0,0,0,0,Low,18.897
Saudi Arabia,1973,SAU,301,6.674,18.831,42461.609,6.674,18.831,42461.609,100,,0,0,0,0,0,Low,18.831
Saudi Arabia,1974,SAU,319.354,6.097,18.353,42674.32,6.097,18.353,42674.32,100,,0,0,0,0,0,Low,18.353
Saudi Arabia,1975,SAU,253.261,-20.696,-66.093,32068.316,-20.696,-66.093,32068.314,100,,0,0,0,0,0,Low,-66.093
Saudi Arabia,1976,SAU,292.794,15.61,39.533,35193.492,15.61,39.533,35193.488,100,,0,0,0,0,0,Low,39.533
Saudi Arabia,1977,SAU,345.762,18.091,52.968,39492.141,18.091,52.968,39492.141,100,,0,0,0,0,0,Low,52.968
Saudi Arabia,1978,SAU,385.336,11.445,39.573,41836.266,11.445,39.573,41836.262,100,,0,0,0,0,0,Low,39.573
Saudi Arabia,1979,SAU,466.843,21.152,81.508,48217.637,21.152,81.508,48217.637,100,,0,0,0,0,0,Low,81.508
Saudi Arabia,1980,SAU,419.916,-10.052,-46.927,41282.754,-10.052,-46.927,41282.754,100,,0,0,0,0,0,Low,-46.927
Saudi Arabia,1981,SAU,501.237,19.366,81.32,46940.105,19.366,81.32,46940.109,100,,0,0,0,0,0,Low,81.32
Saudi Arabia,1982,SAU,551.853,10.098,50.616,49267.5,10.098,50.616,49267.5,100,,0,0,0,0,0,Low,50.616
Saudi Arabia,1983,SAU,597.982,8.359,46.129,50909.34,8.359,46.129,50909.34,100,,0,0,0,0,0,Low,46.129
Saudi Arabia,1984,SAU,715.298,19.619,117.316,58105.363,19.619,117.316,58105.355,100,,0,0,0,0,0,Low,117.316
Saudi Arabia,1985,SAU,729.734,2.018,14.436,56611.297,2.018,14.436,56611.297,100,,0,0,0,0,0,Low,14.436
Saudi Arabia,1986,SAU,784.659,7.527,54.925,58194.637,7.527,54.925,58194.633,100,,0,0,0,0,0,Low,54.925
Saudi Arabia,1987,SAU,831.738,6,47.079,59031.215,6,47.079,59031.215,100,,0,0,0,0,0,Low,47.079
Saudi Arabia,1988,SAU,870.275,4.633,38.536,59147.156,4.633,38.536,59147.156,100,,0,0,0,0,0,Low,38.536
Saudi Arabia,1989,SAU,856.545,-1.578,-13.729,55789.254,-1.578,-13.729,55789.254,100,,0,0,0,0,0,Low,-13.729
Saudi Arabia,1990,SAU,928.337,8.382,71.792,58003.781,8.382,71.792,58003.781,100,,0,0,0,0,0,Low,71.792
Saudi Arabia,1991,SAU,972.452,4.752,44.115,58390.523,4.752,44.115,58390.523,100,,0,0,0,0,0,Low,44.115
Saudi Arabia,1992,SAU,981.756,0.957,9.304,56810.156,0.957,9.304,56810.156,100,,0,0,0,0,0,Low,9.304
Saudi Arabia,1993,SAU,1002.85,2.149,21.094,56193.195,2.149,21.094,56193.191,100,,0,0,0,0,0,Low,21.094
Saudi Arabia,1994,SAU,1159.58,15.628,156.73,63132.098,15.628,156.73,63132.09,100,,0,0,0,0,0,Low,156.73
Saudi Arabia,1995,SAU,1130.006,-2.55,-29.575,59823.926,-2.55,-29.574,59823.926,100,,0,0,0,0,0,Low,-29.575
Saudi Arabia,1996,SAU,1168.553,3.411,38.547,60202.789,3.411,38.547,60202.789,100,,0,0,0,0,0,Low,38.547
Saudi Arabia,1997,SAU,1190.249,1.857,21.696,59696.375,1.857,21.696,59696.375,100,,0,0,0,0,0,Low,21.696
Saudi Arabia,1998,SAU,1252.577,5.237,62.328,61183.16,5.237,62.328,61183.16,100,,0,0,0,0,0,Low,62.328
Saudi Arabia,1999,SAU,1275.43,1.824,22.853,60706.832,1.825,22.853,60706.84,100,,0,0,0,0,0,Low,22.853
Saudi Arabia,2000,SAU,1334.88,4.661,59.449,61950.852,4.661,59.449,61950.852,,,,,,0,0,Low,59.449
Saudi Arabia,2001,SAU,1422.332,6.551,87.453,64399.926,6.551,87.453,64399.922,,,,,,0,0,Low,87.453
Saudi Arabia,2002,SAU,1481.383,4.152,59.05,65480.074,4.152,59.05,65480.074,,,,,,0,0,Low,59.05
Saudi Arabia,2003,SAU,1569.191,5.927,87.808,67781.141,5.927,87.808,67781.133,,,,,,0,0,Low,87.808
Saudi Arabia,2004,SAU,1702.448,8.492,133.257,71949.188,8.492,133.257,71949.188,,,,,,0,0,Low,133.257
Saudi Arabia,2005,SAU,1811.106,6.382,108.658,74232.789,6.382,108.658,74232.797,,,,,,0,0,Low,108.658
Saudi Arabia,2006,SAU,1900.17,4.918,89.064,74860.328,4.918,89.064,74860.328,,,,,,0,0,Low,89.064
Saudi Arabia,2007,SAU,1944.057,2.31,43.887,73638.344,2.31,43.887,73638.336,,,,,,0,0,Low,43.887
Saudi Arabia,2008,SAU,2128.464,9.486,184.407,77575.414,9.486,184.405,77575.352,,,,,,0,0,Low,184.407
Saudi Arabia,2009,SAU,2205.138,3.602,76.674,77417.273,3.602,76.674,77417.219,,,,,,0,0,Low,76.674
Saudi Arabia,2010,SAU,2451.107,11.154,245.969,83337.156,11.154,245.959,83336.766,,,,,,0,0,Low,245.969
Saudi Arabia,2011,SAU,2557.291,4.332,106.184,84816.25,4.332,106.181,84815.758,,,,,,0,0,Low,106.184
Saudi Arabia,2012,SAU,2714.21,6.136,156.92,88062.086,6.134,156.864,88059.805,,,,,,0,0,Low,156.92
Saudi Arabia,2013,SAU,2731.22,0.627,17.01,86753.602,0.625,16.964,86749.922,,,,,,0,0,Low,17.01
Saudi Arabia,2014,SAU,2931.717,7.341,200.497,91258.062,7.341,200.488,91254.188,,,,,,0,0,Low,200.497
Saudi Arabia,2015,SAU,3056.625,4.261,124.908,93332.539,4.261,124.909,93328.758,,,,,,0,0,Low,124.908
Saudi Arabia,2016,SAU,3179.844,4.031,123.219,95158.547,4.031,123.219,95154.875,,,,,,0,0,Low,123.219
Saudi Arabia,2017,SAU,3181.819,0.062,1.975,93054.375,0.06,1.912,93048.93,,,,,,0,0,Low,1.975
Saudi Arabia,2018,SAU,3101.677,-2.519,-80.142,88573.469,-2.527,-80.391,88561.055,,,,,,0,0,Low,-80.142
Saudi Arabia,2019,SAU,2967.379,-4.33,-134.298,82824.383,-4.334,-134.423,82808.75,,,,,,0,0,Low,-134.298
Saudi Arabia,2020,SAU,2886.411,-2.729,-80.968,80184.539,-2.729,-80.967,80169,,,,,,0,0,Low,-80.968
Saudi Arabia,2021,SAU,2981.917,3.309,95.505,82945.312,3.253,93.877,82884.453,,,,,,0,0,Low,95.505
Senegal,1980,SEN,10.246,,,1796.242,,,,,,,,,0,0,Low,0
Senegal,1981,SEN,10.218,-0.273,-0.028,1745.983,,,,,,,,,0,0,Low,-0.028
Senegal,1982,SEN,10.218,0,0,1700.545,,,,,,,,,0,0,Low,0
Senegal,1983,SEN,9.617,-5.882,-0.601,1558.116,,,,,,,,,0,0,Low,-0.601
Senegal,1984,SEN,12.054,25.342,2.437,1900.654,,,,,,,,,0,0,Low,2.437
Senegal,1985,SEN,11.42,-5.26,-0.634,1751.283,,,,,,,,,0,0,Low,-0.634
Senegal,1986,SEN,11.72,2.632,0.301,1746.433,,,,,,,,,0,0,Low,0.301
Senegal,1987,SEN,11.862,1.207,0.141,1716.621,,,,,,,,,0,0,Low,0.141
Senegal,1988,SEN,10.168,-14.281,-1.694,1429.315,,,,,,,,,0,0,Low,-1.694
Senegal,1989,SEN,10.511,3.377,0.343,1435.574,,,,,,,,,0,0,Low,0.343
Senegal,1990,SEN,10.639,1.218,0.128,1411.758,,,,,,,,,0,0,Low,0.128
Senegal,1991,SEN,9.824,-7.665,-0.815,1266.849,,,,,,,,,0,0,Low,-0.815
Senegal,1992,SEN,11.899,21.132,2.076,1492.184,,,,,,,,,0,0,Low,2.076
Senegal,1993,SEN,12.407,4.267,0.508,1513.709,,,,,,,,,0,0,Low,0.508
Senegal,1994,SEN,14.965,20.619,2.558,1777.997,,,,,,,,,0,0,Low,2.558
Senegal,1995,SEN,16.198,8.234,1.232,1876.318,,,,,,,,,0,0,Low,1.232
Senegal,1996,SEN,16.336,0.856,0.139,1847.276,,,,,,,,,0,0,Low,0.139
Senegal,1997,SEN,14.921,-8.662,-1.415,1648.463,,,,,,,,,0,0,Low,-1.415
Senegal,1998,SEN,15.876,6.398,0.955,1714.163,,,,,,,,,0,0,Low,0.955
Senegal,1999,SEN,17.482,10.118,1.606,1844.373,,,,,,,,,0,0,Low,1.606
Senegal,2000,SEN,19.907,13.874,2.425,2051.405,,,,,,,,,0,0,Low,2.425
Senegal,2001,SEN,21.695,8.978,1.787,2183.01,,,,,,,,,0,0,Low,1.787
Senegal,2002,SEN,22.512,3.768,0.817,2211.216,,,,,,,,,0,0,Low,0.817
Senegal,2003,SEN,22.696,0.816,0.184,2175.09,,,,,,,,,0,0,Low,0.184
Senegal,2004,SEN,24.011,5.795,1.315,2244.305,,,,,,,,,0,0,Low,1.315
Senegal,2005,SEN,24.914,3.76,0.903,2270.258,,,,,,,,,0,0,Low,0.903
Senegal,2006,SEN,24.466,-1.797,-0.448,2172.189,,,,,,,,,0,0,Low,-0.448
Senegal,2007,SEN,26.382,7.829,1.915,2281.383,,,,,,,,,0,0,Low,1.915
Senegal,2008,SEN,27.041,2.498,0.659,2277.513,,,,,,,,,0,0,Low,0.659
Senegal,2009,SEN,25.887,-4.266,-1.154,2122.77,,,,,,,,,0,0,Low,-1.154
Senegal,2010,SEN,26.842,3.689,0.955,2142.207,,,,,,,,,0,0,Low,0.955
Senegal,2011,SEN,28.12,4.761,1.278,2183.928,,,,,,,,,0,0,Low,1.278
Senegal,2012,SEN,27.67,-1.602,-0.45,2091.133,,,,,,,,,0,0,Low,-0.45
Senegal,2013,SEN,28.786,4.034,1.116,2117.29,,,,,,,,,0,0,Low,1.116
Senegal,2014,SEN,31.948,10.984,3.162,2286.819,,,,,,,,,0,0,Low,3.162
Senegal,2015,SEN,37.052,15.976,5.104,2580.883,,,,,,,,,0,0,Low,5.104
Senegal,2016,SEN,35.844,-3.259,-1.207,2429.892,,,,,,,,,0,0,Low,-1.207
Senegal,2017,SEN,38.04,6.126,2.196,2509.597,,,,,,,,,0,0,Low,2.196
Senegal,2018,SEN,39.586,4.064,1.546,2541.635,,,,,,,,,0,0,Low,1.546
Senegal,2019,SEN,44.056,11.294,4.471,2753.391,,,,,,,,,0,0,Low,4.471
Senegal,2020,SEN,41.623,-5.523,-2.433,2532.413,,,,,,,,,0,0,Low,-2.433
Senegal,2021,SEN,42.28,1.578,0.657,2505.209,,,,,,,,,0,0,Low,0.657
Serbia,2006,SRB,205.23,,,26329.176,,,,,,,,,0,0,Low,0
Serbia,2007,SRB,204.417,-0.397,-0.814,26348.527,,,,,,,,,0,0,Low,-0.814
Serbia,2008,SRB,203.662,-0.369,-0.755,26371.516,,,,,,,,,0,0,Low,-0.755
Serbia,2009,SRB,194.435,-4.531,-9.227,25290.535,,,,,,,,,0,0,Low,-9.227
Serbia,2010,SRB,200.621,3.182,6.187,26212.141,,,,,,,,,0,0,Low,6.187
Serbia,2011,SRB,202.774,1.073,2.153,26607.537,,,,,,,,,0,0,Low,2.153
Serbia,2012,SRB,190.979,-5.817,-11.795,25157.438,,,,,,,,,0,0,Low,-11.795
Serbia,2013,SRB,190.347,-0.331,-0.632,25155.992,,,,,,,,,0,0,Low,-0.632
Serbia,2014,SRB,169.549,-10.926,-20.798,22474.787,,,,,,,,,0,0,Low,-20.798
Serbia,2015,SRB,187.723,10.719,18.174,24964.811,,,,,,,,,0,0,Low,18.174
Serbia,2016,SRB,192.316,2.447,4.593,25665.121,,,,,,,,,0,0,Low,4.593
Serbia,2017,SRB,196.767,2.314,4.451,26359.041,,,,,,,,,0,0,Low,4.451
Serbia,2018,SRB,196.858,0.046,0.091,26481.451,,,,,,,,,0,0,Low,0.091
Serbia,2019,SRB,196.889,0.015,0.03,26602.787,,,,,,,,,0,0,Low,0.03
Serbia,2020,SRB,192.868,-2.042,-4.021,26211.984,,,,,,,,,0,0,Low,-4.021
Serbia,2021,SRB,201.689,4.574,8.821,27640.852,,,,,,,,,0,0,Low,8.821
Seychelles,1980,SYC,0.939,,,14380.289,,,,,,,,,0,0,Low,0
Seychelles,1981,SYC,0.749,-20.219,-0.19,11361.291,,,,,,,,,0,0,Low,-0.19
Seychelles,1982,SYC,0.687,-8.333,-0.062,10335.843,,,,,,,,,0,0,Low,-0.062
Seychelles,1983,SYC,1.186,72.727,0.5,17739.104,,,,,,,,,0,0,Low,0.5
Seychelles,1984,SYC,1.252,5.552,0.066,18589.367,,,,,,,,,0,0,Low,0.066
Seychelles,1985,SYC,1.311,4.713,0.059,19324.648,,,,,,,,,0,0,Low,0.059
Seychelles,1986,SYC,1.246,-5.004,-0.066,18226.238,,,,,,,,,0,0,Low,-0.066
Seychelles,1987,SYC,1.316,5.609,0.07,19086.012,,,,,,,,,0,0,Low,0.07
Seychelles,1988,SYC,1.942,47.637,0.627,27902.75,,,,,,,,,0,0,Low,0.627
Seychelles,1989,SYC,2.021,4.058,0.079,28723.613,,,,,,,,,0,0,Low,0.079
Seychelles,1990,SYC,1.805,-10.689,-0.216,25396.039,,,,,,,,,0,0,Low,-0.216
Seychelles,1991,SYC,2.047,13.385,0.242,28514.443,,,,,,,,,0,0,Low,0.242
Seychelles,1992,SYC,2.029,-0.848,-0.017,28014.289,,,,,,,,,0,0,Low,-0.017
Seychelles,1993,SYC,2.086,2.804,0.057,28554.627,,,,,,,,,0,0,Low,0.057
Seychelles,1994,SYC,2.086,0,0,28243.035,,,,,,,,,0,0,Low,0
Seychelles,1995,SYC,2.16,3.523,0.073,28889.998,,,,,,,,,0,0,Low,0.073
Seychelles,1996,SYC,2.165,0.266,0.006,28653.697,,,,,,,,,0,0,Low,0.006
Seychelles,1997,SYC,2.294,5.918,0.128,29959.361,,,,,,,,,0,0,Low,0.128
Seychelles,1998,SYC,2.294,0,0,29523.949,,,,,,,,,0,0,Low,0
Seychelles,1999,SYC,2.294,0,0,29087.789,,,,,,,,,0,0,Low,0
Seychelles,2000,SYC,3.761,63.982,1.467,46969.09,,,,,,,,,0,0,Low,1.467
Seychelles,2001,SYC,4.046,7.57,0.285,49775.703,,,,,,,,,0,0,Low,0.285
Seychelles,2002,SYC,3.523,-12.922,-0.523,42728.844,,,,,,,,,0,0,Low,-0.523
Seychelles,2003,SYC,3.514,-0.246,-0.009,42029.832,,,,,,,,,0,0,Low,-0.009
Seychelles,2004,SYC,4.905,39.573,1.391,57886.984,,,,,,,,,0,0,Low,1.391
Seychelles,2005,SYC,4.468,-8.911,-0.437,52008.223,,,,,,,,,0,0,Low,-0.437
Seychelles,2006,SYC,4.747,6.243,0.279,54491.801,,,,,,,,,0,0,Low,0.279
Seychelles,2007,SYC,3.902,-17.788,-0.844,44175.785,,,,,,,,,0,0,Low,-0.844
Seychelles,2008,SYC,4.254,9.009,0.352,47446.145,,,,,,,,,0,0,Low,0.352
Seychelles,2009,SYC,4.637,9.002,0.383,50930.008,,,,,,,,,0,0,Low,0.383
Seychelles,2010,SYC,4.193,-9.566,-0.444,45371.336,,,,,,,,,0,0,Low,-0.444
Seychelles,2011,SYC,3.601,-14.136,-0.593,38368.945,,,,,,,,,0,0,Low,-0.593
Seychelles,2012,SYC,4.143,15.065,0.542,43465.02,,,,,,,,,0,0,Low,0.542
Seychelles,2013,SYC,3.742,-9.673,-0.401,38688.062,,,,,,,,,0,0,Low,-0.401
Seychelles,2014,SYC,4.376,16.945,0.634,44650.082,,,,,,,,,0,0,Low,0.634
Seychelles,2015,SYC,4.536,3.64,0.159,45695.203,,,,,,,,,0,0,Low,0.159
Seychelles,2016,SYC,5.05,11.346,0.515,50241.48,,,,,,,,,0,0,Low,0.515
Seychelles,2017,SYC,5.267,4.282,0.216,51720.438,,,,,,,,,0,0,Low,0.216
Seychelles,2018,SYC,4.672,-11.287,-0.594,45307.637,,,,,,,,,0,0,Low,-0.594
Seychelles,2019,SYC,4.778,2.277,0.106,45777.125,,,,,,,,,0,0,Low,0.106
Seychelles,2020,SYC,4.613,-3.47,-0.166,43703.281,,,,,,,,,0,0,Low,-0.166
Seychelles,2021,SYC,4.891,6.041,0.279,45933.664,,,,,,,,,0,0,Low,0.279
Sierra Leone,1980,SLE,3.139,,,932.11,,,,,,,,,0,0,Low,0
Sierra Leone,1981,SLE,3.13,-0.273,-0.009,910.733,,,,,,,,,0,0,Low,-0.009
Sierra Leone,1982,SLE,3.381,8,0.25,963.385,,,,,,,,,0,0,Low,0.25
Sierra Leone,1983,SLE,3.13,-7.407,-0.25,872.973,,,,,,,,,0,0,Low,-0.25
Sierra Leone,1984,SLE,3.139,0.274,0.009,856.149,,,,,,,,,0,0,Low,0.009
Sierra Leone,1985,SLE,3.443,9.699,0.304,918.359,,,,,,,,,0,0,Low,0.304
Sierra Leone,1986,SLE,3.635,5.576,0.192,945.979,,,,,,,,,0,0,Low,0.192
Sierra Leone,1987,SLE,3.983,9.576,0.348,1009.012,,,,,,,,,0,0,Low,0.348
Sierra Leone,1988,SLE,4.334,8.802,0.351,1068.496,,,,,,,,,0,0,Low,0.351
Sierra Leone,1989,SLE,4.215,-2.754,-0.119,1013.355,,,,,,,,,0,0,Low,-0.119
Sierra Leone,1990,SLE,4.277,1.479,0.062,988.821,,,,,,,,,0,0,Low,0.062
Sierra Leone,1991,SLE,4.531,5.933,0.254,1034.863,,,,,,,,,0,0,Low,0.254
Sierra Leone,1992,SLE,3.275,-27.718,-1.256,761.341,,,,,,,,,0,0,Low,-1.256
Sierra Leone,1993,SLE,3.27,-0.164,-0.005,761.136,,,,,,,,,0,0,Low,-0.005
Sierra Leone,1994,SLE,3.104,-5.074,-0.166,719.288,,,,,,,,,0,0,Low,-0.166
Sierra Leone,1995,SLE,3.569,15.007,0.466,825.471,,,,,,,,,0,0,Low,0.466
Sierra Leone,1996,SLE,3.517,-1.469,-0.052,808.997,,,,,,,,,0,0,Low,-0.052
Sierra Leone,1997,SLE,3.697,5.129,0.18,839.361,,,,,,,,,0,0,Low,0.18
Sierra Leone,1998,SLE,3.697,0,0,830.887,,,,,,,,,0,0,Low,0
Sierra Leone,1999,SLE,3.697,0,0,826.213,,,,,,,,,0,0,Low,0
Sierra Leone,2000,SLE,1.876,-49.259,-1.821,409.267,,,,,,,,,0,0,Low,-1.821
Sierra Leone,2001,SLE,2.354,25.484,0.478,484.695,,,,,,,,,0,0,Low,0.478
Sierra Leone,2002,SLE,2.369,0.616,0.015,460.83,,,,,,,,,0,0,Low,0.015
Sierra Leone,2003,SLE,2.433,2.732,0.065,454.77,,,,,,,,,0,0,Low,0.065
Sierra Leone,2004,SLE,2.428,-0.215,-0.005,438.832,,,,,,,,,0,0,Low,-0.005
Sierra Leone,2005,SLE,2.199,-9.432,-0.229,386.952,,,,,,,,,0,0,Low,-0.229
Sierra Leone,2006,SLE,2.661,20.994,0.462,457.998,,,,,,,,,0,0,Low,0.462
Sierra Leone,2007,SLE,2.513,-5.555,-0.148,423.133,,,,,,,,,0,0,Low,-0.148
Sierra Leone,2008,SLE,2.473,-1.613,-0.041,405.939,,,,,,,,,0,0,Low,-0.041
Sierra Leone,2009,SLE,2.482,0.402,0.01,396.569,,,,,,,,,0,0,Low,0.01
Sierra Leone,2010,SLE,2.95,18.824,0.467,458.273,,,,,,,,,0,0,Low,0.467
Sierra Leone,2011,SLE,3.734,26.578,0.784,564.663,,,,,,,,,0,0,Low,0.784
Sierra Leone,2012,SLE,4.146,11.04,0.412,610.724,,,,,,,,,0,0,Low,0.412
Sierra Leone,2013,SLE,4.825,16.367,0.679,692.696,,,,,,,,,0,0,Low,0.679
Sierra Leone,2014,SLE,5.306,9.97,0.481,743,,,,,,,,,0,0,Low,0.481
Sierra Leone,2015,SLE,4.335,-18.294,-0.971,592.628,,,,,,,,,0,0,Low,-0.971
Sierra Leone,2016,SLE,4.433,2.257,0.098,591.517,,,,,,,,,0,0,Low,0.098
Sierra Leone,2017,SLE,4.405,-0.635,-0.028,573.704,,,,,,,,,0,0,Low,-0.028
Sierra Leone,2018,SLE,4.467,1.405,0.062,568.166,,,,,,,,,0,0,Low,0.062
Sierra Leone,2019,SLE,4.128,-7.578,-0.338,513.004,,,,,,,,,0,0,Low,-0.338
Sierra Leone,2020,SLE,3.957,-4.152,-0.171,480.527,,,,,,,,,0,0,Low,-0.171
Sierra Leone,2021,SLE,4.148,4.836,0.191,492.598,,,,,,,,,0,0,Low,0.191
Singapore,1965,SGP,47.888,,,25737.217,,,,,,,0,,0,0,Low,0
Singapore,1966,SGP,54.744,14.316,6.856,28708.969,,,,,,0,0,,0,0,Low,6.856
Singapore,1967,SGP,65.756,20.116,11.012,33716.09,,,,,,0,0,,0,0,Low,11.012
Singapore,1968,SGP,81.735,24.3,15.979,41058.598,,,,,,0,0,,0,0,Low,15.979
Singapore,1969,SGP,80.319,-1.732,-1.416,39616.273,,,,,,0,0,,0,0,Low,-1.416
Singapore,1970,SGP,87.205,8.574,6.887,42295.07,,,,,,0,0,,0,0,Low,6.887
Singapore,1971,SGP,75.698,-13.196,-11.507,36117,,,,,,0,0,,0,0,Low,-11.507
Singapore,1972,SGP,94.788,25.218,19.09,44468.352,,,,,,0,0,,0,0,Low,19.09
Singapore,1973,SGP,89.327,-5.761,-5.461,41195.285,,,,,,0,0,,0,0,Low,-5.461
Singapore,1974,SGP,88.059,-1.42,-1.268,39984.215,,,,,,0,0,,0,0,Low,-1.268
Singapore,1975,SGP,85.986,-2.354,-2.073,38516.688,,,,,,0,0,,0,0,Low,-2.073
Singapore,1976,SGP,101.992,18.615,16.006,45090.348,,,,,,0,0,,0,0,Low,16.006
Singapore,1977,SGP,102.375,0.375,0.383,44662.777,,,,,,0,0,,0,0,Low,0.383
Singapore,1978,SGP,105.374,2.929,2.999,45356.02,,,,,,0,0,,0,0,Low,2.999
Singapore,1979,SGP,112.333,6.605,6.96,47634.465,,,,,,0,0,,0,0,Low,6.96
Singapore,1980,SGP,111.571,-0.678,-0.762,46473.77,,,,,,0,0,,0,0,Low,-0.762
Singapore,1981,SGP,128.36,15.047,16.789,52354.789,,,,,,0,0,,0,0,Low,16.789
Singapore,1982,SGP,124.894,-2.7,-3.466,49813.555,,,,,,0,0,,0,0,Low,-3.466
Singapore,1983,SGP,132.312,5.939,7.418,51587.984,,,,,,0,0,,0,0,Low,7.418
Singapore,1984,SGP,139.103,5.133,6.791,53004.059,,,,,,0,0,,0,0,Low,6.791
Singapore,1985,SGP,141.894,2.007,2.791,52827.371,,,,,,0,0,,0,0,Low,2.791
Singapore,1986,SGP,164.756,16.112,22.862,59917.023,,,,,,0.271,98.678,,0.011853731,1.185373108,Low,22.591
Singapore,1987,SGP,173.237,5.147,8.481,61546.059,,,,,0,0,96.398,,0,0,Low,8.481
Singapore,1988,SGP,200.43,15.697,27.193,69581.312,,,,,0,0,94.198,,0,0,Low,27.193
Singapore,1989,SGP,228.538,14.024,28.108,77583.523,,,,,0,0,92.113,,0,0,Low,28.108
Singapore,1990,SGP,273.104,19.501,44.566,90365.281,,,,,0,0,89.781,,0,0,Low,44.566
Singapore,1991,SGP,278.315,1.908,5.211,89185.586,,,,,188.235,0.511,250.62,,0.098061792,9.806179236,Low,4.7
Singapore,1992,SGP,298.587,7.284,20.273,92492.508,,,92250.25,99.738,0,0,242.266,0.262,0,0,Low,20.273
Singapore,1993,SGP,326.212,9.252,27.624,97840.07,9.276,27.624,97605.508,99.76,0,0,234.571,0.24,0,0,Low,27.624
Singapore,1994,SGP,373.083,14.368,46.872,108498.156,14.403,46.872,108270.719,99.79,0,0,227.443,0.21,0,0,Low,46.872
Singapore,1995,SGP,388.941,4.25,15.857,109750.07,4.259,15.857,109529.383,99.799,0,0,220.688,0.201,0,0,Low,15.857
Singapore,1996,SGP,392.477,0.909,3.536,107471.891,0.911,3.536,107257.727,99.801,0,0,214.159,0.199,0,0,Low,3.536
Singapore,1997,SGP,412.801,5.178,20.323,109768.453,5.189,20.324,109560.492,99.811,0,0,207.967,0.189,0,0,Low,20.323
Singapore,1998,SGP,418.509,1.383,5.709,108245.531,1.386,5.709,108043.25,99.813,0,0,202.284,0.187,0,0,Low,5.709
Singapore,1999,SGP,414.326,-1,-4.183,104456.758,-1.001,-4.183,104259.586,99.811,0,0,197.175,0.189,0,0,Low,-4.183
Singapore,2000,SGP,443.014,6.924,28.688,109289.078,6.937,28.688,109096.141,,,,,,0,0,Low,28.688
Singapore,2001,SGP,500.72,13.026,57.706,121494.555,12.884,56.978,121128.188,,,,,,0,0,Low,57.706
Singapore,2002,SGP,482.24,-3.691,-18.48,115456.867,-3.702,-18.48,115095.367,,,,,,0,0,Low,-18.48
Singapore,2003,SGP,454.274,-5.799,-27.966,107484.375,-5.832,-28.037,107110.508,,,,,,0,0,Low,-27.966
Singapore,2004,SGP,509.299,12.113,55.026,119262.508,12.166,55.077,118904.438,,,,,,0,0,Low,55.026
Singapore,2005,SGP,536.788,5.397,27.489,123551.641,5.414,27.493,123200.688,,,,,,0,0,Low,27.489
Singapore,2006,SGP,590.98,10.096,54.192,131721.672,10.127,54.204,131384.594,,,,,,0,0,Low,54.192
Singapore,2007,SGP,635.406,7.517,44.426,136257.906,7.526,44.363,135920,,,,,,0,0,Low,44.426
Singapore,2008,SGP,677.643,6.647,42.237,140055.125,6.65,42.149,139711.312,,,,,,0,0,Low,42.237
Singapore,2009,SGP,728.327,7.479,50.683,145354.047,7.494,50.66,145017.359,,,,,,0,0,Low,50.683
Singapore,2010,SGP,773.315,6.177,44.989,149763.219,6.164,44.793,149398.578,,,,,,0,0,Low,44.989
Singapore,2011,SGP,802.554,3.781,29.238,151959.906,3.782,29.176,151591.547,,,,,,0,0,Low,29.238
Singapore,2012,SGP,804.334,0.222,1.78,149476.594,0.209,1.674,149095.281,,,,,,0,0,Low,1.78
Singapore,2013,SGP,812.491,1.014,8.157,148317.188,0.987,7.922,147899.703,,,,,,0,0,Low,8.157
Singapore,2014,SGP,828.292,1.945,15.802,148692.516,1.931,15.648,148254.438,,,,,,0,0,Low,15.802
Singapore,2015,SGP,878.403,6.05,50.11,155468.984,6.033,49.827,154986.828,,,,,,0,0,Low,50.11
Singapore,2016,SGP,926.751,5.504,48.349,162248.219,5.513,48.277,161758.797,,,,,,0,0,Low,48.349
Singapore,2017,SGP,950.002,2.509,23.251,164802.547,2.516,23.246,164316.766,,,,,,0,0,Low,23.251
Singapore,2018,SGP,950.595,0.062,0.592,163485.734,0.063,0.601,163005.609,,,,,,0,0,Low,0.592
Singapore,2019,SGP,929.679,-2.2,-20.915,158475.062,-2.222,-21.064,157973.891,,,,,,0,0,Low,-20.915
Singapore,2020,SGP,910.518,-2.061,-19.161,154067.25,-2.07,-19.182,153566.203,,,,,,0,0,Low,-19.161
Singapore,2021,SGP,910.714,0.022,0.196,153291.406,-0.003,-0.029,152755.172,,,,,,0,0,Low,0.196
Singapore,2022,SGP,881.846,-3.17,-28.868,147572.328,-3.362,-30.516,146763.422,,,,,,0,0,Low,-28.868
Singapore,2023,SGP,964.022,9.319,82.176,160276.984,9.341,81.917,159430.391,,,,,,0,0,Low,82.176
Slovakia,1965,SVK,106.836,,,24483.969,,,22977.555,93.847,,,1506.414,6.153,0,0,Low,0
Slovakia,1966,SVK,110.584,3.508,3.747,25130.607,4.011,4.022,23699.17,94.304,-4.175,-0.274,1431.438,5.696,-0.073125167,-7.31251668,Low,4.021
Slovakia,1967,SVK,111.164,0.525,0.58,25070.963,1.421,1.482,23853.74,95.145,-14.315,-0.902,1217.225,4.855,-1.555172414,-155.5172414,Low,1.482
Slovakia,1968,SVK,122.685,10.364,11.521,27483.607,11.313,11.966,26374.088,95.963,-8.232,-0.444,1109.518,4.037,-0.038538321,-3.853832133,Low,11.965
Slovakia,1969,SVK,128.116,4.427,5.431,28519.625,5.546,6.529,27661.455,96.991,-22.164,-1.098,858.172,3.009,-0.202172712,-20.21727122,Low,6.529
Slovakia,1970,SVK,141.734,10.629,13.617,31337.059,9.381,11.657,30051.303,95.897,50.847,1.96,1285.757,4.103,0.143937725,14.39377249,Low,11.657
Slovakia,1971,SVK,151.92,7.187,10.187,33334.043,8.562,11.637,32376.387,97.127,-24.948,-1.451,957.654,2.873,-0.142436439,-14.24364386,Low,11.638
Slovakia,1972,SVK,159.766,5.165,7.846,34753.191,5.171,7.63,33756.926,97.133,4.946,0.216,996.271,2.867,0.027529952,2.752995157,Low,7.63
Slovakia,1973,SVK,166.216,4.037,6.45,35812.477,4.164,6.463,34828.387,97.252,0.323,-0.013,984.089,2.748,-0.002015504,-0.201550388,Low,6.463
Slovakia,1974,SVK,174.938,5.247,8.722,37312.355,3.302,5.337,35616.191,95.454,74.324,3.385,1696.164,4.546,0.38809906,38.80990598,Low,5.337
Slovakia,1975,SVK,183.086,4.657,8.148,38649.555,5.779,9.649,37287.848,96.477,-19.195,-1.502,1361.709,3.523,-0.184339715,-18.43397153,Low,9.65
Slovakia,1976,SVK,189.938,3.743,6.852,39683.262,3.441,6.078,38173.898,96.196,12.426,0.774,1509.365,3.804,0.11295972,11.29597198,Low,6.078
Slovakia,1977,SVK,199.64,5.108,9.702,41286.664,5.19,9.482,39747.219,96.271,2.479,0.22,1539.444,3.729,0.022675737,2.267573696,Low,9.482
Slovakia,1978,SVK,209.45,4.914,9.811,42890.543,5.474,10.521,41511.633,96.785,-9.675,-0.71,1378.914,3.215,-0.07236775,-7.236775048,Low,10.521
Slovakia,1979,SVK,215.491,2.884,6.041,43701.535,0.548,1.111,41336.258,94.588,76.953,4.929,2365.276,5.412,0.815924516,81.59245158,Medium,1.112
Slovakia,1980,SVK,219.051,1.652,3.56,44040.234,-2.102,-4.285,40118.148,91.094,68.196,7.845,3922.085,8.906,2.203651685,220.3651685,High,-4.285
Slovakia,1981,SVK,217.343,-0.78,-1.709,43366.867,-1.292,-2.579,39300.715,90.624,4.705,0.87,4066.151,9.376,-0.509069631,-50.90696314,Low,-2.579
Slovakia,1982,SVK,215.018,-1.07,-2.325,42593.418,-1.838,-3.621,38299.797,89.92,6.578,1.296,4293.624,10.08,-0.557419355,-55.74193548,Low,-3.621
Slovakia,1983,SVK,215.639,0.289,0.622,42428.367,-0.296,-0.572,37928.969,89.395,5.498,1.193,4499.402,10.605,1.918006431,191.8006431,High,-0.571
Slovakia,1984,SVK,232.297,7.725,16.658,45414.504,7.463,14.387,40499.805,89.178,10.173,2.271,4914.692,10.822,0.136330892,13.63308921,Low,14.387
Slovakia,1985,SVK,239.667,3.173,7.37,46568.305,-0.18,-0.373,40179.293,86.28,30.76,7.743,6389.011,13.72,1.050610583,105.0610583,High,-0.373
Slovakia,1986,SVK,237.593,-0.865,-2.074,45908.125,-3.573,-7.389,38527.594,83.923,16.454,5.316,7380.529,16.077,-2.56316297,-256.316297,Low,-7.39
Slovakia,1987,SVK,242.957,2.258,5.364,46711.984,2.598,5.18,39332.648,84.202,0.403,0.184,7379.334,15.798,0.034302759,3.430275913,Low,5.18
Slovakia,1988,SVK,244.171,0.5,1.214,46732.137,0.903,1.848,39507.68,84.541,-1.607,-0.634,7224.46,15.459,-0.522240527,-52.22405272,Low,1.848
Slovakia,1989,SVK,247.676,1.435,3.505,47220.273,0.462,0.955,39537.465,83.73,6.728,2.55,7682.813,16.27,0.727532097,72.7532097,Medium,0.955
Slovakia,1990,SVK,248.354,0.274,0.678,47203.785,0.609,1.264,39655.953,84.01,-1.438,-0.586,7547.829,15.99,-0.864306785,-86.43067847,Low,1.264
Slovakia,1991,SVK,222.188,-10.536,-26.165,42079.309,-11.4,-23.785,35009.32,83.198,-5.885,-2.38,7069.986,16.802,0.090961208,9.096120772,Low,-23.785
Slovakia,1992,SVK,213.742,-3.801,-8.446,40314.297,-4.434,-8.197,33320.156,82.651,-0.84,-0.249,6994.143,17.349,0.029481411,2.948141132,Low,-8.197
Slovakia,1993,SVK,209.976,-1.762,-3.766,39455.375,-5.393,-9.527,31404.893,79.596,15.138,5.761,8050.484,20.404,-1.529739777,-152.9739777,Low,-9.527
Slovakia,1994,SVK,206.843,-1.492,-3.133,38743.297,-5.328,-8.905,29637.119,76.496,13.355,5.773,9106.178,23.504,-1.842642834,-184.2642834,Low,-8.906
Slovakia,1995,SVK,209.749,1.405,2.906,39205.477,2.932,4.639,30442.346,77.648,-3.735,-1.733,8763.135,22.352,-0.596352374,-59.63523744,Low,4.639
Slovakia,1996,SVK,211.202,0.693,1.453,39416.023,2.405,3.918,31126.365,78.969,-5.154,-2.464,8289.662,21.031,-1.695801789,-169.5801789,Low,3.917
Slovakia,1997,SVK,207.321,-1.838,-3.881,38637.348,-1.739,-2.9,30542.227,79.048,-2.19,-0.981,8095.115,20.952,0.252769905,25.27699047,Low,-2.9
Slovakia,1998,SVK,209.521,1.061,2.2,39009.039,0.42,0.688,30640.504,78.547,3.462,1.511,8368.535,21.453,0.686818182,68.68181818,Medium,0.689
Slovakia,1999,SVK,211.293,0.846,1.772,39313.191,-2.266,-3.729,29926.613,76.124,12.324,5.501,9386.576,23.876,3.104401806,310.4401806,High,-3.729
Slovakia,2000,SVK,218.247,3.291,6.954,40591.293,-1.893,-3.045,29348.623,72.303,19.999,9.999,11242.672,27.697,1.437877481,143.7877481,High,-3.045
Slovakia,2001,SVK,224.558,2.892,6.311,41766.941,2.053,3.239,29952.443,71.713,6.699,3.072,11814.497,28.287,0.486769133,48.67691333,Low,3.239
Slovakia,2002,SVK,226.427,0.832,1.869,42124.301,-0.489,-0.788,29812.766,70.773,3.91,2.657,12311.537,29.227,1.421615837,142.1615837,High,-0.788
Slovakia,2003,SVK,219.883,-2.89,-6.544,40913.172,-0.322,-0.516,29721.301,72.645,-8.282,-6.028,11191.872,27.355,0.921149144,92.11491443,Medium,-0.516
Slovakia,2004,SVK,215.043,-2.201,-4.84,40008.508,-2.302,-3.677,29034.072,72.57,-1.413,-1.163,10974.436,27.43,0.240289256,24.02892562,Low,-3.677
Slovakia,2005,SVK,226.267,5.22,11.224,42086.473,5.12,7.99,30513.031,72.501,6.397,3.235,11573.442,27.499,0.288221668,28.82216679,Low,7.989
Slovakia,2006,SVK,220.178,-2.691,-6.089,40946.383,-4.462,-7.321,29146.037,71.181,3.404,1.232,11800.346,28.819,-0.202332074,-20.23320742,Low,-7.321
Slovakia,2007,SVK,206.629,-6.154,-13.55,38418.406,-4.157,-6.515,27928.426,72.695,-9.985,-7.034,10489.982,27.305,0.519114391,51.91143911,Medium,-6.516
Slovakia,2008,SVK,212.209,2.7,5.58,39431.949,2.063,3.099,28487.32,72.244,5.477,2.481,10944.629,27.756,0.444623656,44.46236559,Low,3.099
Slovakia,2009,SVK,192.318,-9.373,-19.891,35687.543,-8.893,-13.634,25918.762,72.627,-9.655,-6.257,9768.777,27.373,0.314564376,31.45643758,Low,-13.634
Slovakia,2010,SVK,205.5,6.854,13.182,38080.727,6.533,9.125,27573.736,72.409,8.329,4.057,10506.988,27.591,0.307768169,30.77681687,Low,9.125
Slovakia,2011,SVK,197.691,-3.8,-7.809,36591.309,-4.963,-7.385,26174.793,71.533,0.512,-0.423,10416.518,28.467,0.054168267,5.416826738,Low,-7.386
Slovakia,2012,SVK,189.893,-3.945,-7.798,35105.086,-6.235,-8.817,24512.963,69.827,1.456,1.019,10592.122,30.173,-0.130674532,-13.06745319,Low,-8.817
Slovakia,2013,SVK,194.587,2.472,4.694,35936.512,1.472,1.952,24848.66,69.146,5.423,2.742,11087.854,30.854,0.584149979,58.41499787,Medium,1.952
Slovakia,2014,SVK,181.12,-6.921,-13.467,33419.594,-9.559,-12.861,22453.465,67.187,0.214,-0.606,10966.13,32.813,0.044998886,4.499888617,Low,-12.861
Slovakia,2015,SVK,182.99,1.032,1.87,33734.289,2.738,3.332,23047.562,68.321,-1.664,-1.462,10686.727,31.679,-0.781818182,-78.18181818,Low,3.332
Slovakia,2016,SVK,184.744,0.958,1.754,34015.234,1.195,1.494,23294.002,68.481,0.529,0.26,10721.233,31.519,0.148232611,14.82326112,Low,1.494
Slovakia,2017,SVK,194.595,5.332,9.851,35774.91,7.576,9.585,25020.875,69.94,1.17,0.266,10754.032,30.06,0.027002335,2.700233479,Low,9.585
Slovakia,2018,SVK,191.296,-1.695,-3.299,35121.09,-0.313,-0.425,24909.098,70.923,-4.175,-2.874,10211.991,29.077,0.871173083,87.11730828,Medium,-0.425
Slovakia,2019,SVK,184.849,-3.37,-6.447,33892.781,-7.153,-9.705,23096.76,68.147,6.08,3.259,10796.022,31.853,-0.505506437,-50.55064371,Low,-9.706
Slovakia,2020,SVK,181.125,-2.014,-3.724,33193.328,-3.57,-4.497,22260.988,67.065,1.613,0.774,10932.34,32.935,-0.207841031,-20.78410311,Low,-4.498
Slovakia,2021,SVK,195.223,7.783,14.098,35836.406,11.197,13.601,24794.664,69.188,1.189,0.497,11041.741,30.812,0.035253227,3.525322741,Low,13.601
Slovakia,2022,SVK,179.893,-7.853,-15.33,31876.369,-9.637,-13.017,21627.748,67.849,-2.726,-2.314,10248.623,32.151,0.150945858,15.09458578,Low,-13.016
Slovakia,2023,SVK,186.633,3.747,6.74,32204.732,-2.517,-3.072,20531.35,63.753,16.338,9.812,11673.382,36.247,1.45578635,145.578635,High,-3.072
Slovenia,1990,SVN,69.149,,,34817.746,,,23786.15,68.316,,,11031.596,31.684,0,0,Low,0
Slovenia,1991,SVN,69.272,0.178,0.123,34813.648,-5.69,-2.688,22390.188,64.314,12.691,2.811,12423.462,35.686,22.85365854,2285.365854,High,-2.688
Slovenia,1992,SVN,64.745,-6.535,-4.527,32513.307,-2.685,-1.196,21772.047,66.964,-13.621,-3.331,10741.261,33.037,0.735807378,73.5807378,Medium,-1.196
Slovenia,1993,SVN,66.603,2.869,1.858,33440.461,7.029,3.048,23298.463,69.671,-5.45,-1.19,10142.002,30.329,-0.640473628,-64.04736276,Low,3.048
Slovenia,1994,SVN,70.871,6.408,4.268,35587.496,2.885,1.339,23973.414,67.365,14.547,2.929,11614.083,32.635,0.686269916,68.62699157,Medium,1.339
Slovenia,1995,SVN,74.35,4.909,3.479,37340.953,7.188,3.432,25700.936,68.828,0.287,0.048,11640.018,31.172,0.013797068,1.379706812,Low,3.431
Slovenia,1996,SVN,78.02,4.936,3.67,39192.875,5.971,3.056,27241.637,69.507,2.478,0.614,11951.236,30.493,0.167302452,16.73024523,Low,3.056
Slovenia,1997,SVN,79.771,2.244,1.751,40089.32,3.984,2.16,28338.803,70.689,-1.458,-0.409,11750.517,29.311,-0.233580811,-23.3580811,Low,2.16
Slovenia,1998,SVN,79.983,0.266,0.212,40227.258,-1.506,-0.849,27933.713,69.44,4.427,1.062,12293.547,30.56,5.009433962,500.9433962,High,-0.85
Slovenia,1999,SVN,79.097,-1.108,-0.886,39822.121,-1.662,-0.923,27497.416,69.051,-0.035,0.037,12324.707,30.949,-0.041760722,-4.176072235,Low,-0.923
Slovenia,2000,SVN,78.465,-0.8,-0.633,39541.941,-2.238,-1.222,26908.029,68.049,2.351,0.59,12633.908,31.951,-0.93206951,-93.20695103,Low,-1.223
Slovenia,2001,SVN,82.23,4.799,3.765,41478.172,4.933,2.634,28261.635,68.136,5.309,1.132,13216.535,31.864,0.300664011,30.06640106,Low,2.633
Slovenia,2002,SVN,81.8,-0.523,-0.43,41234.598,0.522,0.292,28390.82,68.852,-1.995,-0.723,12843.777,31.148,1.681395349,168.1395349,High,0.293
Slovenia,2003,SVN,80.237,-1.91,-1.563,40332.168,0.818,0.461,28541.797,70.767,-7.347,-2.023,11790.373,29.233,1.294305822,129.4305822,High,0.46
Slovenia,2004,SVN,85.143,6.114,4.906,42641.285,1.902,1.08,28977.965,67.958,16.763,3.826,13663.314,32.042,0.779861394,77.98613942,Medium,1.08
Slovenia,2005,SVN,85.309,0.194,0.165,42552.617,1.76,1.018,29369.625,69.02,-2.274,-0.853,13182.994,30.98,-5.16969697,-516.969697,Low,1.018
Slovenia,2006,SVN,85.831,0.612,0.522,42625.898,2.067,1.217,29845.785,70.018,-1.752,-0.695,12780.112,29.982,-1.331417625,-133.1417625,Low,1.217
Slovenia,2007,SVN,85.379,-0.526,-0.451,42199.438,0.168,0.101,29753.359,70.507,-0.676,-0.552,12446.076,29.493,1.223946785,122.3946785,High,0.101
Slovenia,2008,SVN,93.656,9.694,8.277,46044.379,6.7,4.034,31578.297,68.582,17.808,4.243,14466.084,31.418,0.512625347,51.26253473,Medium,4.034
Slovenia,2009,SVN,86.411,-7.735,-7.245,42243.055,-11.437,-7.346,27809.021,65.831,1.219,0.101,14434.027,34.169,-0.013940649,-1.394064872,Low,-7.346
Slovenia,2010,SVN,86.567,0.18,0.155,42077.926,1.428,0.812,28045.439,66.651,-0.663,-0.657,14032.486,33.349,-4.238709677,-423.8709677,Low,0.812
Slovenia,2011,SVN,84.039,-2.92,-2.528,40687.836,-2.32,-1.339,27286.537,67.063,-3.839,-1.189,13401.301,32.937,0.470332278,47.03322785,Low,-1.339
Slovenia,2012,SVN,81.659,-2.832,-2.38,39460.902,-3.246,-1.829,26351.061,66.778,-0.558,-0.551,13109.847,33.222,0.231512605,23.1512605,Low,-1.829
Slovenia,2013,SVN,80.779,-1.078,-0.88,38978.773,-4.295,-2.342,25182.643,64.606,6.14,1.462,13796.133,35.394,-1.661363636,-166.1363636,Low,-2.342
Slovenia,2014,SVN,82.861,2.578,2.082,39934.504,-8.455,-4.413,23025.074,57.657,21.435,6.495,16909.432,42.343,3.119596542,311.9596542,High,-4.413
Slovenia,2015,SVN,74.716,-9.83,-8.146,35905.984,0.313,0.149,23031.154,64.143,-23.26,-8.295,12874.827,35.857,1.018291186,101.8291186,High,0.149
Slovenia,2016,SVN,79.858,6.883,5.143,38209.27,6.999,3.354,24535.143,64.213,6.248,1.788,13674.126,35.787,0.34765701,34.76570095,Low,3.355
Slovenia,2017,SVN,80.721,1.08,0.863,38467.918,2.156,1.106,24964.055,64.896,0.325,-0.243,13503.861,35.104,-0.281575898,-28.1575898,Low,1.106
Slovenia,2018,SVN,82.391,2.069,1.67,39123.293,0.94,0.492,25108.457,64.178,7.597,1.178,14014.832,35.822,0.705389222,70.53892216,Medium,0.492
Slovenia,2019,SVN,80.002,-2.899,-2.389,37863.648,-4.044,-2.138,24013.488,63.421,0.92,-0.25,13850.158,36.579,0.104646296,10.46462955,Low,-2.139
Slovenia,2020,SVN,77.295,-3.384,-2.707,36500.57,-10.566,-5.361,21428.219,58.707,8.812,2.654,15072.351,41.293,-0.98042113,-98.04211304,Low,-5.361
Slovenia,2021,SVN,76.582,-0.923,-0.713,36133.637,2.774,1.259,22004.385,60.897,-5.148,-1.972,14129.253,39.103,2.765778401,276.5778401,High,1.259
Slovenia,2022,SVN,70.602,-7.809,-5.98,33305.18,-3.747,-1.748,21175.5,63.58,-14.238,-4.233,12129.679,36.42,0.707859532,70.78595318,Medium,-1.747
Slovenia,2023,SVN,72.429,2.589,1.828,34169.969,-9.371,-4.207,19192.523,56.168,22.889,6.034,14977.448,43.832,3.300875274,330.0875274,High,-4.206
Solomon Islands,1980,SLB,0.432,,,1847.984,,,,,,,,,0,0,Low,0
Solomon Islands,1981,SLB,0.615,42.467,0.183,2543.942,,,,,,,,,0,0,Low,0.183
Solomon Islands,1982,SLB,0.554,-10,-0.062,2212.499,,,,,,,,,0,0,Low,-0.062
Solomon Islands,1983,SLB,0.615,11.111,0.062,2375.743,,,,,,,,,0,0,Low,0.062
Solomon Islands,1984,SLB,0.617,0.274,0.002,2302.6,,,,,,,,,0,0,Low,0.002
Solomon Islands,1985,SLB,0.554,-10.246,-0.063,1997.714,,,,,,,,,0,0,Low,-0.063
Solomon Islands,1986,SLB,0.505,-8.759,-0.048,1763.162,,,,,,,,,0,0,Low,-0.048
Solomon Islands,1987,SLB,0.589,16.562,0.084,1990.456,,,,,,,,,0,0,Low,0.084
Solomon Islands,1988,SLB,0.706,19.829,0.117,2312.532,,,,,,,,,0,0,Low,0.117
Solomon Islands,1989,SLB,0.704,-0.237,-0.002,2237.88,,,,,,,,,0,0,Low,-0.002
Solomon Islands,1990,SLB,0.704,0,0,2171.527,,,,,,,,,0,0,Low,0
Solomon Islands,1991,SLB,0.704,0,0,2107.96,,,,,,,,,0,0,Low,0
Solomon Islands,1992,SLB,0.706,0.238,0.002,2051.727,,,,,,,,,0,0,Low,0.002
Solomon Islands,1993,SLB,0.704,-0.237,-0.002,1988.083,,,,,,,,,0,0,Low,-0.002
Solomon Islands,1994,SLB,0.704,0,0,1931.289,,,,,,,,,0,0,Low,0
Solomon Islands,1995,SLB,0.704,0,0,1876.274,,,,,,,,,0,0,Low,0
Solomon Islands,1996,SLB,0.706,0.238,0.002,1827.707,,,,,,,,,0,0,Low,0.002
Solomon Islands,1997,SLB,0.704,-0.237,-0.002,1772.971,,,,,,,,,0,0,Low,-0.002
Solomon Islands,1998,SLB,0.704,0,0,1724.789,,,,,,,,,0,0,Low,0
Solomon Islands,1999,SLB,0.704,0.001,0,1679.175,,,,,,,,,0,0,Low,0
Solomon Islands,2000,SLB,1.056,50.042,0.352,2456.513,,,,,,,,,0,0,Low,0.352
Solomon Islands,2001,SLB,1.105,4.595,0.049,2508.614,,,,,,,,,0,0,Low,0.049
Solomon Islands,2002,SLB,1.142,3.339,0.037,2532.751,,,,,,,,,0,0,Low,0.037
Solomon Islands,2003,SLB,1.193,4.514,0.052,2587.097,,,,,,,,,0,0,Low,0.052
Solomon Islands,2004,SLB,1.269,6.359,0.076,2689.96,,,,,,,,,0,0,Low,0.076
Solomon Islands,2005,SLB,1.301,2.492,0.032,2695.842,,,,,,,,,0,0,Low,0.032
Solomon Islands,2006,SLB,1.349,3.74,0.049,2734.638,,,,,,,,,0,0,Low,0.049
Solomon Islands,2007,SLB,1.438,6.599,0.089,2850.482,,,,,,,,,0,0,Low,0.089
Solomon Islands,2008,SLB,1.46,1.481,0.021,2828.88,,,,,,,,,0,0,Low,0.021
Solomon Islands,2009,SLB,1.511,3.492,0.051,2862.027,,,,,,,,,0,0,Low,0.051
Solomon Islands,2010,SLB,1.556,3.031,0.046,2880.25,,,,,,,,,0,0,Low,0.046
Solomon Islands,2011,SLB,1.616,3.824,0.06,2918.432,,,,,,,,,0,0,Low,0.06
Solomon Islands,2012,SLB,1.621,0.285,0.005,2854.352,,,,,,,,,0,0,Low,0.005
Solomon Islands,2013,SLB,1.614,-0.397,-0.006,2771.765,,,,,,,,,0,0,Low,-0.006
Solomon Islands,2014,SLB,1.52,-5.852,-0.094,2543.96,,,,,,,,,0,0,Low,-0.094
Solomon Islands,2015,SLB,1.388,-8.639,-0.131,2266.201,,,,,,,,,0,0,Low,-0.131
Solomon Islands,2016,SLB,1.335,-3.883,-0.054,2124.666,,,,,,,,,0,0,Low,-0.054
Solomon Islands,2017,SLB,1.327,-0.576,-0.008,2061.452,,,,,,,,,0,0,Low,-0.008
Solomon Islands,2018,SLB,1.389,4.72,0.063,2107.609,,,,,,,,,0,0,Low,0.063
Solomon Islands,2019,SLB,1.368,-1.51,-0.021,2027.376,,,,,,,,,0,0,Low,-0.021
Solomon Islands,2020,SLB,1.298,-5.179,-0.071,1877.319,,,,,,,,,0,0,Low,-0.071
Solomon Islands,2021,SLB,1.339,3.218,0.042,1892.131,,,,,,,,,0,0,Low,0.042
Somalia,1980,SOM,4.825,,,818.926,,,,,,,,,0,0,Low,0
Somalia,1981,SOM,5.604,16.138,0.779,944.236,,,,,,,,,0,0,Low,0.779
Somalia,1982,SOM,5.543,-1.087,-0.061,931.324,,,,,,,,,0,0,Low,-0.061
Somalia,1983,SOM,5.421,-2.198,-0.122,882.577,,,,,,,,,0,0,Low,-0.122
Somalia,1984,SOM,5.619,3.654,0.198,882.292,,,,,,,,,0,0,Low,0.198
Somalia,1985,SOM,5.543,-1.357,-0.076,835.978,,,,,,,,,0,0,Low,-0.076
Somalia,1986,SOM,5.915,6.711,0.372,856.191,,,,,,,,,0,0,Low,0.372
Somalia,1987,SOM,4.37,-26.118,-1.545,610.525,,,,,,,,,0,0,Low,-1.545
Somalia,1988,SOM,4.384,0.306,0.013,612.185,,,,,,,,,0,0,Low,0.013
Somalia,1989,SOM,4.49,2.431,0.107,638.217,,,,,,,,,0,0,Low,0.107
Somalia,1990,SOM,4.068,-9.39,-0.422,581.289,,,,,,,,,0,0,Low,-0.422
Somalia,1991,SOM,2.424,-40.408,-1.644,360.107,,,,,,,,,0,0,Low,-1.644
Somalia,1992,SOM,2.253,-7.067,-0.171,350.513,,,,,,,,,0,0,Low,-0.171
Somalia,1993,SOM,2.371,5.246,0.118,358.172,,,,,,,,,0,0,Low,0.118
Somalia,1994,SOM,2.371,0,0,340.721,,,,,,,,,0,0,Low,0
Somalia,1995,SOM,2.371,0,0,328.856,,,,,,,,,0,0,Low,0
Somalia,1996,SOM,2.378,0.274,0.006,318.217,,,,,,,,,0,0,Low,0.006
Somalia,1997,SOM,2.371,-0.273,-0.006,306.603,,,,,,,,,0,0,Low,-0.006
Somalia,1998,SOM,2.371,0,0,294.328,,,,,,,,,0,0,Low,0
Somalia,1999,SOM,2.371,0,0,282.828,,,,,,,,,0,0,Low,0
Somalia,2000,SOM,2.966,25.084,0.595,340.102,,,,,,,,,0,0,Low,0.595
Somalia,2001,SOM,3.015,1.66,0.049,332.433,,,,,,,,,0,0,Low,0.049
Somalia,2002,SOM,3.26,8.105,0.244,346.379,,,,,,,,,0,0,Low,0.244
Somalia,2003,SOM,3.26,0,0,334.055,,,,,,,,,0,0,Low,0
Somalia,2004,SOM,3.262,0.071,0.002,322.427,,,,,,,,,0,0,Low,0.002
Somalia,2005,SOM,3.294,0.968,0.032,314.663,,,,,,,,,0,0,Low,0.032
Somalia,2006,SOM,3.319,0.763,0.025,307.725,,,,,,,,,0,0,Low,0.025
Somalia,2007,SOM,3.366,1.437,0.048,302.793,,,,,,,,,0,0,Low,0.048
Somalia,2008,SOM,3.331,-1.059,-0.036,291.034,,,,,,,,,0,0,Low,-0.036
Somalia,2009,SOM,3.322,-0.266,-0.009,283.204,,,,,,,,,0,0,Low,-0.009
Somalia,2010,SOM,3.405,2.499,0.083,283.123,,,,,,,,,0,0,Low,0.083
Somalia,2011,SOM,3.405,0,0,278.715,,,,,,,,,0,0,Low,0
Somalia,2012,SOM,3.416,0.328,0.011,274.605,,,,,,,,,0,0,Low,0.011
Somalia,2013,SOM,3.416,0.001,0,265.801,,,,,,,,,0,0,Low,0
Somalia,2014,SOM,3.416,0.007,0,256.698,,,,,,,,,0,0,Low,0
Somalia,2015,SOM,3.545,3.758,0.128,257.545,,,,,,,,,0,0,Low,0.128
Somalia,2016,SOM,3.627,2.318,0.082,253.762,,,,,,,,,0,0,Low,0.082
Somalia,2017,SOM,3.628,0.017,0.001,244.049,,,,,,,,,0,0,Low,0.001
Somalia,2018,SOM,3.641,0.38,0.014,236.284,,,,,,,,,0,0,Low,0.014
Somalia,2019,SOM,3.637,-0.123,-0.004,227.573,,,,,,,,,0,0,Low,-0.004
Somalia,2020,SOM,3.507,-3.56,-0.129,212.096,,,,,,,,,0,0,Low,-0.129
Somalia,2021,SOM,3.71,5.782,0.203,217.41,,,,,,,,,0,0,Low,0.203
South Africa,1965,ZAF,354.229,,,18461.711,,,18456.01,99.969,,,5.702,0.031,0,0,Low,0
South Africa,1966,ZAF,356.429,0.621,2.2,18010.766,0.622,2.203,18005.387,99.97,-2.703,-0.003,5.379,0.03,-0.001363636,-0.136363636,Low,2.203
South Africa,1967,ZAF,371.155,4.132,14.726,18184.344,4.141,14.755,18180.576,99.979,-27.778,-0.03,3.767,0.021,-0.002037213,-0.203721309,Low,14.756
South Africa,1968,ZAF,391.708,5.538,20.553,18607.975,5.54,20.559,18604.604,99.982,-7.692,-0.006,3.371,0.018,-0.000291928,-0.029192819,Low,20.559
South Africa,1969,ZAF,403.315,2.963,11.607,18582.324,2.966,11.616,18579.463,99.985,-12.5,-0.009,2.861,0.015,-0.000775394,-0.077539416,Low,11.616
South Africa,1970,ZAF,421.478,4.503,18.163,18842.637,4.501,18.151,18839.332,99.982,19.048,0.012,3.305,0.018,0.000660684,0.066068381,Low,18.151
South Africa,1971,ZAF,454.026,7.722,32.549,19713.324,7.663,32.291,19698.943,99.927,348,0.257,14.38,0.073,0.007895788,0.789578789,Low,32.292
South Africa,1972,ZAF,469.029,3.304,15.003,19791.508,2.836,12.868,19687.447,99.474,644.643,2.135,104.063,0.526,0.142304872,14.23048724,Low,12.868
South Africa,1973,ZAF,504.605,7.585,35.576,20695.355,7.529,35.129,20575.898,99.423,18.106,0.447,119.456,0.577,0.01256465,1.256465033,Low,35.129
South Africa,1974,ZAF,519.095,2.872,14.49,20700.012,2.802,14.055,20566.531,99.355,14.924,0.435,133.481,0.645,0.030020704,3.002070393,Low,14.055
South Africa,1975,ZAF,553.408,6.61,34.313,21468.242,6.66,34.349,21339.766,99.402,-1.06,-0.035,128.475,0.598,-0.001020022,-0.102002157,Low,34.348
South Africa,1976,ZAF,577.602,4.372,24.194,21812.516,3.992,21.959,21603.023,99.04,67.5,2.235,209.488,0.96,0.092378276,9.237827561,Low,21.959
South Africa,1977,ZAF,591.76,2.451,14.158,21756.012,2.44,13.957,21544.672,99.029,3.625,0.201,211.339,0.971,0.01419692,1.419692047,Low,13.957
South Africa,1978,ZAF,586.007,-0.972,-5.753,20971.174,-0.963,-5.644,20769.371,99.038,-1.903,-0.109,201.8,0.962,0.018946637,1.894663654,Low,-5.644
South Africa,1979,ZAF,605.098,3.258,19.091,21085.742,3.678,21.347,20967.867,99.441,-40.01,-2.256,117.88,0.559,-0.118170866,-11.81708659,Low,21.347
South Africa,1980,ZAF,645.864,6.737,40.766,21920.789,6.85,41.216,21821.23,99.546,-13.287,-0.449,99.558,0.454,-0.01101408,-1.101408036,Low,41.215
South Africa,1981,ZAF,751.926,16.422,106.062,24871.398,16.193,104.107,24709.723,99.35,66.633,1.955,161.677,0.65,0.018432615,1.843261489,Low,104.107
South Africa,1982,ZAF,808.715,7.553,56.789,26068.744,7.854,58.673,25971.902,99.629,-38.536,-1.884,96.843,0.371,-0.033175439,-3.317543891,Low,58.673
South Africa,1983,ZAF,819.453,1.328,10.738,25716.262,1.487,11.983,25661.047,99.785,-41.437,-1.245,55.214,0.215,-0.115943379,-11.59433787,Low,11.983
South Africa,1984,ZAF,895.522,9.283,76.068,27328.979,7.953,65.035,26938.564,98.571,653.781,11.034,390.414,1.429,0.145054425,14.5054425,Low,65.034
South Africa,1985,ZAF,914.556,2.126,19.034,27095.578,1.688,14.901,26594.094,98.149,32.419,4.133,501.483,1.851,0.217137753,21.71377535,Low,14.901
South Africa,1986,ZAF,931.701,1.875,17.145,26713.27,0.478,4.294,25859.492,96.804,75.551,12.851,853.775,3.196,0.749547973,74.95479732,Medium,4.294
South Africa,1987,ZAF,946.451,1.583,14.75,26203.447,2.467,22.247,25586.592,97.646,-25.34,-7.497,616.856,2.354,-0.508271186,-50.82711864,Low,22.247
South Africa,1988,ZAF,1042.3,10.127,95.849,27873.557,8.549,79.005,26827.289,96.246,75.424,16.844,1046.27,3.754,0.175734749,17.57347494,Low,79.005
South Africa,1989,ZAF,995.722,-4.469,-46.578,25750.08,-4.696,-47.106,24724.65,96.018,1.487,0.528,1025.427,3.982,-0.011335824,-1.133582378,Low,-47.106
South Africa,1990,ZAF,1029.669,3.409,33.947,25820.756,4.878,46.638,25144.668,97.382,-31.743,-12.691,676.087,2.618,-0.373847468,-37.38474681,Low,46.638
South Africa,1991,ZAF,1022.248,-0.721,-7.421,24987.143,-1.223,-12.261,24209.82,96.889,17.602,4.84,777.324,3.111,-0.652203207,-65.22032071,Low,-12.261
South Africa,1992,ZAF,1027.038,0.469,4.79,24593.379,0.809,8.013,23909.041,97.217,-9.745,-3.223,684.339,2.783,-0.672860125,-67.28601253,Low,8.013
South Africa,1993,ZAF,1025.258,-0.173,-1.78,24109.285,0.579,5.78,23615.041,97.95,-26.285,-7.561,494.243,2.05,4.247752809,424.7752809,High,5.781
South Africa,1994,ZAF,1069.309,4.297,44.051,24713.633,3.423,34.378,24004.305,97.13,45.534,9.673,709.328,2.87,0.219586389,21.95863885,Low,34.378
South Africa,1995,ZAF,1117.516,4.508,48.207,25406.133,4.358,45.268,24641.549,96.991,9.832,2.94,764.583,3.009,0.060986994,6.098699359,Low,45.267
South Africa,1996,ZAF,1139.763,1.991,22.246,25519.965,1.695,18.374,24680.236,96.71,11.192,3.873,839.727,3.29,0.174098714,17.40987144,Low,18.373
South Africa,1997,ZAF,1165.543,2.262,25.78,25737.912,1.882,20.746,24798.572,96.35,13.16,5.035,939.342,3.65,0.195306439,19.53064391,Low,20.745
South Africa,1998,ZAF,1145.026,-1.76,-20.517,24972.111,-1.961,-22.026,24011.482,96.153,3.641,1.509,960.627,3.847,-0.073548764,-7.354876444,Low,-22.026
South Africa,1999,ZAF,1183.745,3.382,38.719,25531.172,3.957,43.565,24685.686,96.688,-10.806,-4.846,845.489,3.312,-0.125158191,-12.51581911,Low,43.565
South Africa,2000,ZAF,1185.383,0.138,1.638,25321.518,-0.077,-0.884,24430.244,96.48,6.089,2.523,891.275,3.52,1.54029304,154.029304,High,-0.885
South Africa,2001,ZAF,1191.536,0.519,6.153,25228.531,0.981,11.221,24452.41,96.924,-11.809,-5.067,776.124,3.076,-0.823500731,-82.35007314,Low,11.22
South Africa,2002,ZAF,1161.125,-2.552,-30.411,24361.893,-3.067,-35.42,23487.709,96.412,16.815,5.009,874.184,3.588,-0.164710138,-16.47101378,Low,-35.42
South Africa,2003,ZAF,1257.957,8.34,96.833,26150.76,8.84,98.955,25328.736,96.857,-3.847,-2.122,822.026,3.143,-0.021914017,-2.191401692,Low,98.955
South Africa,2004,ZAF,1372.774,9.127,114.817,28271.934,9.252,112.727,27414.535,96.967,6.244,2.089,857.396,3.033,0.01819417,1.819416985,Low,112.728
South Africa,2005,ZAF,1299.322,-5.351,-73.452,26507.484,-5.116,-68.104,25767.262,97.207,-14.867,-5.348,740.223,2.793,0.072809454,7.280945379,Low,-68.104
South Africa,2006,ZAF,1326.061,2.058,26.739,26793.561,2.054,25.949,26044.467,97.204,2.699,0.79,749.093,2.796,0.02954486,2.954485957,Low,25.949
South Africa,2007,ZAF,1362.195,2.725,36.135,27246.029,2.494,32.147,26424.736,96.986,14.888,3.988,821.293,3.014,0.110363913,11.03639131,Low,32.147
South Africa,2008,ZAF,1459.696,7.158,97.501,28867.252,7.403,97.801,28061.143,97.208,-0.574,-0.3,806.111,2.792,-0.003076892,-0.307689152,Low,97.801
South Africa,2009,ZAF,1453.214,-0.444,-6.482,28399.289,-0.421,-5.979,27612.547,97.23,-1.823,-0.503,786.742,2.77,0.077599506,7.759950633,Low,-5.979
South Africa,2010,ZAF,1463.988,0.741,10.775,28270.551,0.725,10.238,27482.773,97.213,1.48,0.537,787.777,2.787,0.049837587,4.983758701,Low,10.238
South Africa,2011,ZAF,1446.214,-1.214,-17.775,27576.695,-1.524,-21.693,26724.109,96.908,10.968,3.918,852.588,3.092,-0.220421941,-22.04219409,Low,-21.693
South Africa,2012,ZAF,1423.831,-1.548,-22.382,26791.422,-1.2,-16.823,26054.705,97.25,-11.063,-5.56,736.716,2.75,0.248413904,24.8413904,Low,-16.822
South Africa,2013,ZAF,1430.122,0.442,6.291,26545.875,0.196,2.712,25752.686,97.012,9.449,3.579,793.19,2.988,0.568907964,56.89079638,Medium,2.712
South Africa,2014,ZAF,1446.701,1.159,16.579,26433.637,0.806,11.179,25554.182,96.673,12.292,5.4,879.453,3.327,0.325713252,32.57132517,Low,11.179
South Africa,2015,ZAF,1417.702,-2.004,-28.999,25372.062,-2.267,-31.702,24462.293,96.414,6.069,2.703,909.768,3.586,-0.093210111,-9.321011069,Low,-31.702
South Africa,2016,ZAF,1482.439,4.566,64.737,26274.004,3.929,53.71,25177.598,95.827,21.859,11.027,1096.404,4.173,0.170335357,17.03353569,Low,53.71
South Africa,2017,ZAF,1476.937,-0.371,-5.502,26075.314,-0.961,-13.657,24839.158,95.259,13.167,8.156,1236.153,4.741,-1.482370047,-148.2370047,Low,-13.658
South Africa,2018,ZAF,1421.174,-3.776,-55.763,24785.197,-3.505,-49.314,23676.572,95.527,-8.142,-6.449,1108.624,4.473,0.115650162,11.56501623,Low,-49.314
South Africa,2019,ZAF,1485.7,4.54,64.526,25577.125,4.43,60.148,24407.4,95.427,6.978,4.378,1169.722,4.573,0.067848619,6.784861916,Low,60.148
South Africa,2020,ZAF,1392.896,-6.246,-92.804,23687.934,-6.173,-87.512,22622.416,95.502,-7.607,-5.291,1065.518,4.498,0.057012629,5.701262877,Low,-87.513
South Africa,2021,ZAF,1406.093,0.947,13.196,23674.678,-0.231,-3.067,22345.924,94.387,26.434,16.263,1328.752,5.613,1.232418915,123.2418915,High,-3.067
South Africa,2022,ZAF,1353.265,-3.757,-52.827,22594.381,-3.821,-50.714,21312.039,94.325,-2.987,-2.113,1282.342,5.675,0.039998486,3.999848562,Low,-50.714
South Africa,2023,ZAF,1348.083,-0.383,-5.182,22313.898,-0.286,-3.657,21067.861,94.416,-1.751,-1.526,1246.038,5.584,0.294480895,29.44808954,Low,-3.656
South Korea,1965,KOR,74.817,,,2564.037,,,,,,,71.993,,0,0,Low,0
South Korea,1966,KOR,90.768,21.32,15.951,3042.015,,,,,38.694,0.813,97.646,,0.050968591,5.096859131,Low,15.138
South Korea,1967,KOR,104.285,14.891,13.516,3414.619,,,,,-3.263,-0.095,92.288,,-0.007028707,-0.702870672,Low,13.611
South Korea,1968,KOR,119.52,14.609,15.235,3827.122,,,,,-2.485,-0.07,88.008,,-0.004594683,-0.45946833,Low,15.305
South Korea,1969,KOR,144.332,20.76,24.812,4522.796,,,,,53.689,1.476,132.367,,0.059487345,5.948734483,Low,23.336
South Korea,1970,KOR,167.466,16.029,23.134,5136.807,,,,,-14.549,-0.615,110.718,,-0.026584248,-2.658424829,Low,23.749
South Korea,1971,KOR,181.19,8.195,13.724,5443.047,,,,,8.134,0.294,117.253,,0.021422326,2.142232585,Low,13.43
South Korea,1972,KOR,187.853,3.677,6.663,5528.848,,,,,3.644,0.142,119.063,,0.021311721,2.131172145,Low,6.521
South Korea,1973,KOR,232.337,23.68,44.484,6703.382,,,,,-6.112,-0.247,109.584,,-0.005552558,-0.555255822,Low,44.731
South Korea,1974,KOR,241.57,3.974,9.232,6839.586,,,,,48.378,1.837,159.561,,0.198981802,19.89818024,Low,7.395
South Korea,1975,KOR,265.597,9.946,24.027,7391.927,,,,,-11.703,-0.66,138.49,,-0.027469097,-2.746909727,Low,24.687
South Korea,1976,KOR,297.131,11.873,31.533,8150.316,,,,,6.29,0.313,145.079,,0.009926109,0.992610916,Low,31.22
South Korea,1977,KOR,341.649,14.983,44.519,9255.949,,,,,-18.14,-0.968,117.066,,-0.021743525,-2.174352524,Low,45.487
South Korea,1978,KOR,382.705,12.017,41.056,10251.956,,,,,182.196,7.619,319.858,,0.185575799,18.55757989,Low,33.437
South Korea,1979,KOR,441.152,15.272,58.446,11689.877,,,,,31.854,3.793,416.91,,0.064897512,6.489751223,Low,54.653
South Korea,1980,KOR,454.032,2.92,12.88,11894.838,,,,,-0.928,-0.188,407.252,,-0.014596273,-1.459627329,Low,13.068
South Korea,1981,KOR,475.339,4.693,21.307,12272.544,,,,,1.804,0.357,410.572,,0.016755057,1.675505702,Low,20.95
South Korea,1982,KOR,475.549,0.044,0.21,12068.728,,,,,-0.041,-0.112,400.737,,-0.533333333,-53.33333333,Low,0.322
South Korea,1983,KOR,517.045,8.726,41.496,12908.779,,,,,104.988,16.432,804.479,,0.395989975,39.59899749,Low,25.064
South Korea,1984,KOR,564.712,9.219,47.667,13887.152,,,,,22.479,7.146,968.136,,0.149915036,14.99150356,Low,40.521
South Korea,1985,KOR,624.169,10.529,59.457,15137.73,,,,,44.525,17.564,1380.775,,0.295406765,29.54067646,Low,41.893
South Korea,1986,KOR,700.47,12.224,76.3,16754.162,,,14612.757,87.219,57.655,32.596,2141.405,12.781,0.427208388,42.72083879,Low,43.704
South Korea,1987,KOR,776.487,10.852,76.018,18311.111,6.918,42.267,15403.921,84.123,37.74,33.751,2907.19,15.877,0.44398695,44.39869505,Low,42.267
South Korea,1988,KOR,866.703,11.618,90.216,20161.307,14.365,93.834,17377.711,86.193,-2.753,-3.618,2783.595,13.807,-0.040103751,-4.0103751,Low,93.834
South Korea,1989,KOR,942.222,8.713,75.518,21626.703,6.963,52.017,18340.68,84.806,19.581,23.501,3286.022,15.194,0.31119733,31.11973304,Low,52.017
South Korea,1990,KOR,1066.037,13.141,123.815,24162.186,12.898,103.059,20446.873,84.623,14.39,20.756,3715.312,15.377,0.167637201,16.76372007,Low,103.059
South Korea,1991,KOR,1205.615,13.093,139.578,27100.135,14.788,133.404,23276.723,85.892,3.867,6.174,3823.413,14.108,0.044233332,4.42333319,Low,133.404
South Korea,1992,KOR,1359.716,12.782,154.101,30416.184,14.932,154.625,26622.979,87.529,-0.281,-0.523,3793.206,12.471,-0.003393878,-0.339387804,Low,154.624
South Korea,1993,KOR,1491.08,9.661,131.364,33184.629,10.373,123.457,29234.789,88.097,4.594,7.907,3949.843,11.903,0.060191529,6.019152888,Low,123.457
South Korea,1994,KOR,1607.975,7.84,116.895,35601.617,9.212,121.003,31763.111,89.218,-2.195,-4.109,3838.505,10.782,-0.035151204,-3.515120407,Low,121.004
South Korea,1995,KOR,1756.939,9.264,148.964,38704.719,8.586,123.174,34317.301,88.664,14.821,25.791,4387.416,11.336,0.173135791,17.31357912,Low,123.173
South Korea,1996,KOR,1940.434,10.444,183.495,42497.312,10.555,164.429,37717.973,88.754,9.586,19.066,4779.342,11.246,0.103904739,10.39047385,Low,164.429
South Korea,1997,KOR,2131.123,9.827,190.689,46366.664,10.545,181.601,41421.023,89.334,4.204,9.088,4945.64,10.666,0.047658753,4.765875326,Low,181.601
South Korea,1998,KOR,1946.37,-8.669,-184.753,42083.441,-11.807,-224.79,36302.914,86.264,17.567,40.037,5780.527,13.736,-0.216705547,-21.67055474,Low,-224.79
South Korea,1999,KOR,2122.024,9.025,175.654,45614.859,8.216,137.952,39057.473,85.624,14.131,37.702,6557.383,14.376,0.214637868,21.46378676,Low,137.952
South Korea,2000,KOR,2244.493,5.771,122.469,47970.941,5.843,106.162,41102.605,85.682,5.361,16.307,6868.333,14.318,0.133152063,13.3152063,Low,106.162
South Korea,2001,KOR,2298.658,2.413,54.165,48840.297,2.716,52.231,41971.168,85.936,1.323,1.934,6869.127,14.064,0.035705714,3.570571402,Low,52.231
South Korea,2002,KOR,2404.675,4.612,106.017,50816.59,4.336,85.644,43554.086,85.708,6.954,20.373,7262.512,14.292,0.192167294,19.21672939,Low,85.644
South Korea,2003,KOR,2482.262,3.227,77.587,52214.469,2.209,45.521,44310.902,84.863,9.99,32.066,7903.56,15.137,0.413290886,41.32908864,Low,45.521
South Korea,2004,KOR,2540.134,2.331,57.871,53221.828,2.78,58.562,45363.797,85.235,0.491,-0.691,7858.03,14.765,-0.01194035,-1.194035009,Low,58.562
South Korea,2005,KOR,2625.468,3.359,85.334,54823.371,2.085,45.153,46152.922,84.185,11.498,40.182,8670.451,15.815,0.470879134,47.08791338,Low,45.152
South Korea,2006,KOR,2669.078,1.661,43.61,55548.691,1.84,40.66,46845.672,84.333,1.546,2.95,8703.021,15.667,0.067645036,6.764503554,Low,40.66
South Korea,2007,KOR,2749.141,3,80.062,57011.746,4.288,96.523,48681.008,85.388,-3.153,-16.461,8330.735,14.612,-0.205603158,-20.56031576,Low,96.523
South Korea,2008,KOR,2794.909,1.665,45.769,57747.695,1.091,25.619,49031.273,84.906,6.029,20.15,8716.42,15.094,0.440254321,44.02543206,Low,25.619
South Korea,2009,KOR,2810.56,0.56,15.65,57844.699,1.074,25.477,49364.5,85.34,-1.356,-9.827,8480.197,14.66,-0.627923323,-62.79233227,Low,25.477
South Korea,2010,KOR,3035.251,7.995,224.692,62181.16,9.207,220.836,53661.062,86.298,1.999,3.856,8520.098,13.702,0.01716127,1.716126965,Low,220.836
South Korea,2011,KOR,3176.248,4.645,140.997,64597.434,4.678,122.535,55763.691,86.325,4.796,18.462,8833.746,13.675,0.130938956,13.09389561,Low,122.535
South Korea,2012,KOR,3216.293,1.261,40.045,64799.957,1.872,51.321,56276.027,86.846,-2.022,-11.276,8523.935,13.154,-0.281583219,-28.15832189,Low,51.321
South Korea,2013,KOR,3225.866,0.298,9.573,64390.82,1.217,33.986,56433.148,87.642,-4.482,-24.413,7957.678,12.358,-2.550193252,-255.0193252,Low,33.986
South Korea,2014,KOR,3252.673,0.831,26.807,64335.422,-0.862,-24.376,55437.75,86.17,12.349,51.183,8897.671,13.83,1.909314731,190.9314731,High,-24.376
South Korea,2015,KOR,3309.518,1.748,56.844,64899.633,1.109,31.079,55572.844,85.629,6.051,25.765,9326.788,14.371,0.45325804,45.32580395,Low,31.079
South Korea,2016,KOR,3407.431,2.959,97.913,66408.734,3.513,99.547,57171.148,86.09,0.071,-1.634,9237.584,13.91,-0.016688284,-1.66882845,Low,99.547
South Korea,2017,KOR,3445.807,1.126,38.376,66893.758,2.175,63.807,58186.031,86.983,-5.148,-25.431,8707.733,13.017,-0.6626798,-66.26797999,Low,63.807
South Korea,2018,KOR,3503.051,1.661,57.243,67787.555,2.632,78.875,59526.273,87.813,-3.685,-21.632,8261.278,12.187,-0.377897734,-37.78977342,Low,78.875
South Korea,2019,KOR,3462.676,-1.153,-40.375,66842.078,-2.767,-85.112,57737.457,86.379,10.517,44.737,9104.625,13.621,-1.108037152,-110.8037152,Low,-85.112
South Korea,2020,KOR,3346.965,-3.342,-115.711,64557.531,-5.677,-169.814,54416.52,84.292,11.52,54.103,10141.004,15.708,-0.467570067,-46.75700668,Low,-169.814
South Korea,2021,KOR,3506.508,4.767,159.543,67653.844,5.169,145.841,57245.629,84.615,2.136,13.702,10408.218,15.385,0.085882803,8.588280276,Low,145.841
South Korea,2022,KOR,3542.344,1.022,35.836,68364.156,-0.95,-28.198,56717.258,82.963,12.399,64.034,11646.893,17.037,1.786862373,178.6862373,High,-28.198
South Korea,2023,KOR,3453.895,-2.497,-88.449,66698.023,-3.399,-99.896,54822.949,82.196,2.324,11.447,11875.082,17.804,-0.129419213,-12.94192133,Low,-99.896
South Sudan,2012,SSD,5.969,,,557.737,,,,,,,,,0,0,Low,0
South Sudan,2013,SSD,6.313,5.771,0.344,568.443,,,,,,,,,0,0,Low,0.344
South Sudan,2014,SSD,6.531,3.456,0.218,582.462,,,,,,,,,0,0,Low,0.218
South Sudan,2015,SSD,8.004,22.546,1.473,714.991,,,,,,,,,0,0,Low,1.473
South Sudan,2016,SSD,7.728,-3.441,-0.275,698.385,,,,,,,,,0,0,Low,-0.275
South Sudan,2017,SSD,6.773,-12.366,-0.956,635.443,,,,,,,,,0,0,Low,-0.956
South Sudan,2018,SSD,6.983,3.107,0.21,671.758,,,,,,,,,0,0,Low,0.21
South Sudan,2019,SSD,7.809,11.833,0.826,747.486,,,,,,,,,0,0,Low,0.826
South Sudan,2020,SSD,7.458,-4.506,-0.352,703.135,,,,,,,,,0,0,Low,-0.352
South Sudan,2021,SSD,7.868,5.498,0.41,731.989,,,,,,,,,0,0,Low,0.41
Spain,1975,ESP,736.829,2.713,19.462,20604.588,5.223,31.668,17840.617,86.586,-10.887,-12.207,2763.972,13.414,-0.627222279,-62.72222793,Low,31.669
Spain,1974,ESP,717.367,4.081,28.13,20304.824,3.645,21.325,17161.668,84.52,6.558,6.805,3143.157,15.48,0.241912549,24.19125489,Low,21.325
Spain,1973,ESP,689.238,9.479,59.675,19749.98,14.479,73.99,16762.924,84.876,-11.837,-14.314,2987.057,15.124,-0.239865941,-23.98659405,Low,73.989
Spain,1971,ESP,582.201,10.107,53.44,17056.516,8.319,36.926,14085.702,82.583,19.654,16.514,2970.813,17.417,0.309019461,30.90194611,Low,36.926
Spain,1970,ESP,528.761,7.864,38.552,15647.218,11.704,46.507,13135.114,83.945,-8.558,-7.954,2512.103,16.055,-0.206318738,-20.63187383,Low,46.506
Spain,1972,ESP,629.562,8.135,47.362,18240.162,6.283,30.209,14805.233,81.168,17.127,17.153,3434.93,18.832,0.362167983,36.21679828,Low,30.209
Spain,1969,ESP,490.208,13.207,57.189,14641.602,,,11868.494,81.06,28.446,20.494,2773.107,18.94,0.358355628,35.83556278,Low,36.695
Spain,1968,ESP,433.019,5.219,21.477,13059.436,,,,,8.006,5.354,2182.022,,0.249289938,24.92899381,Low,16.123
Spain,1967,ESP,411.542,7.789,29.74,12541.579,,,,,-16.879,-13.605,2041.691,,-0.457464694,-45.7464694,Low,43.345
Spain,1966,ESP,381.803,13.158,44.396,11761.427,,,,,38.457,22.387,2482.932,,0.50425714,50.42571403,Medium,22.009
Spain,1965,ESP,337.407,,,10507.177,,,,,,,1812.849,,0,0,Low,0
Spain,1976,ESP,787.319,6.852,50.49,21785.803,10.251,65.4,19463.383,89.34,-14.969,-14.911,2322.419,10.66,-0.295325807,-29.53258071,Low,65.401
Spain,1977,ESP,816.26,3.676,28.941,22355.273,-3.385,-23.807,18612.014,83.256,62.032,52.748,3743.259,16.744,1.822604609,182.2604609,High,-23.807
Spain,1978,ESP,819.629,0.413,3.369,22232.996,-0.248,-1.687,18388.348,82.707,3.777,5.057,3844.649,17.293,1.501038884,150.1038884,High,-1.688
Spain,1979,ESP,882.752,7.701,63.123,23736.928,7.059,47.849,19515.031,82.214,10.644,15.273,4221.898,17.786,0.241956181,24.19561808,Low,47.85
Spain,1980,ESP,887.016,0.483,4.264,23659.025,7.995,58.023,20905.082,88.36,-34.209,-53.758,2753.945,11.64,-12.60741088,-1260.741088,Low,58.022
Spain,1981,ESP,894.217,0.812,7.201,23682.451,2.177,17.066,21209.242,89.557,-9.015,-9.865,2473.21,10.443,-1.369948618,-136.9948618,Low,17.066
Spain,1982,ESP,893.8,-0.047,-0.417,23532.107,-1.415,-11.335,20786.004,88.33,11.445,10.918,2746.104,11.67,-26.1822542,-2618.22542,Low,-11.335
Spain,1983,ESP,914.974,2.369,21.174,23971.16,1.705,13.46,21036.48,87.757,7.528,7.713,2934.681,12.243,0.364267498,36.42674979,Low,13.461
Spain,1984,ESP,929.585,1.597,14.611,24252.189,-4.201,-33.733,20068.504,82.749,44.037,48.344,4183.687,17.251,3.30873999,330.873999,High,-33.733
Spain,1985,ESP,922.283,-0.785,-7.302,23972.881,-2.728,-20.982,19449.035,81.129,8.748,13.681,4523.845,18.871,-1.873596275,-187.3596275,Low,-20.983
Spain,1986,ESP,941.692,2.104,19.409,24401.979,0.949,7.103,19573.174,80.211,7.587,12.306,4828.806,19.789,0.634035757,63.40357566,Medium,7.103
Spain,1987,ESP,976.362,3.682,34.67,25232.549,2.799,21.142,20067.078,79.529,7.33,13.528,5165.472,20.471,0.390193251,39.01932506,Low,21.142
Spain,1988,ESP,1019.785,4.447,43.424,26295.514,-0.807,-6.269,19860.305,75.527,24.803,49.693,6435.207,24.473,1.14436717,114.436717,High,-6.269
Spain,1989,ESP,1068.388,4.766,48.602,27502.225,10.361,79.798,21880.924,79.561,-11.938,-31.196,5621.301,20.439,-0.64186659,-64.18665899,Low,79.798
Spain,1990,ESP,1068.754,0.034,0.367,27481.551,-1.434,-12.185,21543.645,78.393,5.484,12.552,5937.906,21.607,34.20163488,3420.163488,High,-12.185
Spain,1991,ESP,1106.518,3.533,37.764,28374.404,3.404,28.517,22215.705,78.295,3.963,9.247,6158.7,21.705,0.244862832,24.48628323,Low,28.517
Spain,1992,ESP,1159.128,4.755,52.61,29567.898,8.817,76.389,24048.006,81.331,-9.633,-23.779,5519.894,18.669,-0.451986314,-45.19863144,Low,76.389
Spain,1993,ESP,1121.501,-3.246,-37.627,28449.67,-5.792,-54.606,22529.621,79.191,7.631,16.979,5920.049,20.809,-0.451245117,-45.12451165,Low,-54.606
Spain,1994,ESP,1174.692,4.743,53.19,29646.164,4.92,43.696,23516.85,79.325,3.914,9.495,6129.313,20.675,0.178510998,17.85109983,Low,43.695
Spain,1995,ESP,1219.41,3.807,44.718,30627.23,6.205,57.818,24856.314,81.158,-5.282,-13.1,5770.913,18.842,-0.292946912,-29.29469118,Low,57.818
Spain,1996,ESP,1266.568,3.867,47.158,31666.996,-0.523,-5.175,24613.867,77.727,22.198,52.334,7053.128,22.273,1.109758684,110.9758684,High,-5.176
Spain,1997,ESP,1317.594,4.029,51.026,32792.242,6.752,66.476,26155.869,79.762,-5.428,-15.451,6636.373,20.238,-0.302806412,-30.28064124,Low,66.477
Spain,1998,ESP,1377.544,4.55,59.95,34129.422,4.731,49.724,27269.678,79.901,3.903,10.226,6859.743,20.099,0.17057548,17.05754796,Low,49.724
Spain,1999,ESP,1441.673,4.655,64.13,35559.797,8.426,92.738,29436.135,82.779,-10.111,-28.609,6123.655,17.221,-0.446109465,-44.61094651,Low,92.739
Spain,2000,ESP,1525.348,5.804,83.675,37439.527,4.122,49.196,30499.564,81.464,13.705,34.479,6939.961,18.536,0.41205856,41.20585599,Low,49.196
Spain,2001,ESP,1587.078,4.047,61.73,38740.926,1.546,19.215,30801.24,79.506,15.442,42.515,7939.685,20.494,0.688725093,68.87250931,Medium,19.215
Spain,2002,ESP,1614.626,1.736,27.548,38927.609,5.848,73.797,32200.811,82.72,-13.482,-46.249,6726.795,17.28,-1.678851459,-167.8851459,Low,73.797
Spain,2003,ESP,1694.781,4.964,80.155,40131.898,1.693,22.609,32162.299,80.141,20.772,57.547,7969.602,19.859,0.717946479,71.79464787,Medium,22.608
Spain,2004,ESP,1744.459,2.931,49.678,40606.906,4.641,63.04,33083.633,81.473,-3.266,-13.361,7523.27,18.527,-0.268952051,-26.89520512,Low,63.039
Spain,2005,ESP,1770.33,1.483,25.87,40524.547,4.965,70.57,34149.461,84.269,-13.192,-44.699,6375.085,15.731,-1.727831465,-172.7831465,Low,70.569
Spain,2006,ESP,1783.067,0.719,12.737,40138.527,-1.48,-22.086,33085.371,82.428,13.019,34.823,7053.155,17.572,2.734003297,273.4003297,High,-22.086
Spain,2007,ESP,1828.408,2.543,45.341,40410.574,2.626,38.596,33336.633,82.495,5.357,6.745,7073.944,17.505,0.148761606,14.87616065,Low,38.596
Spain,2008,ESP,1774.594,-2.943,-53.814,38606.211,-5.218,-78.71,31101.586,80.561,10.713,24.895,7504.624,19.439,-0.46261196,-46.26119597,Low,-78.709
Spain,2009,ESP,1652.099,-6.903,-122.495,35630.328,-9.959,-142.373,27761.945,77.917,9.026,19.878,7868.385,22.083,-0.162276011,-16.22760113,Low,-142.373
Spain,2010,ESP,1692.348,2.436,40.249,36337.699,-3.96,-50.981,26545.08,73.051,26.472,91.23,9792.618,26.949,2.266640165,226.6640165,High,-50.981
Spain,2011,ESP,1661.356,-1.831,-30.992,35552.812,0.502,6.208,26589.064,74.788,-5.702,-37.2,8963.748,25.212,1.200309757,120.0309757,High,6.208
Spain,2012,ESP,1647.511,-0.833,-13.845,35236.293,-2.419,-30.052,25931.064,73.592,6.411,16.207,9305.226,26.408,-1.170603106,-117.0603106,Low,-30.052
Spain,2013,ESP,1578.531,-4.187,-68.98,33871.531,-8.31,-100.749,23854.16,70.425,0.119,31.768,10017.373,29.575,-0.460539287,-46.05392867,Low,-100.748
Spain,2014,ESP,1554.219,-1.54,-24.312,33449.562,-2.001,-22.245,23446.734,70.096,0.402,-2.067,10002.829,29.904,0.085019743,8.501974334,Low,-22.245
Spain,2015,ESP,1573.144,1.218,18.926,33881.086,5.186,56.497,24680.283,72.844,-7.061,-37.571,9200.805,27.156,-1.9851527,-198.51527,Low,56.497
Spain,2016,ESP,1582.913,0.621,9.769,34060.691,-1.172,-13.432,24368.967,71.546,6.451,23.201,9691.725,28.454,2.374961613,237.4961613,High,-13.432
Spain,2017,ESP,1602.043,1.208,19.129,34390.281,5.711,64.677,25699.383,74.729,-8.16,-45.548,8690.897,25.271,-2.381096764,-238.1096764,Low,64.677
Spain,2018,ESP,1628.671,1.662,26.629,34806.586,-1.215,-14.545,25274.375,72.614,12.118,41.174,9532.213,27.386,1.54620902,154.620902,High,-14.545
Spain,2019,ESP,1583.871,-2.751,-44.8,33605.449,-2.393,-28.304,24491.879,72.881,-3.102,-16.496,9113.574,27.119,0.368214286,36.82142857,Low,-28.304
Spain,2020,ESP,1422.96,-10.159,-160.911,30043.191,-17.605,-203.218,20081.115,66.841,8.379,42.307,9962.076,33.159,-0.262921739,-26.29217393,Low,-203.218
Spain,2021,ESP,1530.27,7.541,107.31,32225.066,8.622,82.002,21755.889,67.512,5.03,25.307,10469.181,32.488,0.235830771,23.58307707,Low,82.003
Spain,2022,ESP,1591.031,3.971,60.761,33454.09,6.324,65.335,23096.859,69.04,-0.655,-4.574,10357.231,30.96,-0.07527855,-7.527855039,Low,65.335
Spain,2023,ESP,1572.863,-1.142,-18.168,33099.23,-5.383,-59.125,21871.59,66.079,7.64,40.958,11227.64,33.921,-2.254403347,-225.4403347,Low,-59.126
Sri Lanka,1965,LKA,10.454,,,947.313,,,,,,,97.805,,0,0,Low,0
Sri Lanka,1966,LKA,10.781,3.131,0.327,954.108,,,,,9.315,0.101,104.413,,0.308868502,30.88685015,Low,0.226
Sri Lanka,1967,LKA,11.047,2.463,0.266,954.686,,,,,2.757,0.033,104.776,,0.12406015,12.40601504,Low,0.233
Sri Lanka,1968,LKA,11.483,3.95,0.436,969.291,,,,,15.61,0.189,118.311,,0.433486239,43.34862385,Low,0.247
Sri Lanka,1969,LKA,11.927,3.866,0.444,984.131,,,,,15.823,0.222,133.952,,0.5,50,Medium,0.222
Sri Lanka,1970,LKA,19.764,65.706,7.837,1595.282,,,,,34.845,0.566,176.697,,0.072221513,7.222151333,Low,7.271
Sri Lanka,1971,LKA,20.131,1.86,0.368,1590.805,,,,,11.509,0.252,192.893,,0.684782609,68.47826087,Medium,0.116
Sri Lanka,1972,LKA,21.116,4.895,0.985,1635.105,,,,,2.617,0.064,193.958,,0.064974619,6.497461929,Low,0.921
Sri Lanka,1973,LKA,21.854,3.494,0.738,1659.427,,,,,-17.873,-0.448,156.205,,-0.60704607,-60.70460705,Low,1.186
Sri Lanka,1974,LKA,18.762,-14.148,-3.092,1398.266,,,,,43.395,0.893,219.841,,-0.288809832,-28.88098318,Low,-3.985
Sri Lanka,1975,LKA,19.575,4.334,0.813,1432.75,,,,,7.919,0.234,233.003,,0.287822878,28.78228782,Low,0.579
Sri Lanka,1976,LKA,19.248,-1.671,-0.327,1383.759,,,,,3.056,0.097,235.855,,-0.296636086,-29.66360856,Low,-0.424
Sri Lanka,1977,LKA,20.68,7.439,1.432,1460.562,,,,,9.41,0.309,253.512,,0.215782123,21.57821229,Low,1.123
Sri Lanka,1978,LKA,21.688,4.873,1.008,1504.555,,,,,12.555,0.451,280.276,,0.447420635,44.74206349,Low,0.557
Sri Lanka,1979,LKA,22.81,5.174,1.122,1553.778,,,,,6.99,0.282,294.442,,0.251336898,25.13368984,Low,0.84
Sri Lanka,1980,LKA,23.013,0.891,0.203,1540.014,,,,,1.252,0.054,292.876,,0.266009852,26.60098522,Low,0.149
Sri Lanka,1981,LKA,24.163,4.994,1.149,1589.77,,,,,6.182,0.271,305.759,,0.235857267,23.58572672,Low,0.878
Sri Lanka,1982,LKA,26.031,7.732,1.868,1686.088,,,,,2.291,0.106,307.904,,0.056745182,5.674518201,Low,1.762
Sri Lanka,1983,LKA,25.673,-1.375,-0.358,1639.57,,,,,-24.285,-1.154,229.86,,3.223463687,322.3463687,High,0.796
Sri Lanka,1984,LKA,27.215,6.006,1.542,1714.594,,,,,71.886,2.587,389.767,,1.67769131,167.769131,High,-1.045
Sri Lanka,1985,LKA,25.696,-5.582,-1.519,1596.779,,,,,14.501,0.897,440.195,,-0.590520079,-59.0520079,Low,-2.416
Sri Lanka,1986,LKA,27.047,5.26,1.352,1657.521,,,,,10.415,0.738,479.319,,0.545857988,54.58579882,Medium,0.614
Sri Lanka,1987,LKA,27.813,2.831,0.766,1680.844,,,,,-17.697,-1.384,389.032,,-1.806788512,-180.6788512,Low,2.15
Sri Lanka,1988,LKA,27.516,-1.068,-0.297,1640.432,,,,,19.279,1.241,457.764,,-4.178451178,-417.8451178,Low,-1.538
Sri Lanka,1989,LKA,26.795,-2.619,-0.721,1577.079,,,,,7.875,0.605,487.512,,-0.839112344,-83.9112344,Low,-1.326
Sri Lanka,1990,LKA,29.887,11.537,3.091,1737.202,,,,,12.266,1.016,540.519,,0.328696215,32.86962148,Low,2.075
Sri Lanka,1991,LKA,29.827,-0.202,-0.06,1712.537,,,,,-0.897,-0.083,529.136,,1.383333333,138.3333333,High,0.023
Sri Lanka,1992,LKA,31.998,7.282,2.172,1815.572,,,,,-6.953,-0.641,486.538,,-0.295119705,-29.51197053,Low,2.813
Sri Lanka,1993,LKA,34.901,9.07,2.902,1957.905,,,,,30.901,2.65,629.697,,0.913163336,91.31633356,Medium,0.252
Sri Lanka,1994,LKA,37.809,8.334,2.909,2099.156,,,,,7.721,0.867,671.308,,0.298040564,29.80405638,Low,2.042
Sri Lanka,1995,LKA,40.738,7.746,2.929,2241.126,,,,,10.393,1.257,734.32,,0.429156709,42.91567088,Low,1.672
Sri Lanka,1996,LKA,42.855,5.196,2.117,2338.919,,,,,-27.961,-3.732,524.81,,-1.762871989,-176.2871989,Low,5.849
Sri Lanka,1997,LKA,44.234,3.217,1.379,2397.603,,,,,6.008,0.578,552.522,,0.419144307,41.91443075,Low,0.801
Sri Lanka,1998,LKA,47.156,6.606,2.922,2540.602,,,,,13.567,1.383,623.705,,0.473305955,47.33059548,Low,1.539
Sri Lanka,1999,LKA,50.719,7.557,3.564,2716.56,,,,,6.796,0.787,662.179,,0.220819304,22.08193042,Low,2.777
Sri Lanka,2000,LKA,53.547,5.574,2.827,2851.808,,,,,-23.271,-2.877,505.217,,-1.017686594,-101.7686594,Low,5.704
Sri Lanka,2001,LKA,52.033,-2.827,-1.514,2750.116,,,,,-2.674,-0.314,484.797,,0.207397622,20.73976222,Low,-1.2
Sri Lanka,2002,LKA,53.509,2.837,1.476,2799.956,,,,,-13.347,-1.276,413.222,,-0.864498645,-86.4498645,Low,2.752
Sri Lanka,2003,LKA,55.062,2.901,1.553,2852.466,,,,,22.88,1.745,499.483,,1.123631681,112.3631681,High,-0.192
Sri Lanka,2004,LKA,53.507,-2.824,-1.555,2745.289,,,,,-10.497,-1.067,439.941,,0.686173633,68.61736334,Medium,-0.488
Sri Lanka,2005,LKA,61.786,15.474,8.28,3140.531,,,,,16.576,1.359,504.906,,0.164130435,16.41304348,Low,6.921
Sri Lanka,2006,LKA,66.334,7.36,4.548,3338.283,,,,,34.133,3.306,666.3,,0.726912929,72.69129288,Medium,1.242
Sri Lanka,2007,LKA,67.44,1.667,1.106,3358.799,,,2800.279,83.371,-14.765,-2.026,558.52,16.629,-1.831826401,-183.1826401,Low,3.132
Sri Lanka,2008,LKA,63.576,-5.73,-3.864,3134.03,,,,,4.757,0.462,575.612,,-0.119565217,-11.95652174,Low,-4.326
Sri Lanka,2009,LKA,64.46,1.391,0.884,3147.071,,,,,-5.539,-0.708,535.528,,-0.800904977,-80.09049774,Low,1.592
Sri Lanka,2010,LKA,69.616,7.999,5.156,3368.203,,,,,46.198,4.969,771.134,,0.963731575,96.37315749,Medium,0.187
Sri Lanka,2011,LKA,75.579,8.566,5.963,3623.197,,,,,-17.805,-2.915,624.318,,-0.488847895,-48.88478954,Low,8.878
Sri Lanka,2012,LKA,77.952,3.14,2.373,3708.993,,,,,-26.182,-3.468,454.632,,-1.461441214,-146.1441214,Low,5.841
Sri Lanka,2013,LKA,79.214,1.619,1.262,3748.582,,,,,106.96,10.093,929.778,,7.997622821,799.7622821,High,-8.831
Sri Lanka,2014,LKA,85.891,8.429,6.677,4043.941,,,,,-31.924,-6.341,626.522,,-0.949677999,-94.96779991,Low,13.018
Sri Lanka,2015,LKA,91.3,6.298,5.409,4279.023,,,,,31.084,4.035,812.782,,0.745978924,74.5978924,Medium,1.374
Sri Lanka,2016,LKA,100.872,10.484,9.572,4708.024,,,,,-26.408,-4.639,592.894,,-0.484642708,-48.46427079,Low,14.211
Sri Lanka,2017,LKA,106.731,5.809,5.86,4962.682,,,,,-0.878,-0.187,581.975,,-0.031911263,-3.19112628,Low,6.047
Sri Lanka,2018,LKA,112.369,5.282,5.638,5206.926,,,,,52.378,6.438,878.305,,1.141894289,114.1894289,High,-0.8
Sri Lanka,2019,LKA,113.035,0.593,0.666,5221.115,,,,,-19.146,-3.658,706.524,,-5.492492492,-549.2492492,Low,4.324
Sri Lanka,2020,LKA,106,-6.224,-7.035,4881.421,,,,,8.091,1.163,757.951,,-0.165316276,-16.53162758,Low,-8.198
Sri Lanka,2021,LKA,109.638,3.431,3.637,5035.38,,,,,46.033,7.5,1100.382,,2.062139126,206.2139126,High,-3.863
Sri Lanka,2022,LKA,97.577,-11.001,-12.061,4469.398,,,,,0.759,0.095,1101.771,,-0.007876627,-0.787662715,Low,-12.156
Sri Lanka,2023,LKA,99.309,1.775,1.732,4535.982,,,,,-7.34,-1.838,1014.738,,-1.061200924,-106.1200924,Low,3.57
Sudan,1980,SDN,15.199,,,911.558,,,,,,,,,0,0,Low,0
Sudan,1981,SDN,16.539,8.815,1.34,950.267,,,,,,,,,0,0,Low,1.34
Sudan,1982,SDN,17.856,7.965,1.317,984.969,,,,,,,,,0,0,Low,1.317
Sudan,1983,SDN,17.242,-3.437,-0.614,920.381,,,,,,,,,0,0,Low,-0.614
Sudan,1984,SDN,15.978,-7.33,-1.264,833.696,,,,,,,,,0,0,Low,-1.264
Sudan,1985,SDN,18.306,14.564,2.327,937.922,,,,,,,,,0,0,Low,2.327
Sudan,1986,SDN,20.166,10.164,1.861,1014.016,,,,,,,,,0,0,Low,1.861
Sudan,1987,SDN,19.422,-3.692,-0.745,960.014,,,,,,,,,0,0,Low,-0.745
Sudan,1988,SDN,21.012,8.188,1.59,1027.282,,,,,,,,,0,0,Low,1.59
Sudan,1989,SDN,20.408,-2.876,-0.604,984.987,,,,,,,,,0,0,Low,-0.604
Sudan,1990,SDN,18.628,-8.719,-1.779,883.241,,,,,,,,,0,0,Low,-1.779
Sudan,1991,SDN,25.898,39.027,7.27,1207.178,,,,,,,,,0,0,Low,7.27
Sudan,1992,SDN,23.91,-7.677,-1.988,1097.808,,,,,,,,,0,0,Low,-1.988
Sudan,1993,SDN,22.676,-5.161,-1.234,1023.148,,,,,,,,,0,0,Low,-1.234
Sudan,1994,SDN,20.844,-8.08,-1.832,918.097,,,,,,,,,0,0,Low,-1.832
Sudan,1995,SDN,19.229,-7.747,-1.615,825.631,,,,,,,,,0,0,Low,-1.615
Sudan,1996,SDN,19.548,1.659,0.319,819.218,,,,,,,,,0,0,Low,0.319
Sudan,1997,SDN,19.942,2.012,0.393,815.467,,,,,,,,,0,0,Low,0.393
Sudan,1998,SDN,19.969,0.138,0.028,797.84,,,,,,,,,0,0,Low,0.028
Sudan,1999,SDN,21.594,8.137,1.625,842.398,,,,,,,,,0,0,Low,1.625
Sudan,2000,SDN,31.099,44.018,9.505,1182.543,,,,,,,,,0,0,Low,9.505
Sudan,2001,SDN,33.413,7.438,2.313,1239.924,,,,,,,,,0,0,Low,2.313
Sudan,2002,SDN,39.557,18.389,6.144,1434.762,,,,,,,,,0,0,Low,6.144
Sudan,2003,SDN,41.019,3.697,1.463,1455.157,,,,,,,,,0,0,Low,1.463
Sudan,2004,SDN,44.981,9.658,3.962,1560.131,,,,,,,,,0,0,Low,3.962
Sudan,2005,SDN,52.217,16.087,7.236,1767.634,,,,,,,,,0,0,Low,7.236
Sudan,2006,SDN,62.257,19.227,10.04,2052.445,,,,,,,,,0,0,Low,10.04
Sudan,2007,SDN,66.082,6.145,3.826,2118.628,,,,,,,,,0,0,Low,3.826
Sudan,2008,SDN,72.024,8.991,5.941,2246.169,,,,,,,,,0,0,Low,5.941
Sudan,2009,SDN,77.592,7.731,5.568,2354.965,,,,,,,,,0,0,Low,5.568
Sudan,2010,SDN,87.871,13.248,10.279,2604.365,,,,,,,,,0,0,Low,10.279
Sudan,2011,SDN,84.763,-3.537,-3.108,2462.639,,,,,,,,,0,0,Low,-3.108
Sudan,2012,SDN,81.786,-3.512,-2.977,2326.128,,,,,,,,,0,0,Low,-2.977
Sudan,2013,SDN,85.838,4.955,4.052,2385.017,,,,,,,,,0,0,Low,4.052
Sudan,2014,SDN,88.025,2.547,2.186,2378.84,,,,,,,,,0,0,Low,2.186
Sudan,2015,SDN,91.009,3.391,2.985,2384.243,,,,,,,,,0,0,Low,2.985
Sudan,2016,SDN,105.69,16.131,14.681,2684.055,,,,,,,,,0,0,Low,14.681
Sudan,2017,SDN,107.986,2.172,2.296,2654.543,,,,,,,,,0,0,Low,2.296
Sudan,2018,SDN,107.297,-0.638,-0.689,2554.751,,,,,,,,,0,0,Low,-0.689
Sudan,2019,SDN,106.323,-0.908,-0.974,2459.363,,,,,,,,,0,0,Low,-0.974
Sudan,2020,SDN,105.69,-0.596,-0.634,2378.228,,,,,,,,,0,0,Low,-0.634
Sudan,2021,SDN,105.806,0.11,0.116,2317.393,,,,,,,,,0,0,Low,0.116
Suriname,1980,SUR,11.436,,,30485.225,,,,,,,,,0,0,Low,0
Suriname,1981,SUR,10.005,-12.513,-1.431,26617.859,,,,,,,,,0,0,Low,-1.431
Suriname,1982,SUR,10.074,0.695,0.07,26700.791,,,,,,,,,0,0,Low,0.07
Suriname,1983,SUR,7.186,-28.667,-2.888,18940.035,,,,,,,,,0,0,Low,-2.888
Suriname,1984,SUR,6.775,-5.726,-0.411,17706.029,,,,,,,,,0,0,Low,-0.411
Suriname,1985,SUR,8.304,22.574,1.529,21447.695,,,,,,,,,0,0,Low,1.529
Suriname,1986,SUR,7.64,-7.999,-0.664,19470.699,,,,,,,,,0,0,Low,-0.664
Suriname,1987,SUR,5.539,-27.495,-2.101,13957.419,,,,,,,,,0,0,Low,-2.101
Suriname,1988,SUR,6.501,17.358,0.962,16165.389,,,,,,,,,0,0,Low,0.962
Suriname,1989,SUR,8.759,34.742,2.259,21449.387,,,,,,,,,0,0,Low,2.259
Suriname,1990,SUR,10.056,14.808,1.297,24363.615,,,,,,,,,0,0,Low,1.297
Suriname,1991,SUR,10.322,2.636,0.265,24812.104,,,,,,,,,0,0,Low,0.265
Suriname,1992,SUR,10.073,-2.408,-0.249,24010.205,,,,,,,,,0,0,Low,-0.249
Suriname,1993,SUR,10.327,2.522,0.254,24449.406,,,,,,,,,0,0,Low,0.254
Suriname,1994,SUR,10.343,0.157,0.016,24248.496,,,,,,,,,0,0,Low,0.016
Suriname,1995,SUR,9.93,-3.995,-0.413,22854.074,,,,,,,,,0,0,Low,-0.413
Suriname,1996,SUR,9.811,-1.195,-0.119,22105.609,,,,,,,,,0,0,Low,-0.119
Suriname,1997,SUR,10.031,2.238,0.22,22148.383,,,,,,,,,0,0,Low,0.22
Suriname,1998,SUR,10.025,-0.06,-0.006,21710.32,,,,,,,,,0,0,Low,-0.006
Suriname,1999,SUR,10.087,0.618,0.062,21439.824,,,,,,,,,0,0,Low,0.062
Suriname,2000,SUR,8.363,-17.09,-1.724,17458.83,,,,,,,,,0,0,Low,-1.724
Suriname,2001,SUR,8.256,-1.274,-0.107,16939.615,,,,,,,,,0,0,Low,-0.107
Suriname,2002,SUR,9.158,10.926,0.902,18476.682,,,,,,,,,0,0,Low,0.902
Suriname,2003,SUR,8.114,-11.408,-1.045,16105.433,,,,,,,,,0,0,Low,-1.045
Suriname,2004,SUR,9.196,13.338,1.082,18010.424,,,,,,,,,0,0,Low,1.082
Suriname,2005,SUR,9.358,1.764,0.162,18127.873,,,,,,,,,0,0,Low,0.162
Suriname,2006,SUR,10.199,8.988,0.841,19537.414,,,,,,,,,0,0,Low,0.841
Suriname,2007,SUR,9.535,-6.515,-0.664,18059.73,,,,,,,,,0,0,Low,-0.664
Suriname,2008,SUR,11.281,18.311,1.746,21127.252,,,,,,,,,0,0,Low,1.746
Suriname,2009,SUR,11.473,1.703,0.192,21246.133,,,,,,,,,0,0,Low,0.192
Suriname,2010,SUR,13.78,20.112,2.307,25234.633,,,,,,,,,0,0,Low,2.307
Suriname,2011,SUR,11.212,-18.638,-2.568,20305.736,,,,,,,,,0,0,Low,-2.568
Suriname,2012,SUR,12.209,8.896,0.997,21876.135,,,,,,,,,0,0,Low,0.997
Suriname,2013,SUR,11.753,-3.737,-0.456,20840.512,,,,,,,,,0,0,Low,-0.456
Suriname,2014,SUR,11.44,-2.661,-0.313,20081.727,,,,,,,,,0,0,Low,-0.313
Suriname,2015,SUR,10.528,-7.978,-0.913,18293.592,,,,,,,,,0,0,Low,-0.913
Suriname,2016,SUR,10.94,3.921,0.413,18815.174,,,,,,,,,0,0,Low,0.413
Suriname,2017,SUR,12.749,16.536,1.809,21698.678,,,,,,,,,0,0,Low,1.809
Suriname,2018,SUR,12.877,1.003,0.128,21688.73,,,,,,,,,0,0,Low,0.128
Suriname,2019,SUR,12.984,0.831,0.107,21629.324,,,,,,,,,0,0,Low,0.107
Suriname,2020,SUR,12.358,-4.826,-0.627,20356.205,,,,,,,,,0,0,Low,-0.627
Suriname,2021,SUR,12.434,0.622,0.077,20284.996,,,,,,,,,0,0,Low,0.077
Sweden,1965,SWE,392.954,,,50666.059,,,,,,,17705.99,,0,0,Low,0
Sweden,1966,SWE,419.035,6.637,26.082,53585.234,,,,,-1.953,-2.685,17217.209,,-0.102944559,-10.29445595,Low,28.767
Sweden,1967,SWE,429.217,2.43,10.182,54450.914,,,,,8.35,11.242,18506.484,,1.104105284,110.4105284,High,-1.06
Sweden,1968,SWE,458.35,6.788,29.133,57742.93,,,,,-1.163,-1.694,18164.529,,-0.058147118,-5.814711839,Low,30.827
Sweden,1969,SWE,458.328,-0.005,-0.022,57409.148,,,,,-14.091,-20.322,15514.919,,923.7272727,92372.72727,High,20.3
Sweden,1970,SWE,486.529,6.153,28.201,60606.223,,,,,-0.516,-0.608,15353.887,,-0.021559519,-2.155951917,Low,28.809
Sweden,1971,SWE,495.322,1.807,8.793,61349.066,,,,,25.404,31.309,19143.973,,3.560673263,356.0673263,High,-22.516
Sweden,1972,SWE,510.221,3.008,14.899,62852.711,,,,,6.069,9.231,20177.574,,0.619571783,61.95717833,Medium,5.668
Sweden,1973,SWE,539.842,5.806,29.621,66181.891,,,,,12.534,20.509,22594.82,,0.692380406,69.23804058,Medium,9.112
Sweden,1974,SWE,499.548,-7.464,-40.293,60971.414,,,,,-4.338,-8.005,21517.941,,0.198669744,19.86697441,Low,-32.288
Sweden,1975,SWE,529.476,5.991,29.928,64378.641,,,,,17.178,29.116,24976.424,,0.972868217,97.28682171,Medium,0.812
Sweden,1976,SWE,562.746,6.283,33.269,68236.461,,,,,1.79,3.232,25299.896,,0.097147495,9.714749466,Low,30.037
Sweden,1977,SWE,555.369,-1.311,-7.376,67193.312,,,,,3.637,7.189,26113.777,,-0.974647505,-97.46475054,Low,-14.565
Sweden,1978,SWE,645.843,16.291,90.473,77988.031,,,,,10.902,23.298,28876.49,,0.257513291,25.75132913,Low,67.175
Sweden,1979,SWE,681.112,5.461,35.27,82100.898,,,,,0.802,2.284,29100.529,,0.064757584,6.475758435,Low,32.986
Sweden,1980,SWE,641.029,-5.885,-40.083,77123.109,,,,,4.379,10.115,30262.385,,-0.252351371,-25.23513709,Low,-50.198
Sweden,1981,SWE,636.087,-0.771,-4.942,76391.32,,,,,14.262,35.01,34412.684,,-7.084176447,-708.4176447,Low,-39.952
Sweden,1982,SWE,604.897,-4.903,-31.19,72523.25,,,,,-3.294,-9.725,33188.832,,0.311798653,31.17986534,Low,-21.465
Sweden,1983,SWE,601.358,-0.585,-3.539,71974.859,,,,,11.444,32.057,36968.555,,-9.058208533,-905.8208533,Low,-35.596
Sweden,1984,SWE,636.668,5.872,35.31,76053.758,,,,,13.856,42.338,41954.688,,1.1990371,119.90371,High,-7.028
Sweden,1985,SWE,691.626,8.632,54.958,82435.344,,,36922.555,44.79,8.843,30.634,45512.789,55.21,0.557407475,55.74074748,Medium,24.324
Sweden,1986,SWE,716.907,3.655,25.282,85226.414,7.143,22.127,39456.945,46.297,1.152,3.155,45769.469,53.703,0.124792342,12.47923424,Low,22.127
Sweden,1987,SWE,701.871,-2.097,-15.036,83179.805,-12.046,-39.981,34596.176,41.592,6.272,24.945,48583.633,58.408,-1.659018356,-165.9018356,Low,-39.981
Sweden,1988,SWE,685.929,-2.271,-15.942,81001.203,-5.535,-16.158,32564.922,40.203,0.106,0.216,48436.281,59.797,-0.013549116,-1.354911554,Low,-16.158
Sweden,1989,SWE,670.826,-2.202,-15.103,78874.5,-3.718,-10.254,31218.195,39.58,-1.278,-4.849,47656.301,60.42,0.321062041,32.10620407,Low,-10.254
Sweden,1990,SWE,644.207,-3.968,-26.62,75359.844,-13.336,-35.408,26917.547,35.719,2.219,8.789,48442.301,64.281,-0.330165289,-33.01652893,Low,-35.409
Sweden,1991,SWE,642.135,-0.322,-2.071,74717.539,0.53,1.22,26916.178,36.024,-0.533,-3.291,47801.363,63.976,1.589087397,158.9087397,High,1.22
Sweden,1992,SWE,652.992,1.691,10.857,75575.367,6.468,14.961,28504.119,37.716,-1.363,-4.104,47071.242,62.284,-0.378004974,-37.80049737,Low,14.961
Sweden,1993,SWE,647.156,-0.894,-5.836,74527.914,-0.469,-1.154,28229.639,37.878,-1.203,-4.682,46298.277,62.122,0.802261823,80.22618232,Medium,-1.154
Sweden,1994,SWE,649.779,0.405,2.623,74486.352,6.111,14.979,29817.113,40.03,-2.682,-12.356,44669.234,59.97,-4.710636676,-471.0636676,Low,14.979
Sweden,1995,SWE,666.649,2.596,16.87,76114.609,-0.418,-1.088,29573.664,38.854,4.409,17.958,46540.938,61.146,1.064493183,106.4493183,High,-1.088
Sweden,1996,SWE,650.224,-2.464,-16.426,74011.07,7.824,20.265,31789.418,42.952,-8.694,-36.691,42221.656,57.048,2.233714842,223.3714842,High,20.265
Sweden,1997,SWE,673.384,3.562,23.16,76452.516,-6.437,-17.977,29667.664,38.805,10.668,41.137,46784.848,61.195,1.776208981,177.6208981,High,-17.977
Sweden,1998,SWE,705.514,4.772,32.131,79912.117,1.764,4.61,30120.117,37.692,6.66,27.52,49792.008,62.308,0.856493729,85.64937288,Medium,4.611
Sweden,1999,SWE,690.032,-2.195,-15.483,77979.523,-1.963,-5.22,29461.25,37.781,-2.298,-10.263,48518.281,62.219,0.662856036,66.28560357,Medium,-5.22
Sweden,2000,SWE,651.783,-5.543,-38.249,73473.094,-7.042,-18.359,27318.088,37.181,-5.056,-19.889,46155.004,62.819,0.519987451,51.99874507,Medium,-18.36
Sweden,2001,SWE,695.756,6.747,43.973,78203.445,1.741,4.219,27713.385,35.438,10.784,39.754,50490.059,64.562,0.904054761,90.40547609,Medium,4.219
Sweden,2002,SWE,649.472,-6.652,-46.284,72761.773,1.205,2.972,27955.479,38.421,-10.267,-49.256,44806.293,61.579,1.064212255,106.4212255,High,2.972
Sweden,2003,SWE,609.237,-6.195,-40.235,67983.805,-0.129,-0.321,27808.918,40.905,-9.103,-39.914,40174.887,59.095,0.992021872,99.20218715,Medium,-0.321
Sweden,2004,SWE,664.597,9.087,55.359,73809.125,-0.358,-0.893,27577.67,37.363,16.438,56.253,46231.453,62.637,1.016149136,101.6149136,High,-0.894
Sweden,2005,SWE,673.01,1.266,8.413,74351.461,-4.28,-10.627,26259.012,35.317,5.013,19.04,48092.449,64.683,2.263164151,226.3164151,High,-10.627
Sweden,2006,SWE,630.143,-6.369,-42.867,69210.57,1.045,2.483,26378.953,38.114,-9.649,-45.35,42831.617,61.886,1.057923344,105.7923344,High,2.483
Sweden,2007,SWE,641.107,1.74,10.964,69957.219,-2.691,-6.462,25502.416,36.454,5.223,17.426,44454.805,63.546,1.589383437,158.9383437,High,-6.462
Sweden,2008,SWE,638.565,-0.396,-2.542,69189.039,-1.944,-4.543,24830.521,35.888,1.209,2.001,44358.523,64.112,-0.787175452,-78.71754524,Low,-4.543
Sweden,2009,SWE,579.813,-9.201,-58.752,62336.012,-8.587,-19.679,22522.238,36.13,-9.197,-39.073,39813.773,63.87,0.6650497,66.50497004,Medium,-19.679
Sweden,2010,SWE,621.735,7.23,41.922,66270.922,9.225,19.326,24389.428,36.803,6.711,22.596,41881.492,63.197,0.539001002,53.90010019,Medium,19.326
Sweden,2011,SWE,612.016,-1.563,-9.72,64644.645,-8.865,-20.284,22026.219,34.073,3.583,10.565,42618.43,65.927,-1.086934156,-108.6934156,Low,-20.285
Sweden,2012,SWE,645.245,5.429,33.229,67522.562,-5.85,-12.2,20545.314,30.427,11.901,45.429,46977.246,69.573,1.367149177,136.7149177,High,-12.2
Sweden,2013,SWE,603.543,-6.463,-41.701,62550.262,-1.866,-3.663,19967.746,31.923,-7.271,-38.038,42582.508,68.077,0.91216038,91.21603798,Medium,-3.663
Sweden,2014,SWE,600.777,-0.458,-2.767,61633.875,-2.873,-5.535,19198.035,31.149,1.702,2.768,42435.832,68.851,-1.000361402,-100.0361402,Low,-5.535
Sweden,2015,SWE,622.062,3.543,21.285,63157.691,-0.56,-1.047,18893.189,29.914,6.103,22.333,44264.504,70.086,1.049236552,104.9236552,High,-1.048
Sweden,2016,SWE,609.401,-2.035,-12.661,61225.848,2.89,5.378,19236.1,31.418,-2.654,-18.039,41989.75,68.582,1.424768976,142.4768976,High,5.378
Sweden,2017,SWE,631.343,3.601,21.942,62769.023,1.306,2.5,19284.059,30.722,4.744,19.443,43484.965,69.278,0.886108832,88.61088324,Medium,2.499
Sweden,2018,SWE,609.195,-3.508,-22.148,59946.555,-9.582,-18.585,17257.699,28.788,0.491,-3.563,42688.863,71.212,0.160872314,16.08723135,Low,-18.585
Sweden,2019,SWE,625.819,2.729,16.624,60948.945,1.546,2.711,17344.242,28.457,3.305,13.913,43604.703,71.543,0.836922522,83.69225217,Medium,2.711
Sweden,2020,SWE,600.279,-4.081,-25.54,57891.91,-8.489,-15.118,15717.244,27.149,-2.039,-10.422,42174.664,72.851,0.408065779,40.80657792,Low,-15.118
Sweden,2021,SWE,633.68,5.564,33.4,60540.156,8.453,13.777,16886.092,27.892,4.973,19.623,43654.055,72.108,0.58751497,58.75149701,Medium,13.777
Sweden,2022,SWE,621.694,-1.891,-11.986,58931.953,-9.945,-17.578,15088.168,25.603,2.543,5.592,43843.785,74.397,-0.466544302,-46.65443017,Low,-17.578
Sweden,2023,SWE,597.502,-3.891,-24.191,56303.941,-2.76,-4.393,14585.001,25.904,-3.758,-19.798,41718.941,74.096,0.818403539,81.84035385,Medium,-4.393
Switzerland,1965,CHE,182.468,,,31153.631,,,,,,,12165.755,,0,0,Low,0
Switzerland,1966,CHE,196.104,7.473,13.636,33133.602,,,,,14.198,10.117,13748.585,,0.741933118,74.19331182,Medium,3.519
Switzerland,1967,CHE,209.444,6.802,13.339,34951.883,,,,,8.473,6.895,14729.924,,0.516905315,51.69053152,Medium,6.444
Switzerland,1968,CHE,219.987,5.034,10.543,36252.379,,,21869.789,60.326,-1.122,-0.99,14382.588,39.674,-0.093901167,-9.390116665,Low,11.533
Switzerland,1969,CHE,227.568,3.446,7.581,37082.551,7.399,9.819,23225.4,62.632,-2.491,-2.238,13857.15,37.368,-0.295211713,-29.52117135,Low,9.819
Switzerland,1970,CHE,249.066,9.447,21.497,40293.867,10.708,15.262,25527.516,63.353,7.5,6.236,14766.347,36.647,0.290086989,29.00869889,Low,15.261
Switzerland,1971,CHE,254.864,2.328,5.798,41016.348,4.59,7.243,26559.762,64.754,-1.629,-1.445,14456.584,35.246,-0.24922387,-24.92238703,Low,7.243
Switzerland,1972,CHE,251.061,-1.492,-3.802,40098.23,2.103,3.471,26912.838,67.117,-7.757,-7.273,13185.39,32.883,1.912940558,191.2940558,High,3.471
Switzerland,1973,CHE,277.651,10.591,26.59,44020.125,7.492,12.624,28717.219,65.237,17.178,13.965,15302.908,34.763,0.525197443,52.51974426,Medium,12.625
Switzerland,1974,CHE,265.428,-4.402,-12.223,41857.547,-9.997,-18.108,25708.285,61.419,6.143,5.885,16149.263,38.581,-0.481469361,-48.1469361,Low,-18.108
Switzerland,1975,CHE,275.54,3.81,10.112,43472.371,-2.96,-4.825,24958.992,57.413,14.547,14.937,18513.379,42.587,1.477155854,147.7155854,High,-4.825
Switzerland,1976,CHE,263.137,-4.501,-12.403,41754.016,3.778,5.977,26050.717,62.391,-15.522,-18.379,15703.301,37.609,1.481818915,148.1818915,High,5.976
Switzerland,1977,CHE,292.394,11.118,29.257,46553.309,1.235,2.028,26461.643,56.842,27.274,27.229,20091.67,43.158,0.930683255,93.06832553,Medium,2.028
Switzerland,1978,CHE,287.99,-1.506,-4.404,45847.062,2.605,4.33,27148.123,59.215,-6.861,-8.735,18698.941,40.785,1.98342416,198.342416,High,4.331
Switzerland,1979,CHE,286.99,-0.347,-1,45596.008,-3.361,-5.731,26182.941,57.424,4.301,4.732,19413.064,42.576,-4.732,-473.2,Low,-5.732
Switzerland,1980,CHE,307.227,7.051,20.237,48618.594,1.372,2.262,26437.58,54.378,14.818,17.975,22181.018,45.622,0.888224539,88.82245392,Medium,2.262
Switzerland,1981,CHE,306.94,-0.093,-0.287,48308.809,-5.314,-8.878,24896.414,51.536,6.096,8.591,23412.4,48.464,-29.93379791,-2993.379791,Low,-8.878
Switzerland,1982,CHE,300.742,-2.019,-6.198,47057.453,-5.054,-7.995,23500.385,49.94,1.186,1.797,23557.072,50.06,-0.289932236,-28.99322362,Low,-7.995
Switzerland,1983,CHE,312.755,3.995,12.013,48727.773,8.685,13.043,25432.008,52.192,-0.632,-1.03,23295.77,47.808,-0.085740448,-8.574044785,Low,13.043
Switzerland,1984,CHE,303.026,-3.111,-9.729,47043.141,-1.289,-2.105,25014.326,53.173,-4.819,-7.624,22028.811,46.827,0.783636551,78.36365505,Medium,-2.105
Switzerland,1985,CHE,323.777,6.848,20.75,50044.062,1.95,3.142,25390.232,50.736,12.556,17.609,24653.832,49.264,0.848626506,84.8626506,Medium,3.141
Switzerland,1986,CHE,339.863,4.969,16.087,52258.336,8.036,13.201,27288.551,52.219,1.768,2.886,24969.787,47.781,0.179399515,17.93995151,Low,13.201
Switzerland,1987,CHE,337.861,-0.589,-2.002,51625.559,-4.842,-8.592,25804.961,49.985,4.018,6.59,25820.594,50.015,-3.291708292,-329.1708292,Low,-8.592
Switzerland,1988,CHE,340.438,0.763,2.576,51638.832,-0.088,-0.148,25593.732,49.563,1.573,2.725,26045.1,50.437,1.057841615,105.7841615,High,-0.149
Switzerland,1989,CHE,318.163,-6.543,-22.275,47871.336,-2.754,-4.647,24688.387,51.572,-10.113,-17.628,23182.945,48.428,0.791380471,79.13804714,Medium,-4.647
Switzerland,1990,CHE,331.625,4.231,13.462,49410.152,6.964,11.427,26150.117,52.925,1.373,2.035,23260.033,47.075,0.151166246,15.11662457,Low,11.427
Switzerland,1991,CHE,340.572,2.698,8.947,50118.109,2.35,4.125,26435.023,52.745,2.985,4.822,23683.082,47.255,0.538951604,53.89516039,Medium,4.125
Switzerland,1992,CHE,346.055,1.61,5.483,50348.559,1.161,2.085,26439.17,52.512,2.106,3.398,23909.391,47.488,0.619733722,61.97337224,Medium,2.085
Switzerland,1993,CHE,345.474,-0.168,-0.581,49807.938,-5.189,-9.429,24839.914,49.871,5.29,8.848,24968.025,50.129,-15.22891566,-1522.891566,Low,-9.429
Switzerland,1994,CHE,362.976,5.066,17.502,51916.375,2.743,4.725,25318.875,48.769,7.326,12.776,26597.5,51.231,0.729973717,72.99737173,Medium,4.726
Switzerland,1995,CHE,343.995,-5.229,-18.98,48874.762,-5.098,-9.024,23868.537,48.836,-5.245,-9.956,25006.223,51.164,0.52455216,52.45521602,Medium,-9.024
Switzerland,1996,CHE,332.291,-3.402,-11.704,47002.172,3.846,6.461,24676.395,52.501,-10.147,-18.165,22325.777,47.499,1.552033493,155.2033493,High,6.461
Switzerland,1997,CHE,355.316,6.929,23.025,50136.387,3.704,6.462,25527.92,50.917,10.322,16.564,24608.471,49.083,0.719391965,71.93919653,Medium,6.461
Switzerland,1998,CHE,357.326,0.566,2.009,50269.312,1.331,2.407,25790.328,51.304,-0.2,-0.398,24478.988,48.696,-0.198108512,-19.81085117,Low,2.407
Switzerland,1999,CHE,373.426,4.506,16.1,52284.445,-0.486,-0.891,25542.924,48.854,9.537,16.991,26741.52,51.146,1.055341615,105.5341615,High,-0.891
Switzerland,2000,CHE,364.336,-2.434,-9.09,50728.715,-2.326,-4.244,24810.326,48.908,-2.418,-4.846,25918.389,51.092,0.533113311,53.31133113,Medium,-4.244
Switzerland,2001,CHE,389.127,6.804,24.79,53862.719,6.531,11.637,26275.676,48.783,7.653,13.153,27587.045,51.217,0.530576846,53.05768455,Medium,11.637
Switzerland,2002,CHE,362.244,-6.908,-26.882,49782.922,-4.715,-8.951,24857.545,49.932,-8.273,-17.931,24925.377,50.068,0.667026263,66.70262629,Medium,-8.951
Switzerland,2003,CHE,358.359,-1.073,-3.885,48884.531,-1.296,-2.343,24353.93,49.819,-0.204,-1.542,24530.6,50.181,0.396911197,39.69111969,Low,-2.343
Switzerland,2004,CHE,357.158,-0.335,-1.201,48387.895,2.32,4.143,24748.807,51.147,-2.331,-5.343,23639.086,48.853,4.448792673,444.8792673,High,4.142
Switzerland,2005,CHE,340.782,-4.585,-16.377,45875.312,0.877,1.603,24807.045,54.075,-9.795,-17.979,21068.268,45.925,1.097820114,109.7820114,High,1.602
Switzerland,2006,CHE,350.093,2.732,9.312,46835.152,-0.834,-1.536,24446.977,52.198,7.803,10.848,22388.172,47.802,1.164948454,116.4948454,High,-1.536
Switzerland,2007,CHE,354.893,1.371,4.8,47056.121,-3.713,-6.786,23330.426,49.58,7.48,11.585,23725.689,50.42,2.413541667,241.3541667,High,-6.785
Switzerland,2008,CHE,362.542,2.155,7.649,47463.715,3.937,6.928,23943.029,50.445,0.986,0.721,23520.684,49.555,0.094260688,9.426068767,Low,6.928
Switzerland,2009,CHE,355.006,-2.079,-7.535,45899.609,-3.043,-5.564,22926.057,49.948,-0.526,-1.971,22973.557,50.052,0.261579297,26.15792966,Low,-5.564
Switzerland,2010,CHE,359.477,1.259,4.471,45954.605,3.868,6.858,23544.754,51.235,-0.789,-2.387,22409.852,48.765,-0.533885037,-53.38850369,Low,6.858
Switzerland,2011,CHE,334.923,-6.83,-24.554,42336.48,-8.164,-15.036,21380.547,50.501,-4.788,-9.518,20955.936,49.499,0.387635416,38.76354158,Low,-15.036
Switzerland,2012,CHE,354.064,5.715,19.141,44281.652,3.295,5.574,21851.035,49.346,8.586,13.567,22430.613,50.654,0.708792644,70.87926441,Medium,5.574
Switzerland,2013,CHE,359.146,1.435,5.081,44402.762,2.442,4.266,22128.201,49.835,1.035,0.816,22274.564,50.165,0.160598307,16.05983074,Low,4.265
Switzerland,2014,CHE,344.44,-4.095,-14.706,42067.453,-9.998,-17.895,19673.9,46.768,2.53,3.189,22393.551,53.232,-0.216850265,-21.68502652,Low,-17.895
Switzerland,2015,CHE,336.322,-2.357,-8.118,40610.039,1.921,3.094,19824.377,48.816,-5.435,-11.212,20785.664,51.184,1.381128357,138.1128357,High,3.094
Switzerland,2016,CHE,316.245,-5.969,-20.076,37770.078,-3.442,-5.65,18933.68,50.129,-7.553,-14.426,18836.402,49.871,0.718569436,71.85694361,Medium,-5.65
Switzerland,2017,CHE,316.995,0.237,0.75,37506.699,1.976,3.133,19127.861,50.999,-0.456,-2.383,18378.84,49.001,-3.177333333,-317.7333333,Low,3.133
Switzerland,2018,CHE,321.458,1.408,4.463,37754.48,-4.27,-6.902,18176.248,48.143,8.447,11.365,19578.232,51.857,2.54649339,254.649339,High,-6.902
Switzerland,2019,CHE,335.947,4.507,14.489,39174.781,2.513,3.889,18500.121,47.225,6.761,10.6,20674.666,52.775,0.731589482,73.15894817,Medium,3.889
Switzerland,2020,CHE,308.591,-8.143,-27.356,35722.309,-13.834,-21.948,15824.503,44.299,-2.809,-5.408,19897.807,55.701,0.197689721,19.76897207,Low,-21.948
Switzerland,2021,CHE,298.082,-3.405,-10.509,34296.211,2.308,3.156,16091.439,46.919,-7.926,-13.664,18204.77,53.081,1.30021886,130.021886,High,3.155
Switzerland,2022,CHE,290.11,-2.675,-7.973,33191.535,-2.388,-3.34,15618.952,47.057,-2.248,-4.632,17572.582,52.943,0.580960743,58.09607425,Medium,-3.341
Switzerland,2023,CHE,314.644,8.457,24.535,35768.574,-0.459,-0.626,15448.007,43.189,16.6,25.161,20320.564,56.811,1.025514571,102.5514571,High,-0.626
Syria,1980,SYR,80.689,,,9067.262,,,,,,,,,0,0,Low,0
Syria,1981,SYR,84.74,5.02,4.05,9207.172,,,,,,,,,0,0,Low,4.05
Syria,1982,SYR,86.265,1.8,1.525,9070.228,,,,,,,,,0,0,Low,1.525
Syria,1983,SYR,96.953,12.39,10.688,9857.446,,,,,,,,,0,0,Low,10.688
Syria,1984,SYR,108.148,11.548,11.196,10620.313,,,,,,,,,0,0,Low,11.196
Syria,1985,SYR,112.922,4.414,4.774,10712.741,,,,,,,,,0,0,Low,4.774
Syria,1986,SYR,113.021,0.088,0.099,10361.691,,,,,,,,,0,0,Low,0.099
Syria,1987,SYR,126.34,11.784,13.319,11199.284,,,,,,,,,0,0,Low,13.319
Syria,1988,SYR,132.494,4.871,6.154,11365.334,,,,,,,,,0,0,Low,6.154
Syria,1989,SYR,141.609,6.879,9.114,11767.298,,,,,,,,,0,0,Low,9.114
Syria,1990,SYR,164.021,15.827,22.412,13217.924,,,,,,,,,0,0,Low,22.412
Syria,1991,SYR,152.11,-7.262,-11.911,11900.062,,,,,,,,,0,0,Low,-11.911
Syria,1992,SYR,156.736,3.041,4.626,11913.307,,,,,,,,,0,0,Low,4.626
Syria,1993,SYR,173.902,10.952,17.166,12846.352,,,,,,,,,0,0,Low,17.166
Syria,1994,SYR,184.842,6.291,10.94,13276.386,,,,,,,,,0,0,Low,10.94
Syria,1995,SYR,177.842,-3.787,-7.001,12424.795,,,,,,,,,0,0,Low,-7.001
Syria,1996,SYR,191.763,7.828,13.922,13037.239,,,,,,,,,0,0,Low,13.922
Syria,1997,SYR,203.788,6.27,12.024,13492.298,,,,,,,,,0,0,Low,12.024
Syria,1998,SYR,219.365,7.644,15.577,14152.055,,,,,,,,,0,0,Low,15.577
Syria,1999,SYR,225.806,2.936,6.441,14200.536,,,,,,,,,0,0,Low,6.441
Syria,2000,SYR,217.777,-3.556,-8.029,13354.251,,,,,,,,,0,0,Low,-8.029
Syria,2001,SYR,215.206,-1.18,-2.57,12865.062,,,,,,,,,0,0,Low,-2.57
Syria,2002,SYR,232.927,8.234,17.721,13570.627,,,,,,,,,0,0,Low,17.721
Syria,2003,SYR,226.197,-2.889,-6.73,12843.79,,,,,,,,,0,0,Low,-6.73
Syria,2004,SYR,251.643,11.25,25.446,13915.218,,,,,,,,,0,0,Low,25.446
Syria,2005,SYR,284.303,12.979,32.661,15298.658,,,,,,,,,0,0,Low,32.661
Syria,2006,SYR,296.287,4.215,11.984,15247.384,,,,,,,,,0,0,Low,11.984
Syria,2007,SYR,305.68,3.17,9.392,14764.992,,,,,,,,,0,0,Low,9.392
Syria,2008,SYR,310.272,1.502,4.593,14448.704,,,,,,,,,0,0,Low,4.593
Syria,2009,SYR,290.352,-6.42,-19.921,13302.27,,,,,,,,,0,0,Low,-19.921
Syria,2010,SYR,300.483,3.489,10.131,13451.906,,,,,,,,,0,0,Low,10.131
Syria,2011,SYR,272.005,-9.477,-28.478,11966.39,,,,,,,,,0,0,Low,-28.478
Syria,2012,SYR,210.197,-22.723,-61.808,9298.453,,,,,,,,,0,0,Low,-61.808
Syria,2013,SYR,154.282,-26.601,-55.915,7177.317,,,,,,,,,0,0,Low,-55.915
Syria,2014,SYR,137.033,-11.181,-17.25,6826.982,,,,,,,,,0,0,Low,-17.25
Syria,2015,SYR,122.003,-10.968,-15.029,6352.633,,,,,,,,,0,0,Low,-15.029
Syria,2016,SYR,118.859,-2.577,-3.144,6267.527,,,,,,,,,0,0,Low,-3.144
Syria,2017,SYR,119.593,0.618,0.734,6299.887,,,,,,,,,0,0,Low,0.734
Syria,2018,SYR,139.978,17.045,20.385,7240.203,,,,,,,,,0,0,Low,20.385
Syria,2019,SYR,123.704,-11.626,-16.274,6154.949,,,,,,,,,0,0,Low,-16.274
Syria,2020,SYR,115.594,-6.556,-8.109,5564.748,,,,,,,,,0,0,Low,-8.109
Syria,2021,SYR,117.438,1.595,1.844,5507.217,,,,,,,,,0,0,Low,1.844
Taiwan,1965,TWN,70.358,,,5382.849,,,4797.818,89.132,,,585.031,10.868,0,0,Low,0
Taiwan,1966,TWN,75.376,7.133,5.018,5576.841,7.649,4.797,4994.671,89.561,2.9,0.222,582.169,10.439,0.044240733,4.424073336,Low,4.796
Taiwan,1967,TWN,82.268,9.143,6.892,5910.954,10.327,6.971,5351.333,90.532,-1.015,-0.08,559.621,9.468,-0.011607661,-1.160766106,Low,6.972
Taiwan,1968,TWN,94.508,14.878,12.24,6622.31,11.551,8.603,5821.685,87.91,46.697,3.637,800.625,12.09,0.297140523,29.71405229,Low,8.603
Taiwan,1969,TWN,98.923,4.671,4.415,6767.527,8.204,6.816,6150.124,90.877,-21.014,-2.401,617.403,9.123,-0.54382786,-54.38278596,Low,6.816
Taiwan,1970,TWN,107.678,8.851,8.756,7198.76,10.355,9.309,6632.384,92.132,-6.127,-0.553,566.375,7.868,-0.063156693,-6.315669255,Low,9.309
Taiwan,1971,TWN,135.221,25.579,27.543,8842.566,27.09,26.875,8244.867,93.241,7.888,0.668,597.699,6.759,0.024252986,2.425298624,Low,26.875
Taiwan,1972,TWN,144.47,6.84,9.249,9250.6,6.058,7.638,8562.163,92.558,17.632,1.612,688.438,7.442,0.174289112,17.42891123,Low,7.637
Taiwan,1973,TWN,168.834,16.864,24.364,10595.958,18.744,25.065,9965.174,94.047,-6.518,-0.701,630.783,5.953,-0.028771959,-2.877195863,Low,25.065
Taiwan,1974,TWN,161.683,-4.235,-7.151,9953.482,-6.936,-11.013,9097,91.395,38.423,3.862,856.483,8.605,-0.540064327,-54.00643267,Low,-11.013
Taiwan,1975,TWN,178.12,10.166,16.437,10761.406,10.011,14.793,9821.524,91.266,11.817,1.644,939.882,8.734,0.100018252,10.00182515,Low,14.793
Taiwan,1976,TWN,216.885,21.763,38.764,12863.22,25.626,41.659,12112.258,94.162,-18.609,-2.895,750.961,5.838,-0.074682695,-7.468269528,Low,41.659
Taiwan,1977,TWN,238.004,9.738,21.119,13860.417,10.579,21.604,13151.283,94.884,-3.737,-0.485,709.134,5.116,-0.022965103,-2.296510251,Low,21.604
Taiwan,1978,TWN,281.166,18.135,43.162,16082.369,14.648,33.079,14809.091,92.083,85.25,10.084,1273.278,7.917,0.233631435,23.36314351,Low,33.078
Taiwan,1979,TWN,298.47,6.154,17.304,16774.137,3.129,8.101,15005.891,89.459,42.693,9.203,1768.244,10.541,0.531842349,53.18423486,Medium,8.101
Taiwan,1980,TWN,314.67,5.428,16.199,17384.787,5.897,15.746,15621.45,89.857,2.102,0.454,1763.339,10.143,0.028026421,2.802642138,Low,15.745
Taiwan,1981,TWN,294.67,-6.356,-19.999,16014.19,-11.501,-32.52,13599.178,84.92,38.957,12.521,2415.01,15.08,-0.626081304,-62.60813041,Low,-32.52
Taiwan,1982,TWN,329.014,11.655,34.344,17601.027,10.987,27.493,14857.299,84.412,15.62,6.851,2743.728,15.588,0.199481714,19.94817144,Low,27.493
Taiwan,1983,TWN,363.937,10.614,34.923,19178.699,6.413,17.81,15574.104,81.205,33.694,17.113,3604.594,18.795,0.490020903,49.00209031,Low,17.81
Taiwan,1984,TWN,379.65,4.318,15.714,19722.865,0.462,1.366,15424.062,78.204,21.266,14.348,4298.802,21.796,0.913071147,91.30711467,Medium,1.366
Taiwan,1985,TWN,397.343,4.66,17.692,20364.154,0.396,1.175,15276.677,75.017,19.853,16.517,5087.477,24.983,0.933585801,93.35858015,Medium,1.175
Taiwan,1986,TWN,432.425,8.829,35.082,21881.871,13.34,39.765,17095.674,78.127,-4.767,-4.682,4786.197,21.873,-0.133458754,-13.34587538,Low,39.764
Taiwan,1987,TWN,468.093,8.248,35.668,23409.428,5.906,19.952,17893.301,76.436,16.825,15.716,5516.125,23.564,0.440619042,44.06190423,Low,19.952
Taiwan,1988,TWN,517.021,10.452,48.927,25580.686,16.329,58.425,20593.254,80.503,-8.571,-9.497,4987.429,19.497,-0.194105504,-19.41055041,Low,58.424
Taiwan,1989,TWN,548.298,6.05,31.277,26871.564,8.852,36.842,22204.045,82.63,-5.642,-5.565,4667.521,17.37,-0.177926272,-17.79262717,Low,36.842
Taiwan,1990,TWN,584.232,6.554,35.934,28379.809,4.055,18.371,22900.342,80.692,18.37,17.563,5479.467,19.308,0.488757166,48.87571659,Low,18.371
Taiwan,1991,TWN,617.289,5.658,33.058,29719.355,7.117,33.552,24312.338,81.806,-0.182,-0.494,5407.017,18.194,-0.014943433,-1.494343275,Low,33.552
Taiwan,1992,TWN,655.841,6.245,38.551,31301.725,6.852,34.604,25753.162,82.274,3.238,3.948,5548.564,17.726,0.102409795,10.24097948,Low,34.603
Taiwan,1993,TWN,693.913,5.805,38.072,32846.836,8.146,43.954,27622.275,84.094,-4.836,-5.882,5224.559,15.906,-0.154496743,-15.4496743,Low,43.954
Taiwan,1994,TWN,736.462,6.132,42.549,34586.336,6.544,38.189,29198.158,84.421,3.859,4.36,5388.177,15.579,0.102470093,10.24700933,Low,38.189
Taiwan,1995,TWN,782.521,6.254,46.058,36471.254,7.245,45.047,31076.719,85.209,0.871,1.011,5394.534,14.791,0.021950584,2.195058405,Low,45.047
Taiwan,1996,TWN,814.729,4.116,32.209,37697.25,3.78,25.205,32017.73,84.934,6.072,7.004,5679.521,15.066,0.217454749,21.74547487,Low,25.205
Taiwan,1997,TWN,862.253,5.833,47.524,39616.754,7.25,50.168,34098.508,86.071,-2.233,-2.644,5518.246,13.929,-0.055635048,-5.563504755,Low,50.168
Taiwan,1998,TWN,912.751,5.857,50.498,41652.133,6.16,45.717,35953.191,86.318,3.888,4.781,5698.945,13.682,0.094677017,9.467701691,Low,45.717
Taiwan,1999,TWN,955.304,4.662,42.553,43310.273,5.361,42.234,37633.953,86.894,0.325,0.319,5676.318,13.106,0.007496534,0.749653373,Low,42.234
Taiwan,2000,TWN,1021.106,6.888,65.802,46006.68,7.821,64.922,40325.879,87.652,0.673,0.88,5680.801,12.348,0.013373454,1.337345369,Low,64.922
Taiwan,2001,TWN,1053.746,3.196,32.64,47183.094,4.411,39.479,41843.715,88.684,-4.992,-6.839,5339.374,11.316,-0.209528186,-20.95281863,Low,39.479
Taiwan,2002,TWN,1095.924,4.003,42.179,48773.605,4,37.376,43252.918,88.681,4.863,4.803,5520.688,11.319,0.113871832,11.3871832,Low,37.376
Taiwan,2003,TWN,1145.434,4.518,49.509,50697.074,5.226,50.794,45263.582,89.282,-0.511,-1.285,5433.489,10.718,-0.025954877,-2.595487689,Low,50.794
Taiwan,2004,TWN,1193.288,4.178,47.854,52560.578,4.517,46.192,47080.051,89.573,1.948,1.663,5480.531,10.427,0.034751536,3.475153592,Low,46.191
Taiwan,2005,TWN,1208.752,1.296,15.464,53024.004,1.143,12.221,47423.656,89.438,3.18,3.242,5600.342,10.562,0.209648215,20.96482152,Low,12.222
Taiwan,2006,TWN,1241.097,2.676,32.346,54255.691,3.034,32.805,48694.668,89.75,0.241,-0.459,5561.021,10.25,-0.014190317,-1.41903172,Low,32.805
Taiwan,2007,TWN,1292.834,4.169,51.737,56351.52,4.332,48.257,50655.145,89.891,4.588,3.48,5696.378,10.109,0.067263274,6.726327387,Low,48.257
Taiwan,2008,TWN,1244.95,-3.704,-47.884,54132.203,-4.047,-47.037,48486.555,89.571,-1.016,-0.848,5645.65,10.429,0.017709465,1.770946454,Low,-47.036
Taiwan,2009,TWN,1208.296,-2.944,-36.654,52434.082,-3.3,-36.795,46793.551,89.243,0.924,0.14,5640.534,10.757,-0.003819501,-0.381950128,Low,-36.794
Taiwan,2010,TWN,1294.536,7.137,86.24,56081.582,7.84,84.541,50376.938,89.828,1.944,1.7,5704.643,10.172,0.01971243,1.971243043,Low,84.54
Taiwan,2011,TWN,1290.155,-0.338,-4.381,55746.93,-0.506,-5.89,49991.871,89.676,1.874,1.509,5755.057,10.324,-0.344441908,-34.44419082,Low,-5.89
Taiwan,2012,TWN,1279.383,-0.835,-10.772,55064.988,-0.899,-10.399,49348.504,89.619,0.455,-0.373,5716.482,10.381,0.03462681,3.462681025,Low,-10.399
Taiwan,2013,TWN,1304.699,1.979,25.316,55922.867,1.947,22.328,50101.898,89.591,2.982,2.988,5820.975,10.409,0.118028125,11.80281245,Low,22.328
Taiwan,2014,TWN,1333.879,2.237,29.18,56948.598,2.667,31.173,51235.641,89.968,-1.523,-1.993,5712.961,10.032,-0.068300206,-6.830020562,Low,31.173
Taiwan,2015,TWN,1332.942,-0.07,-0.937,56691.645,1.167,14.002,51635.855,91.082,-11.198,-14.939,5055.791,8.918,15.9434365,1594.34365,High,14.002
Taiwan,2016,TWN,1339.75,0.511,6.808,56782.355,1.139,13.831,52041.859,91.651,-5.661,-7.023,4740.496,8.349,-1.031580494,-103.1580494,Low,13.831
Taiwan,2017,TWN,1340.755,0.075,1.006,56655.562,2.121,26.044,52987.238,93.525,-22.282,-25.039,3668.32,6.475,-24.88966203,-2488.966203,Low,26.045
Taiwan,2018,TWN,1356.779,1.195,16.023,57184.871,0.219,2.745,52966.363,92.623,16.156,13.278,4218.506,7.377,0.828683767,82.86837671,Medium,2.745
Taiwan,2019,TWN,1330.691,-1.923,-26.088,55963.73,-3.525,-44.296,50988.605,91.11,18.738,18.208,4975.123,8.89,-0.697945416,-69.79454155,Low,-44.296
Taiwan,2020,TWN,1291.713,-2.929,-38.978,54224.758,-2.987,-36.219,49374.578,91.055,-2.032,-2.759,4850.186,8.945,0.070783519,7.078351891,Low,-36.219
Taiwan,2021,TWN,1372.941,6.288,81.228,57541.781,7.201,84.701,52844.988,91.838,-2.953,-3.473,4696.794,8.162,-0.042756192,-4.275619245,Low,84.701
Taiwan,2022,TWN,1318.859,-3.939,-54.083,55197.621,-4.77,-60.141,50253.844,91.044,5.328,6.059,4943.775,8.957,-0.112031507,-11.20315071,Low,-60.142
Taiwan,2023,TWN,1258.005,-4.614,-60.854,52584.988,-4.434,-53.237,47965.766,91.216,-6.563,-7.617,4619.226,8.784,0.125168436,12.51684359,Low,-53.237
Tajikistan,1992,TJK,82.803,,,14639.244,,,,,,,,,0,0,Low,0
Tajikistan,1993,TJK,76.482,-7.634,-6.321,13376.031,,,,,,,,,0,0,Low,-6.321
Tajikistan,1994,TJK,74.154,-3.044,-2.328,12776.354,,,,,,,,,0,0,Low,-2.328
Tajikistan,1995,TJK,61.23,-17.428,-12.924,10349.637,,,,,,,,,0,0,Low,-12.924
Tajikistan,1996,TJK,67.422,10.112,6.192,11170.703,,,,,,,,,0,0,Low,6.192
Tajikistan,1997,TJK,64.101,-4.926,-3.321,10478.981,,,,,,,,,0,0,Low,-3.321
Tajikistan,1998,TJK,66.174,3.234,2.073,10748.015,,,,,,,,,0,0,Low,2.073
Tajikistan,1999,TJK,74.73,12.931,8.557,12073.618,,,,,,,,,0,0,Low,8.557
Tajikistan,2000,TJK,58.81,-21.304,-15.921,9375.051,,,,,,,,,0,0,Low,-15.921
Tajikistan,2001,TJK,61.559,4.675,2.749,9605.366,,,,,,,,,0,0,Low,2.749
Tajikistan,2002,TJK,63.335,2.885,1.776,9681.626,,,,,,,,,0,0,Low,1.776
Tajikistan,2003,TJK,66.608,5.168,3.273,9982.501,,,,,,,,,0,0,Low,3.273
Tajikistan,2004,TJK,67.842,1.853,1.234,9975.018,,,,,,,,,0,0,Low,1.234
Tajikistan,2005,TJK,69.359,2.236,1.517,10009.744,,,,,,,,,0,0,Low,1.517
Tajikistan,2006,TJK,67.84,-2.19,-1.519,9612.615,,,,,,,,,0,0,Low,-1.519
Tajikistan,2007,TJK,63.974,-5.699,-3.866,8899.638,,,,,,,,,0,0,Low,-3.866
Tajikistan,2008,TJK,61.66,-3.617,-2.314,8418.195,,,,,,,,,0,0,Low,-2.314
Tajikistan,2009,TJK,55.354,-10.228,-6.307,7411.495,,,,,,,,,0,0,Low,-6.307
Tajikistan,2010,TJK,57.197,3.33,1.843,7504.402,,,,,,,,,0,0,Low,1.843
Tajikistan,2011,TJK,56.487,-1.242,-0.71,7255.999,,,,,,,,,0,0,Low,-0.71
Tajikistan,2012,TJK,59.679,5.652,3.193,7500.791,,,,,,,,,0,0,Low,3.193
Tajikistan,2013,TJK,61.831,3.605,2.152,7599.083,,,,,,,,,0,0,Low,2.152
Tajikistan,2014,TJK,63.164,2.156,1.333,7586.009,,,,,,,,,0,0,Low,1.333
Tajikistan,2015,TJK,63.246,0.131,0.082,7419.728,,,,,,,,,0,0,Low,0.082
Tajikistan,2016,TJK,65.107,2.942,1.861,7461.84,,,,,,,,,0,0,Low,1.861
Tajikistan,2017,TJK,66.413,2.007,1.307,7440.846,,,,,,,,,0,0,Low,1.307
Tajikistan,2018,TJK,70.851,6.681,4.437,7761.816,,,,,,,,,0,0,Low,4.437
Tajikistan,2019,TJK,75.084,5.975,4.234,8041.595,,,,,,,,,0,0,Low,4.234
Tajikistan,2020,TJK,74.622,-0.616,-0.462,7819.39,,,,,,,,,0,0,Low,-0.462
Tajikistan,2021,TJK,74.831,0.28,0.209,7674.914,,,,,,,,,0,0,Low,0.209
Tanzania,1980,TZA,11.041,,,572.162,,,,,,,,,0,0,Low,0
Tanzania,1981,TZA,12.986,17.61,1.944,652.849,,,,,,,,,0,0,Low,1.944
Tanzania,1982,TZA,12.397,-4.533,-0.589,604.741,,,,,,,,,0,0,Low,-0.589
Tanzania,1983,TZA,11.295,-8.89,-1.102,533.521,,,,,,,,,0,0,Low,-1.102
Tanzania,1984,TZA,12.62,11.732,1.325,577.394,,,,,,,,,0,0,Low,1.325
Tanzania,1985,TZA,12.658,0.302,0.038,560.857,,,,,,,,,0,0,Low,0.038
Tanzania,1986,TZA,14.383,13.622,1.724,616.638,,,,,,,,,0,0,Low,1.724
Tanzania,1987,TZA,13.292,-7.58,-1.09,551.567,,,,,,,,,0,0,Low,-1.09
Tanzania,1988,TZA,14.163,6.547,0.87,570.062,,,,,,,,,0,0,Low,0.87
Tanzania,1989,TZA,14.514,2.482,0.352,568.677,,,,,,,,,0,0,Low,0.352
Tanzania,1990,TZA,15.965,9.997,1.451,609.221,,,,,,,,,0,0,Low,1.451
Tanzania,1991,TZA,14.634,-8.336,-1.331,544.216,,,,,,,,,0,0,Low,-1.331
Tanzania,1992,TZA,15.371,5.036,0.737,557.326,,,,,,,,,0,0,Low,0.737
Tanzania,1993,TZA,16.023,4.239,0.652,562.824,,,,,,,,,0,0,Low,0.652
Tanzania,1994,TZA,14.391,-10.186,-1.632,486.208,,,,,,,,,0,0,Low,-1.632
Tanzania,1995,TZA,14.268,-0.852,-0.123,466.897,,,,,,,,,0,0,Low,-0.123
Tanzania,1996,TZA,15.108,5.881,0.839,485.137,,,,,,,,,0,0,Low,0.839
Tanzania,1997,TZA,14.056,-6.959,-1.051,442.215,,,,,,,,,0,0,Low,-1.051
Tanzania,1998,TZA,16.242,15.553,2.186,497.828,,,,,,,,,0,0,Low,2.186
Tanzania,1999,TZA,17.074,5.118,0.831,509.663,,,,,,,,,0,0,Low,0.831
Tanzania,2000,TZA,17.487,2.421,0.413,507.4,,,,,,,,,0,0,Low,0.413
Tanzania,2001,TZA,20.143,15.187,2.656,568.767,,,,,,,,,0,0,Low,2.656
Tanzania,2002,TZA,22.163,10.029,2.02,609.646,,,,,,,,,0,0,Low,2.02
Tanzania,2003,TZA,22.4,1.068,0.237,599.979,,,,,,,,,0,0,Low,0.237
Tanzania,2004,TZA,27.307,21.91,4.908,711.855,,,,,,,,,0,0,Low,4.908
Tanzania,2005,TZA,28.836,5.596,1.528,731.133,,,,,,,,,0,0,Low,1.528
Tanzania,2006,TZA,29.666,2.881,0.831,731.379,,,,,,,,,0,0,Low,0.831
Tanzania,2007,TZA,32.123,8.28,2.456,770.02,,,,,,,,,0,0,Low,2.456
Tanzania,2008,TZA,33.499,4.285,1.376,781.391,,,,,,,,,0,0,Low,1.376
Tanzania,2009,TZA,33.221,-0.83,-0.278,755.739,,,,,,,,,0,0,Low,-0.278
Tanzania,2010,TZA,38.206,15.005,4.985,846.932,,,,,,,,,0,0,Low,4.985
Tanzania,2011,TZA,38.92,1.871,0.715,838.51,,,,,,,,,0,0,Low,0.715
Tanzania,2012,TZA,46.753,20.125,7.833,978.381,,,,,,,,,0,0,Low,7.833
Tanzania,2013,TZA,48.82,4.421,2.067,991.198,,,,,,,,,0,0,Low,2.067
Tanzania,2014,TZA,51.073,4.615,2.253,1005.088,,,,,,,,,0,0,Low,2.253
Tanzania,2015,TZA,52.659,3.105,1.586,1002.209,,,,,,,,,0,0,Low,1.586
Tanzania,2016,TZA,57.783,9.731,5.124,1062.155,,,,,,,,,0,0,Low,5.124
Tanzania,2017,TZA,52.417,-9.287,-5.366,931.573,,,,,,,,,0,0,Low,-5.366
Tanzania,2018,TZA,56.284,7.377,3.867,968.898,,,,,,,,,0,0,Low,3.867
Tanzania,2019,TZA,57.252,1.72,0.968,956.226,,,,,,,,,0,0,Low,0.968
Tanzania,2020,TZA,56.372,-1.536,-0.879,913.588,,,,,,,,,0,0,Low,-0.879
Tanzania,2021,TZA,57.7,2.355,1.328,907.404,,,,,,,,,0,0,Low,1.328
Thailand,1965,THA,30.707,,,992.445,,,,,,,80.375,,0,0,Low,0
Thailand,1966,THA,36.594,19.172,5.887,1147.721,,,,,26.516,0.659,98.678,,0.111941566,11.19415662,Low,5.228
Thailand,1967,THA,41.678,13.895,5.085,1269.161,,,,,28.571,0.899,123.18,,0.176794494,17.67944936,Low,4.186
Thailand,1968,THA,53.472,28.296,11.793,1581.659,,,,,2.705,0.109,122.89,,0.009242771,0.924277114,Low,11.684
Thailand,1969,THA,56.474,5.615,3.003,1623.407,,,,,-25.552,-1.062,88.911,,-0.353646354,-35.36463536,Low,4.065
Thailand,1970,THA,67.274,19.122,10.799,1879.584,,,,,70.841,2.191,147.636,,0.202889156,20.28891564,Low,8.608
Thailand,1971,THA,74.517,10.767,7.243,2024.479,,,,,14.605,0.772,164.527,,0.106585669,10.65856689,Low,6.471
Thailand,1972,THA,90.427,21.351,15.91,2390.069,,,,,-15.625,-0.946,135.054,,-0.059459459,-5.945945946,Low,16.856
Thailand,1973,THA,95.888,6.039,5.461,2466.69,,,,,8.796,0.449,143.008,,0.082219374,8.221937374,Low,5.012
Thailand,1974,THA,99.765,4.044,3.877,2500.317,,,,,30.745,1.709,182.158,,0.440804746,44.08047459,Low,2.168
Thailand,1975,THA,110.117,10.377,10.352,2691.797,,,,,38.283,2.783,245.69,,0.26883694,26.88369397,Low,7.569
Thailand,1976,THA,116.284,5.6,6.167,2776.467,,,,,7.002,0.704,256.782,,0.114155992,11.41559916,Low,5.463
Thailand,1977,THA,127.923,10.009,11.638,2985.793,,,,,-10.228,-1.1,225.343,,-0.094517958,-9.451795841,Low,12.738
Thailand,1978,THA,136.443,6.66,8.52,3114.648,,,,,-35.375,-3.415,142.427,,-0.400821596,-40.08215962,Low,11.935
Thailand,1979,THA,145.007,6.277,8.565,3239.655,,,,,54.645,3.409,215.564,,0.398015178,39.80151781,Low,5.156
Thailand,1980,THA,145.361,0.244,0.354,3178.149,,,,,-60.987,-5.884,82.301,,-16.62146893,-1662.146893,Low,6.238
Thailand,1981,THA,146.198,0.575,0.836,3128.747,,,2940.547,93.985,133.621,5.03,188.2,6.015,6.016746411,601.6746411,High,-4.194
Thailand,1982,THA,149.822,2.479,3.625,3140.91,0.783,1.076,2903.112,92.429,28.985,2.549,237.797,7.571,0.703172414,70.31724138,Medium,1.076
Thailand,1983,THA,164.249,9.629,14.426,3374.707,10.794,14.947,3152.343,93.411,-4.588,-0.52,222.364,6.589,-0.036046028,-3.6046028,Low,14.946
Thailand,1984,THA,182.116,10.878,17.867,3668.979,10.834,16.622,3425.863,93.374,11.503,1.245,243.116,6.626,0.069681536,6.968153579,Low,16.622
Thailand,1985,THA,190.292,4.489,8.176,3761.084,5.486,9.329,3545.366,94.264,-9.556,-1.153,215.718,5.736,-0.141022505,-14.10225049,Low,9.329
Thailand,1986,THA,202.471,6.4,12.179,3928.264,3.755,6.736,3610.909,91.921,49.87,5.443,317.356,8.079,0.446916824,44.6916824,Low,6.736
Thailand,1987,THA,231.109,14.144,28.638,4403.827,17.723,32.986,4174.976,94.803,-26.584,-4.347,228.851,5.197,-0.151791326,-15.17913262,Low,32.985
Thailand,1988,THA,260.108,12.548,28.998,4869.932,13.655,29.917,4662.278,95.736,-7.702,-0.919,207.653,4.264,-0.031691841,-3.169184082,Low,29.917
Thailand,1989,THA,300.998,15.72,40.89,5540.785,14.301,35.613,5239.475,94.562,47.632,5.277,301.311,5.438,0.129053558,12.90535583,Low,35.613
Thailand,1990,THA,353.898,17.575,52.9,6407.894,19.218,54.699,6144.098,95.883,-10.999,-1.799,263.796,4.117,-0.034007561,-3.400756144,Low,54.699
Thailand,1991,THA,390.453,10.329,36.555,6959.961,11.112,37.708,6720.806,96.564,-7.921,-1.152,239.156,3.436,-0.031514157,-3.151415675,Low,37.707
Thailand,1992,THA,427.205,9.413,36.752,7502.845,10.027,37.804,7285.698,97.106,-7.833,-1.052,217.147,2.894,-0.028624293,-2.862429256,Low,37.804
Thailand,1993,THA,484.76,13.473,57.556,8390.328,14.257,59.144,8203.82,97.777,-12.868,-1.588,186.507,2.223,-0.027590521,-2.759052054,Low,59.144
Thailand,1994,THA,544.837,12.393,60.077,9295.968,12.167,57.669,9071.039,97.58,22.308,2.407,224.93,2.42,0.04006525,4.00652496,Low,57.67
Thailand,1995,THA,615.065,12.89,70.229,10350.308,11.937,63.461,10014.576,96.756,51.217,6.768,335.731,3.244,0.096370445,9.637044526,Low,63.461
Thailand,1996,THA,695.961,13.152,80.896,11558.681,13.25,78.851,11193.377,96.84,10.19,2.045,365.305,3.16,0.025279371,2.527937104,Low,78.851
Thailand,1997,THA,732.639,5.27,36.678,12012.622,5.469,36.86,11654.952,97.023,-0.898,-0.181,357.671,2.977,-0.004934838,-0.493483832,Low,36.859
Thailand,1998,THA,675.039,-7.862,-57.6,10932.647,-7.29,-51.822,10672.949,97.625,-26.608,-5.779,259.699,2.375,0.100329861,10.03298611,Low,-51.821
Thailand,1999,THA,715.286,5.962,40.247,11455.089,6.794,44.772,11270.758,98.391,-28.55,-4.525,184.331,1.609,-0.11243074,-11.24307402,Low,44.772
Thailand,2000,THA,741.691,3.692,26.405,11760.442,2.673,18.813,11457.551,97.424,66.403,7.592,302.891,2.576,0.287521303,28.75213028,Low,18.813
Thailand,2001,THA,782.208,5.463,40.517,12289.235,5.466,39.499,11973.116,97.428,5.875,1.019,316.12,2.572,0.025149937,2.514993706,Low,39.498
Thailand,2002,THA,847.941,8.403,65.732,13203.159,8.129,61.949,12830.951,97.181,19.482,3.783,372.208,2.819,0.057551877,5.755187732,Low,61.949
Thailand,2003,THA,911.69,7.518,63.749,14074.299,7.623,62.818,13690.896,97.276,3.962,0.932,383.403,2.724,0.014619837,1.461983717,Low,62.817
Thailand,2004,THA,989.731,8.56,78.041,15154.089,9.015,79.95,14803.053,97.684,-7.66,-1.909,351.035,2.316,-0.024461501,-2.446150101,Low,79.95
Thailand,2005,THA,1021.117,3.171,31.386,15513.462,3.279,31.698,15169.883,97.785,2.362,-0.312,343.581,2.215,-0.009940738,-0.994073791,Low,31.698
Thailand,2006,THA,1042.998,2.143,21.881,15726.867,1.464,14.618,15276.347,97.135,35.146,7.263,450.52,2.865,0.331931813,33.1931813,Low,14.618
Thailand,2007,THA,1078.653,3.418,35.654,16141.031,3.309,33.525,15662.064,97.033,12.096,2.13,478.968,2.967,0.059740843,5.974084254,Low,33.524
Thailand,2008,THA,1078.545,-0.01,-0.108,16019.202,-0.026,-0.276,15541.313,97.017,22.743,0.167,477.888,2.983,-1.546296296,-154.6296296,Low,-0.275
Thailand,2009,THA,1108.913,2.816,30.369,16352.36,2.696,28.215,15846.13,96.904,13.419,2.154,506.23,3.096,0.070927591,7.092759064,Low,28.215
Thailand,2010,THA,1179.445,6.36,70.532,17276.059,6.635,71.301,16784.488,97.155,-1.455,-0.77,491.568,2.845,-0.010917031,-1.091703057,Low,71.302
Thailand,2011,THA,1212.482,2.801,33.037,17645.639,2.034,23.306,17015.619,96.43,23.284,9.731,630.018,3.57,0.294548536,29.45485365,Low,23.306
Thailand,2012,THA,1292.871,6.63,80.389,18694.713,6.25,73.071,17962.932,96.086,20.971,7.317,731.781,3.914,0.091019916,9.101991566,Low,73.072
Thailand,2013,THA,1312.864,1.546,19.993,18868.783,1.546,19.21,18130.18,96.086,8.963,0.783,738.604,3.914,0.039163707,3.91637073,Low,19.21
Thailand,2014,THA,1357.17,3.375,44.306,19398.961,2.897,36.547,18553.486,95.642,17.35,7.759,845.472,4.358,0.175123008,17.51230082,Low,36.547
Thailand,2015,THA,1377.446,1.494,20.276,19595.387,1.547,20.081,18751.141,95.692,2.201,0.196,844.245,4.308,0.009666601,0.966660091,Low,20.08
Thailand,2016,THA,1405.572,2.042,28.126,19906.965,1.582,20.85,18963.42,95.26,8.991,7.275,943.544,4.74,0.25865747,25.865747,Low,20.851
Thailand,2017,THA,1432.683,1.929,27.111,20207.6,1.148,15.378,19102.438,94.531,15.857,11.733,1105.163,5.469,0.432776364,43.27763638,Low,15.378
Thailand,2018,THA,1478.376,3.189,45.694,20784.785,1.991,26.964,19419.873,93.433,19.258,18.729,1364.914,6.567,0.409878759,40.98787587,Low,26.965
Thailand,2019,THA,1479.745,0.093,1.369,20751.527,-0.539,-7.447,19266.424,92.843,10.058,8.816,1485.103,7.157,6.439737034,643.9737034,High,-7.447
Thailand,2020,THA,1375.758,-7.027,-103.987,19247.928,-7.052,-96.884,17865.682,92.819,-4.68,-7.102,1382.247,7.181,0.068296999,6.829699866,Low,-96.885
Thailand,2021,THA,1386.81,0.803,11.052,19368.557,0.751,9.593,17968.354,92.771,-2.55,1.459,1400.204,7.229,0.132012305,13.20123055,Low,9.593
Thailand,2022,THA,1387.893,0.078,1.083,19357.754,-0.167,-2.146,17914.391,92.544,-0.284,3.229,1443.363,7.456,2.981532779,298.1532779,High,-2.146
Thailand,2023,THA,1390.812,0.21,2.919,19370.299,-0.208,-2.674,17851.133,92.157,7.048,5.593,1519.167,7.843,1.916067146,191.6067146,High,-2.674
Togo,1980,TGO,2.803,,,987.5,,,,,,,,,0,0,Low,0
Togo,1981,TGO,2.636,-5.931,-0.166,901.074,,,,,,,,,0,0,Low,-0.166
Togo,1982,TGO,2.639,0.083,0.002,872.749,,,,,,,,,0,0,Low,0.002
Togo,1983,TGO,2.718,2.995,0.079,869.193,,,,,,,,,0,0,Low,0.079
Togo,1984,TGO,3.192,17.469,0.475,987.667,,,,,,,,,0,0,Low,0.475
Togo,1985,TGO,3.133,-1.864,-0.06,938.964,,,,,,,,,0,0,Low,-0.06
Togo,1986,TGO,2.66,-15.106,-0.473,773.288,,,,,,,,,0,0,Low,-0.473
Togo,1987,TGO,2.543,-4.371,-0.116,717.469,,,,,,,,,0,0,Low,-0.116
Togo,1988,TGO,2.627,3.304,0.084,719.163,,,,,,,,,0,0,Low,0.084
Togo,1989,TGO,3.075,17.052,0.448,817.137,,,,,,,,,0,0,Low,0.448
Togo,1990,TGO,2.977,-3.213,-0.099,767.97,,,,,,,,,0,0,Low,-0.099
Togo,1991,TGO,4.928,65.57,1.952,1235.12,,,,,,,,,0,0,Low,1.952
Togo,1992,TGO,3.658,-25.773,-1.27,890.887,,,,,,,,,0,0,Low,-1.27
Togo,1993,TGO,3.144,-14.068,-0.515,770.78,,,,,,,,,0,0,Low,-0.515
Togo,1994,TGO,3.259,3.678,0.116,796.35,,,,,,,,,0,0,Low,0.116
Togo,1995,TGO,3.576,9.721,0.317,835.587,,,,,,,,,0,0,Low,0.317
Togo,1996,TGO,3.428,-4.14,-0.148,771.029,,,,,,,,,0,0,Low,-0.148
Togo,1997,TGO,3.242,-5.418,-0.186,705.962,,,,,,,,,0,0,Low,-0.186
Togo,1998,TGO,3.554,9.612,0.312,751.606,,,,,,,,,0,0,Low,0.312
Togo,1999,TGO,5.019,41.215,1.465,1030.934,,,,,,,,,0,0,Low,1.465
Togo,2000,TGO,4.6,-8.337,-0.418,918.548,,,,,,,,,0,0,Low,-0.418
Togo,2001,TGO,4.067,-11.584,-0.533,790.456,,,,,,,,,0,0,Low,-0.533
Togo,2002,TGO,4.461,9.681,0.394,844.633,,,,,,,,,0,0,Low,0.394
Togo,2003,TGO,5.563,24.713,1.102,1026.268,,,,,,,,,0,0,Low,1.102
Togo,2004,TGO,5.474,-1.601,-0.089,983.673,,,,,,,,,0,0,Low,-0.089
Togo,2005,TGO,5.339,-2.464,-0.135,934.848,,,,,,,,,0,0,Low,-0.135
Togo,2006,TGO,4.654,-12.835,-0.685,792.303,,,,,,,,,0,0,Low,-0.685
Togo,2007,TGO,5.683,22.101,1.029,939.687,,,,,,,,,0,0,Low,1.029
Togo,2008,TGO,6.778,19.265,1.095,1089.204,,,,,,,,,0,0,Low,1.095
Togo,2009,TGO,12.019,77.332,5.241,1878.342,,,,,,,,,0,0,Low,5.241
Togo,2010,TGO,11.477,-4.508,-0.542,1746.39,,,,,,,,,0,0,Low,-0.542
Togo,2011,TGO,10.618,-7.487,-0.859,1573.317,,,,,,,,,0,0,Low,-0.859
Togo,2012,TGO,9.425,-11.238,-1.193,1360.63,,,,,,,,,0,0,Low,-1.193
Togo,2013,TGO,9.598,1.839,0.173,1350.635,,,,,,,,,0,0,Low,0.173
Togo,2014,TGO,8.328,-13.227,-1.27,1142.697,,,,,,,,,0,0,Low,-1.27
Togo,2015,TGO,6.489,-22.089,-1.84,868.264,,,,,,,,,0,0,Low,-1.84
Togo,2016,TGO,8.692,33.961,2.204,1134.572,,,,,,,,,0,0,Low,2.204
Togo,2017,TGO,8.422,-3.115,-0.271,1072.428,,,,,,,,,0,0,Low,-0.271
Togo,2018,TGO,10.085,19.753,1.664,1253.321,,,,,,,,,0,0,Low,1.664
Togo,2019,TGO,10.749,6.588,0.664,1304.058,,,,,,,,,0,0,Low,0.664
Togo,2020,TGO,9.73,-9.482,-1.019,1152.519,,,,,,,,,0,0,Low,-1.019
Togo,2021,TGO,9.645,-0.875,-0.085,1115.704,,,,,,,,,0,0,Low,-0.085
Tonga,1980,TON,0.123,,,1276.008,,,,,,,,,0,0,Low,0
Tonga,1981,TON,0.185,49.59,0.061,1906.102,,,,,,,,,0,0,Low,0.061
Tonga,1982,TON,0.185,0,0,1904.333,,,,,,,,,0,0,Low,0
Tonga,1983,TON,0.185,0,0,1903.449,,,,,,,,,0,0,Low,0
Tonga,1984,TON,0.185,0.274,0.001,1907.779,,,,,,,,,0,0,Low,0.001
Tonga,1985,TON,0.185,-0.273,-0.001,1901.92,,,,,,,,,0,0,Low,-0.001
Tonga,1986,TON,0.115,-37.887,-0.07,1181.042,,,,,,,,,0,0,Low,-0.07
Tonga,1987,TON,0.254,121.756,0.14,2610.727,,,,,,,,,0,0,Low,0.14
Tonga,1988,TON,0.318,25.046,0.064,3246.39,,,,,,,,,0,0,Low,0.064
Tonga,1989,TON,0.393,23.533,0.075,3992.346,,,,,,,,,0,0,Low,0.075
Tonga,1990,TON,0.393,0,0,3978.317,,,,,,,,,0,0,Low,0
Tonga,1991,TON,0.399,1.575,0.006,4029.274,,,,,,,,,0,0,Low,0.006
Tonga,1992,TON,0.379,-4.919,-0.02,3821.63,,,,,,,,,0,0,Low,-0.02
Tonga,1993,TON,0.379,-0.218,-0.001,3804.447,,,,,,,,,0,0,Low,-0.001
Tonga,1994,TON,0.514,35.901,0.136,5157.566,,,,,,,,,0,0,Low,0.136
Tonga,1995,TON,0.465,-9.614,-0.049,4650.364,,,,,,,,,0,0,Low,-0.049
Tonga,1996,TON,0.528,13.648,0.063,5273.752,,,,,,,,,0,0,Low,0.063
Tonga,1997,TON,0.553,4.643,0.025,5493.356,,,,,,,,,0,0,Low,0.025
Tonga,1998,TON,0.562,1.677,0.009,5547.454,,,,,,,,,0,0,Low,0.009
Tonga,1999,TON,0.562,0.002,0,5513.012,,,,,,,,,0,0,Low,0
Tonga,2000,TON,0.438,-22.076,-0.124,4269.807,,,,,,,,,0,0,Low,-0.124
Tonga,2001,TON,0.395,-9.93,-0.044,3823.292,,,,,,,,,0,0,Low,-0.044
Tonga,2002,TON,0.428,8.43,0.033,4121.723,,,,,,,,,0,0,Low,0.033
Tonga,2003,TON,0.527,23.21,0.099,5048.995,,,,,,,,,0,0,Low,0.099
Tonga,2004,TON,0.488,-7.388,-0.039,4648.04,,,,,,,,,0,0,Low,-0.039
Tonga,2005,TON,0.52,6.49,0.032,4922.036,,,,,,,,,0,0,Low,0.032
Tonga,2006,TON,0.585,12.485,0.065,5507.442,,,,,,,,,0,0,Low,0.065
Tonga,2007,TON,0.501,-14.388,-0.084,4695.167,,,,,,,,,0,0,Low,-0.084
Tonga,2008,TON,0.541,7.99,0.04,5056.352,,,,,,,,,0,0,Low,0.04
Tonga,2009,TON,0.587,8.539,0.046,5477.178,,,,,,,,,0,0,Low,0.046
Tonga,2010,TON,0.534,-8.983,-0.053,4973.945,,,,,,,,,0,0,Low,-0.053
Tonga,2011,TON,0.506,-5.37,-0.029,4697.069,,,,,,,,,0,0,Low,-0.029
Tonga,2012,TON,0.515,1.914,0.01,4791.762,,,,,,,,,0,0,Low,0.01
Tonga,2013,TON,0.506,-1.851,-0.01,4721.155,,,,,,,,,0,0,Low,-0.01
Tonga,2014,TON,0.549,8.502,0.043,5144.916,,,,,,,,,0,0,Low,0.043
Tonga,2015,TON,0.574,4.552,0.025,5404.378,,,,,,,,,0,0,Low,0.025
Tonga,2016,TON,0.607,5.763,0.033,5738.483,,,,,,,,,0,0,Low,0.033
Tonga,2017,TON,0.72,18.715,0.114,6831.24,,,,,,,,,0,0,Low,0.114
Tonga,2018,TON,0.629,-12.685,-0.091,5979.639,,,,,,,,,0,0,Low,-0.091
Tonga,2019,TON,0.72,14.556,0.092,6863.214,,,,,,,,,0,0,Low,0.092
Tonga,2020,TON,0.689,-4.407,-0.032,6542.066,,,,,,,,,0,0,Low,-0.032
Tonga,2021,TON,0.71,3.141,0.022,6698.594,,,,,,,,,0,0,Low,0.022
Trinidad and Tobago,1965,TTO,33.626,,,36216.195,,,,,,,,,0,0,Low,0
Trinidad and Tobago,1966,TTO,35.777,6.399,2.152,37955.984,,,,,,,,,0,0,Low,2.152
Trinidad and Tobago,1967,TTO,38.138,6.598,2.36,39906.152,,,,,,,,,0,0,Low,2.36
Trinidad and Tobago,1968,TTO,39.314,3.085,1.176,40626.062,,,,,,,,,0,0,Low,1.176
Trinidad and Tobago,1969,TTO,40.542,3.124,1.228,41426.871,,,,,,,,,0,0,Low,1.228
Trinidad and Tobago,1970,TTO,44.681,10.207,4.138,45182.012,,,,,,,,,0,0,Low,4.138
Trinidad and Tobago,1971,TTO,45.16,1.073,0.48,45154.059,,,45042.352,,,,,,0,0,Low,0.48
Trinidad and Tobago,1972,TTO,62.244,37.83,17.084,61442.738,37.924,17.084,61332.449,,,,,,0,0,Low,17.084
Trinidad and Tobago,1973,TTO,61.737,-0.815,-0.507,60139.227,-0.786,-0.488,60049.047,,,,,,0,0,Low,-0.507
Trinidad and Tobago,1974,TTO,59.465,-3.68,-2.272,57161.289,-3.665,-2.259,57084.578,,,,,,0,0,Low,-2.272
Trinidad and Tobago,1975,TTO,47.915,-19.423,-11.55,45458.895,-19.439,-11.544,45389.238,,,,,,0,0,Low,-11.55
Trinidad and Tobago,1976,TTO,53.873,12.436,5.959,50457.383,12.482,5.972,50400.578,,,,,,0,0,Low,5.959
Trinidad and Tobago,1977,TTO,56.05,4.04,2.177,51816.988,4.021,2.164,51749.109,,,,,,0,0,Low,2.177
Trinidad and Tobago,1978,TTO,56.436,0.688,0.385,51465.551,0.654,0.366,51381.125,,,,,,0,0,Low,0.385
Trinidad and Tobago,1979,TTO,49.864,-11.645,-6.572,44828.684,-11.664,-6.572,44745.461,,,,,,0,0,Low,-6.572
Trinidad and Tobago,1980,TTO,47.95,-3.837,-1.913,42514.629,-3.825,-1.904,42441.043,,,,,,0,0,Low,-1.913
Trinidad and Tobago,1981,TTO,50.631,5.59,2.681,44307.898,5.647,2.703,44254.82,,,,,,0,0,Low,2.681
Trinidad and Tobago,1982,TTO,59.464,17.446,8.833,51388.391,17.473,8.836,51338.73,,,,,,0,0,Low,8.833
Trinidad and Tobago,1983,TTO,58.017,-2.432,-1.446,49533.344,-2.424,-1.44,49489.734,,,,,,0,0,Low,-1.446
Trinidad and Tobago,1984,TTO,57.187,-1.432,-0.831,48268.996,-1.416,-0.821,48233.973,,,,,,0,0,Low,-0.831
Trinidad and Tobago,1985,TTO,59.102,3.349,1.915,49260.43,3.33,1.903,49215.199,,,,,,0,0,Low,1.915
Trinidad and Tobago,1986,TTO,61.451,3.975,2.349,50520.031,3.93,2.32,50451.801,,,,,,0,0,Low,2.349
Trinidad and Tobago,1987,TTO,58.014,-5.594,-3.438,47110.281,-5.628,-3.454,47029.922,,,,,,0,0,Low,-3.438
Trinidad and Tobago,1988,TTO,63.754,9.895,5.74,51222.977,9.934,5.753,51153.727,,,,,,0,0,Low,5.74
Trinidad and Tobago,1989,TTO,62.721,-1.62,-1.033,49929.008,-1.617,-1.029,49862.938,,,,,,0,0,Low,-1.033
Trinidad and Tobago,1990,TTO,69.6,10.967,6.879,54953.477,10.956,6.863,54875.34,,,,,,0,0,Low,6.879
Trinidad and Tobago,1991,TTO,69.389,-0.303,-0.211,54370.102,-0.276,-0.192,54307.57,,,,,,0,0,Low,-0.211
Trinidad and Tobago,1992,TTO,73.446,5.848,4.058,57134.273,5.831,4.042,57059.77,,,,,,0,0,Low,4.058
Trinidad and Tobago,1993,TTO,77.418,5.407,3.971,59829.043,5.423,3.977,59759.973,,,,,,0,0,Low,3.971
Trinidad and Tobago,1994,TTO,82.043,5.975,4.626,63042.27,5.965,4.613,62963.777,,,,,,0,0,Low,4.626
Trinidad and Tobago,1995,TTO,88.972,8.445,6.929,68030.172,8.452,6.925,67949.625,,,,,,0,0,Low,6.929
Trinidad and Tobago,1996,TTO,100.801,13.296,11.829,76745.875,13.369,11.88,76704.555,,,,,,0,0,Low,11.829
Trinidad and Tobago,1997,TTO,100.775,-0.026,-0.026,76450.305,-0.029,-0.029,76406.711,,,,,,0,0,Low,-0.026
Trinidad and Tobago,1998,TTO,102.291,1.504,1.516,77341.914,1.505,1.516,77298.469,,,,,,0,0,Low,1.516
Trinidad and Tobago,1999,TTO,113.689,11.143,11.398,85669.414,11.149,11.398,85626.117,,,,,,0,0,Low,11.398
Trinidad and Tobago,2000,TTO,115.612,1.691,1.923,86782.328,1.685,1.915,86733.227,,,,,,0,0,Low,1.923
Trinidad and Tobago,2001,TTO,126.98,9.833,11.368,94861.82,9.812,11.338,94790.383,,,,,,0,0,Low,11.368
Trinidad and Tobago,2002,TTO,136.846,7.77,9.867,101671.258,7.783,9.875,101606.633,,,,,,0,0,Low,9.867
Trinidad and Tobago,2003,TTO,154.784,13.108,17.938,114354.07,13.148,17.981,114321.695,,,,,,0,0,Low,17.938
Trinidad and Tobago,2004,TTO,169.78,9.688,14.996,124730.172,9.667,14.959,124670.781,,,,,,0,0,Low,14.996
Trinidad and Tobago,2005,TTO,187.231,10.279,17.451,136757.297,10.285,17.454,136700.266,,,,,,0,0,Low,17.451
Trinidad and Tobago,2006,TTO,216.946,15.87,29.714,157557.25,15.87,29.701,157490.594,,,,,,0,0,Low,29.714
Trinidad and Tobago,2007,TTO,221.376,2.042,4.43,159854.391,2.053,4.452,159803.891,,,,,,0,0,Low,4.43
Trinidad and Tobago,2008,TTO,218.087,-1.486,-3.289,156580.891,-1.488,-3.293,156527.922,,,,,,0,0,Low,-3.289
Trinidad and Tobago,2009,TTO,216.492,-0.731,-1.595,154505.094,-0.731,-1.593,154453.969,,,,,,0,0,Low,-1.595
Trinidad and Tobago,2010,TTO,233.521,7.866,17.029,165583.047,7.896,17.089,165574.359,99.995,,,8.675,0.005,0,0,Low,17.029
Trinidad and Tobago,2011,TTO,230.54,-1.277,-2.982,162349.438,-1.277,-2.982,162340.875,99.995,0,0,8.563,0.005,0,0,Low,-2.982
Trinidad and Tobago,2012,TTO,225.92,-2.004,-4.619,157944.297,-2.006,-4.624,157932.359,99.992,41.289,0.005,11.939,0.008,-0.001082485,-0.108248539,Low,-4.624
Trinidad and Tobago,2013,TTO,228.579,1.177,2.659,158654.844,1.177,2.659,158643.078,99.993,0,0,11.781,0.007,0,0,Low,2.659
Trinidad and Tobago,2014,TTO,228.834,0.112,0.255,157744.703,0.112,0.256,157733.062,99.993,0,0,11.631,0.007,0,0,Low,0.255
Trinidad and Tobago,2015,TTO,221.636,-3.146,-7.198,151786.812,-3.146,-7.198,151775.266,99.992,0.434,0,11.536,0.008,0,0,Low,-7.198
Trinidad and Tobago,2016,TTO,195.773,-11.669,-25.863,133239,-11.67,-25.863,133227.594,99.991,0,0,11.396,0.009,0,0,Low,-25.863
Trinidad and Tobago,2017,TTO,207.067,5.769,11.294,140041.062,5.77,11.294,140029.812,99.992,0,0,11.258,0.008,0,0,Low,11.294
Trinidad and Tobago,2018,TTO,194.039,-6.292,-13.028,128954.383,-6.292,-13.028,128943.375,99.991,0,0,10.998,0.009,0,0,Low,-13.028
Trinidad and Tobago,2019,TTO,195.203,0.6,1.165,128426.539,0.6,1.165,128415.695,99.992,0,0,10.848,0.008,0,0,Low,1.165
Trinidad and Tobago,2020,TTO,169.343,-13.248,-25.86,111546.414,-13.249,-25.86,111535.594,99.99,0,0,10.821,0.01,0,0,Low,-25.86
Trinidad and Tobago,2021,TTO,173.124,2.233,3.781,113474.203,2.233,3.781,113463.477,99.991,0,0,10.728,0.009,0,0,Low,3.781
Trinidad and Tobago,2022,TTO,173.056,-0.039,-0.068,113031.766,-0.039,-0.068,113021.109,99.991,0,0,10.651,0.009,0,0,Low,-0.068
Trinidad and Tobago,2023,TTO,163.85,-5.32,-9.207,106746.781,-5.321,-9.207,106736.188,99.99,0,0,10.586,0.01,0,0,Low,-9.207
Tunisia,1980,TUN,37.691,,,5729.781,,,,,,,,,0,0,Low,0
Tunisia,1981,TUN,41.111,9.072,3.419,6095.836,,,,,,,,,0,0,Low,3.419
Tunisia,1982,TUN,39.337,-4.314,-1.774,5688.677,,,,,,,,,0,0,Low,-1.774
Tunisia,1983,TUN,44.367,12.786,5.03,6256.501,,,,,,,,,0,0,Low,5.03
Tunisia,1984,TUN,48.907,10.233,4.54,6718.71,,,,,,,,,0,0,Low,4.54
Tunisia,1985,TUN,50.305,2.86,1.399,6728.826,,,,,,,,,0,0,Low,1.399
Tunisia,1986,TUN,52.952,5.261,2.647,6898.841,,,,,,,,,0,0,Low,2.647
Tunisia,1987,TUN,49.318,-6.862,-3.634,6263.191,,,,,,,,,0,0,Low,-3.634
Tunisia,1988,TUN,52.856,7.174,3.538,6550.703,,,,,,,,,0,0,Low,3.538
Tunisia,1989,TUN,59.121,11.853,6.265,7160.641,,,,,,,,,0,0,Low,6.265
Tunisia,1990,TUN,58.761,-0.608,-0.36,6962.229,,,,,,,,,0,0,Low,-0.36
Tunisia,1991,TUN,48.58,-17.326,-10.181,5633.912,,,,,,,,,0,0,Low,-10.181
Tunisia,1992,TUN,56.075,15.427,7.495,6370.341,,,,,,,,,0,0,Low,7.495
Tunisia,1993,TUN,64.009,14.149,7.934,7130.216,,,,,,,,,0,0,Low,7.934
Tunisia,1994,TUN,69.33,8.312,5.321,7582.721,,,,,,,,,0,0,Low,5.321
Tunisia,1995,TUN,62.611,-9.691,-6.719,6736.639,,,,,,,,,0,0,Low,-6.719
Tunisia,1996,TUN,67.271,7.443,4.66,7133.315,,,,,,,,,0,0,Low,4.66
Tunisia,1997,TUN,78.156,16.18,10.885,8177.038,,,,,,,,,0,0,Low,10.885
Tunisia,1998,TUN,84.014,7.496,5.859,8681.736,,,,,,,,,0,0,Low,5.859
Tunisia,1999,TUN,84.645,0.75,0.631,8647.771,,,,,,,,,0,0,Low,0.631
Tunisia,2000,TUN,89.078,5.237,4.433,9003.821,,,,,,,,,0,0,Low,4.433
Tunisia,2001,TUN,98.879,11.003,9.801,9892.748,,,,,,,,,0,0,Low,9.801
Tunisia,2002,TUN,97.872,-1.019,-1.007,9695.501,,,,,,,,,0,0,Low,-1.007
Tunisia,2003,TUN,96.474,-1.428,-1.397,9464.025,,,,,,,,,0,0,Low,-1.397
Tunisia,2004,TUN,98.363,1.958,1.889,9557.016,,,,,,,,,0,0,Low,1.889
Tunisia,2005,TUN,106.757,8.534,8.394,10276.655,,,,,,,,,0,0,Low,8.394
Tunisia,2006,TUN,100.684,-5.689,-6.074,9603.969,,,,,,,,,0,0,Low,-6.074
Tunisia,2007,TUN,89.716,-10.894,-10.968,8479.419,,,,,,,,,0,0,Low,-10.968
Tunisia,2008,TUN,103.762,15.657,14.047,9715.218,,,,,,,,,0,0,Low,14.047
Tunisia,2009,TUN,86.545,-16.593,-17.218,8024.898,,,,,,,,,0,0,Low,-17.218
Tunisia,2010,TUN,88.802,2.609,2.258,8150.696,,,,,,,,,0,0,Low,2.258
Tunisia,2011,TUN,84.717,-4.6,-4.085,7678.843,,,,,,,,,0,0,Low,-4.085
Tunisia,2012,TUN,93.106,9.902,8.389,8332.082,,,,,,,,,0,0,Low,8.389
Tunisia,2013,TUN,98.607,5.909,5.501,8726.086,,,,,,,,,0,0,Low,5.501
Tunisia,2014,TUN,108.659,10.194,10.052,9507.342,,,,,,,,,0,0,Low,10.052
Tunisia,2015,TUN,112.222,3.279,3.563,9709.658,,,,,,,,,0,0,Low,3.563
Tunisia,2016,TUN,112.016,-0.184,-0.206,9585.773,,,,,,,,,0,0,Low,-0.206
Tunisia,2017,TUN,118.583,5.863,6.567,10039.691,,,,,,,,,0,0,Low,6.567
Tunisia,2018,TUN,121.82,2.729,3.237,10208.622,,,,,,,,,0,0,Low,3.237
Tunisia,2019,TUN,122.037,0.178,0.217,10128.142,,,,,,,,,0,0,Low,0.217
Tunisia,2020,TUN,112.991,-7.413,-9.046,9290.702,,,,,,,,,0,0,Low,-9.046
Tunisia,2021,TUN,116.794,3.365,3.803,9524.104,,,,,,,,,0,0,Low,3.803
Turkey,1965,TUR,91.433,,,2914.253,,,,,,,215.541,,0,0,Low,0
Turkey,1966,TUR,104.916,14.746,13.483,3261.024,,,,,7.946,0.541,226.999,,0.040124601,4.012460135,Low,12.942
Turkey,1967,TUR,108.544,3.457,3.627,3286.562,,,,,3.849,0.292,229.973,,0.080507306,8.050730631,Low,3.335
Turkey,1968,TUR,126.427,16.475,17.883,3731.151,,,,,31.274,2.364,293.921,,0.132192585,13.21925851,Low,15.519
Turkey,1969,TUR,138.027,9.175,11.6,3975.2,,,,,8.024,0.795,309.739,,0.068534483,6.853448276,Low,10.805
Turkey,1970,TUR,146.683,6.271,8.656,4127.146,,,,,-11.706,-1.257,267.237,,-0.14521719,-14.52171904,Low,9.913
Turkey,1971,TUR,162.384,10.704,15.701,4466,,,,,-13.336,-1.262,226.498,,-0.080377046,-8.037704605,Low,16.963
Turkey,1972,TUR,181.426,11.727,19.042,4878.609,,,,,21.896,1.798,269.802,,0.094422855,9.442285474,Low,17.244
Turkey,1973,TUR,205.603,13.326,24.177,5406.582,,,,,-17.128,-1.706,218.971,,-0.070562932,-7.056293171,Low,25.883
Turkey,1974,TUR,209.676,1.981,4.074,5395.212,,,,,27.225,2.257,272.335,,0.554000982,55.40009818,Medium,1.817
Turkey,1975,TUR,233.686,11.451,24.01,5890.216,,,,,71.876,7.575,457.714,,0.315493544,31.54935444,Low,16.435
Turkey,1976,TUR,263.195,12.628,29.509,6498.479,,,,,39.392,7.119,624.136,,0.241248433,24.12484327,Low,22.39
Turkey,1977,TUR,288.084,9.456,24.889,6960.955,,,,,2.982,0.766,629.303,,0.030776648,3.077664832,Low,24.123
Turkey,1978,TUR,305.026,5.881,16.942,7212.347,,,,,7.753,1.996,663.012,,0.117813717,11.78137174,Low,14.946
Turkey,1979,TUR,287.262,-5.824,-17.764,6651.51,,,,,10.158,2.847,715.185,,-0.160267958,-16.02679577,Low,-20.611
Turkey,1980,TUR,298.498,3.911,11.236,6770.334,,,,,10.066,3.104,770.954,,0.276254895,27.6254895,Low,8.132
Turkey,1981,TUR,301.189,0.902,2.692,6695.796,,,,,10.814,3.666,837.155,,1.361812779,136.1812779,High,-0.974
Turkey,1982,TUR,328.681,9.128,27.492,7153.021,,,6241.36,87.255,11.32,4.234,911.66,12.745,0.154008439,15.40084388,Low,23.258
Turkey,1983,TUR,339.712,3.356,11.031,7223.863,6.758,19.382,6510.641,90.127,-19.934,-8.351,713.221,9.873,-0.757048318,-75.70483184,Low,19.382
Turkey,1984,TUR,357.704,5.296,17.991,7435.625,3.843,11.768,6609.044,88.884,18.564,6.224,826.581,11.116,0.345950753,34.59507532,Low,11.767
Turkey,1985,TUR,386.093,7.936,28.389,7851.291,10.228,32.519,7126.671,90.771,-10.392,-4.13,724.62,9.229,-0.145478883,-14.54788827,Low,32.519
Turkey,1986,TUR,420.703,8.964,34.61,8376.549,9.991,35.013,7675.073,91.626,-1.118,-0.403,701.476,8.374,-0.011644034,-1.164403352,Low,35.013
Turkey,1987,TUR,479.594,13.998,58.891,9357.895,10.093,38.905,8280.493,88.487,56.725,19.986,1077.4,11.513,0.339372739,33.93727395,Low,38.905
Turkey,1988,TUR,527.385,9.965,47.791,10088.486,4.055,17.21,8447.238,83.731,55.378,30.581,1641.249,16.269,0.639890356,63.98903559,Medium,17.21
Turkey,1989,TUR,517.613,-1.853,-9.772,9710.353,5.163,22.801,8711.86,89.717,-37.962,-32.573,998.492,10.283,3.333299222,333.3299222,High,22.801
Turkey,1990,TUR,561.306,8.441,43.693,10332.53,6.082,28.244,9068.37,87.765,29.027,15.45,1264.162,12.235,0.353603552,35.36035521,Low,28.243
Turkey,1991,TUR,573.129,2.106,11.823,10360.026,2.653,13.07,9141.189,88.235,-1.828,-1.247,1218.838,11.765,-0.105472384,-10.54723843,Low,13.07
Turkey,1992,TUR,602.786,5.175,29.657,10706.295,3.594,18.176,9304.764,86.909,17.023,11.482,1401.532,13.091,0.387159861,38.71598611,Low,18.175
Turkey,1993,TUR,655.228,8.7,52.442,11435.848,5.833,30.559,9676.69,84.617,27.732,21.884,1759.157,15.383,0.417299111,41.72991114,Low,30.558
Turkey,1994,TUR,634.501,-3.163,-20.727,10881.467,-1.941,-10.764,9323.78,85.685,-9.884,-9.964,1557.687,14.315,0.480725624,48.07256236,Low,-10.763
Turkey,1995,TUR,710.107,11.916,75.606,11973.709,11.107,60.387,10185.549,85.066,16.712,15.219,1788.16,14.934,0.201293548,20.12935481,Low,60.387
Turkey,1996,TUR,774.638,9.088,64.531,12847.721,8.293,50.097,10849.47,84.447,13.627,14.434,1998.251,15.553,0.223675443,22.36754428,Low,50.097
Turkey,1997,TUR,810.281,4.601,35.644,13223.166,5.689,37.217,11282.659,85.325,-1.329,-1.573,1940.506,14.675,-0.04413085,-4.413084951,Low,37.217
Turkey,1998,TUR,830.685,2.518,20.404,13346.017,1.94,13.416,11323.313,84.844,5.891,6.988,2022.703,15.156,0.342481866,34.24818663,Low,13.416
Turkey,1999,TUR,808.918,-2.62,-21.767,12802.255,0.124,0.875,11168.089,87.235,-17.971,-22.642,1634.165,12.765,1.040198466,104.0198466,High,0.875
Turkey,2000,TUR,863.54,6.752,54.622,13468.915,9.314,65.727,12031.617,89.329,-10.766,-11.105,1437.298,10.671,-0.20330636,-20.33063601,Low,65.727
Turkey,2001,TUR,784.469,-9.157,-79.071,12055.402,-7.581,-58.479,10955.71,90.878,-21.852,-20.591,1099.693,9.122,0.260411529,26.04115289,Low,-58.48
Turkey,2002,TUR,859.186,9.525,74.717,13020.211,6.608,47.111,11517.446,88.458,39.516,27.606,1502.766,11.542,0.369474149,36.94741491,Low,47.111
Turkey,2003,TUR,909.418,5.846,50.231,13600.33,6.087,46.26,12057.92,88.659,4.687,3.971,1542.409,11.341,0.079054767,7.905476698,Low,46.26
Turkey,2004,TUR,973.841,7.084,64.424,14366.604,4.229,34.097,12397.678,86.295,30.238,30.327,1968.926,13.705,0.470740718,47.07407177,Low,34.097
Turkey,2005,TUR,996.115,2.287,22.274,14498.5,4.989,41.923,12841.919,88.574,-14.171,-19.649,1656.581,11.426,-0.882149591,-88.21495915,Low,41.923
Turkey,2006,TUR,1105.051,10.936,108.936,15876.872,10.861,95.831,14053.337,88.515,12.581,13.106,1823.536,11.485,0.120309172,12.03091724,Low,95.83
Turkey,2007,TUR,1173.72,6.214,68.668,16655.863,9.441,92.342,15190.727,91.203,-18.208,-23.674,1465.134,8.797,-0.344760296,-34.47602959,Low,92.342
Turkey,2008,TUR,1176.681,0.252,2.961,16498.441,0.866,9.269,15139.255,91.762,-5.471,-6.308,1359.186,8.238,-2.130361364,-213.0361364,Low,9.269
Turkey,2009,TUR,1192.738,1.365,16.057,16514.057,0.588,6.35,15037.491,91.059,10.464,9.708,1476.566,8.941,0.604596126,60.45961263,Medium,6.349
Turkey,2010,TUR,1253.167,5.066,60.428,17120.85,1.132,12.296,15006.258,87.649,45.97,48.132,2114.592,12.351,0.79651817,79.65181704,Medium,12.296
Turkey,2011,TUR,1337.026,6.692,83.86,18025.576,7.11,78.099,15861.218,87.993,4.478,5.76,2164.357,12.007,0.068685905,6.868590508,Low,78.1
Turkey,2012,TUR,1421.041,6.284,84.015,18877.383,5.501,64.713,16488.352,87.344,13.342,19.301,2389.031,12.656,0.229732786,22.97327858,Low,64.714
Turkey,2013,TUR,1412.188,-0.623,-8.853,18441.619,-1.796,-22.294,15917.588,86.313,11.373,13.44,2524.031,13.687,-1.518129448,-151.8129448,Low,-22.293
Turkey,2014,TUR,1454.355,2.986,42.167,18618.826,7.466,91.006,16769.66,90.068,-26.293,-48.838,1849.167,9.932,-1.158204283,-115.8204283,Low,91.005
Turkey,2015,TUR,1589.021,9.26,134.666,19951.004,3.998,52.368,17104.154,85.731,56.486,82.298,2846.85,14.269,0.611126788,61.11267878,Medium,52.368
Turkey,2016,TUR,1669.239,5.048,80.218,20602.953,4.687,63.856,17602.41,85.436,7.748,16.362,3000.543,14.564,0.203969184,20.3969184,Low,63.856
Turkey,2017,TUR,1787.342,7.075,118.103,21772.998,8.922,127.234,18922.82,86.91,-3.178,-9.132,2850.177,13.09,-0.077322337,-7.732233728,Low,127.235
Turkey,2018,TUR,1787.873,0.03,0.531,21590.242,-1.702,-26.443,18439.082,85.405,12.267,26.975,3151.16,14.595,50.80037665,5080.037665,High,-26.444
Turkey,2019,TUR,1849.167,3.428,61.294,22150.566,-1.916,-29.257,17940.109,80.992,34.907,90.551,4210.456,19.008,1.477322413,147.7322413,High,-29.257
Turkey,2020,TUR,1821.776,-1.481,-27.39,21652.902,-1.043,-15.627,17614.971,81.352,-3.405,-11.763,4037.931,18.648,0.429463308,42.94633078,Low,-15.627
Turkey,2021,TUR,1951.151,7.102,129.375,23015.531,10.458,154.987,19310.203,83.901,-7.464,-25.612,3705.331,16.099,-0.19796715,-19.79671498,Low,154.987
Turkey,2022,TUR,1972.118,1.075,20.967,23108.615,-1.797,-29.412,18837.527,81.517,16.314,50.379,4271.088,18.483,2.402775791,240.2775791,High,-29.412
Turkey,2023,TUR,1945.299,-1.36,-26.819,22668.203,-1.624,-26.113,18428.986,81.299,0.087,-0.706,4239.217,18.701,0.026324621,2.63246206,Low,-26.113
Turkmenistan,1985,TKM,143.104,,,44074.227,,,44071.492,99.994,,,2.732,0.006,0,0,Low,0
Turkmenistan,1986,TKM,178.107,24.46,35.003,53377.156,24.462,35.003,53374.5,99.995,0,0,2.659,0.005,0,0,Low,35.003
Turkmenistan,1987,TKM,177.183,-0.519,-0.924,51649.34,-0.519,-0.924,51646.754,99.995,0,0,2.586,0.005,0,0,Low,-0.924
Turkmenistan,1988,TKM,178.383,0.677,1.2,50603.449,0.677,1.2,50600.93,99.995,0,0,2.517,0.005,0,0,Low,1.2
Turkmenistan,1989,TKM,183.29,2.751,4.907,50614.422,2.751,4.907,50611.977,99.995,0,0,2.45,0.005,0,0,Low,4.907
Turkmenistan,1990,TKM,161.008,-12.157,-22.282,43278.375,-12.158,-22.282,43275.992,99.994,0,0,2.384,0.006,0,0,Low,-22.282
Turkmenistan,1991,TKM,146.229,-9.179,-14.779,38261.926,-9.18,-14.779,38259.602,99.994,0,0,2.321,0.006,0,0,Low,-14.779
Turkmenistan,1992,TKM,137.78,-5.778,-8.449,35090.969,-5.78,-8.452,35087.812,99.991,40,0.004,3.163,0.009,-0.000473429,-0.047342881,Low,-8.453
Turkmenistan,1993,TKM,127.521,-7.446,-10.259,31629.664,-7.448,-10.261,31625.996,99.988,19.048,0.002,3.667,0.012,-0.000194951,-0.019495077,Low,-10.261
Turkmenistan,1994,TKM,135.595,6.331,8.073,32807.488,6.334,8.076,32804.621,99.991,-20,-0.003,2.862,0.009,-0.000371609,-0.037160907,Low,8.076
Turkmenistan,1995,TKM,104.27,-23.102,-31.325,24669.764,-23.104,-31.325,24666.965,99.989,0,0,2.798,0.011,0,0,Low,-31.325
Turkmenistan,1996,TKM,157.83,51.367,53.56,36695.25,51.37,53.557,36691.812,99.991,25,0.003,3.437,0.009,5.60E-05,0.005601195,Low,53.557
Turkmenistan,1997,TKM,123.346,-21.849,-34.484,28266.512,,,,,0,0,3.388,,0,0,Low,-34.484
Turkmenistan,1998,TKM,140.64,14.021,17.294,31736.244,,,,,20,0.003,4.004,,0.000173471,0.017347057,Low,17.291
Turkmenistan,1999,TKM,123.281,-12.343,-17.359,27389.15,,,,,-16.667,-0.003,3.285,,0.000172821,0.017282102,Low,-17.356
Turkmenistan,2000,TKM,129.937,5.399,6.656,28438.062,,,,,-36.92,-0.005,2.041,,-0.000751202,-0.075120192,Low,6.661
Turkmenistan,2001,TKM,152.16,17.103,22.223,32827.773,,,,,0,0,1.999,,0,0,Low,22.223
Turkmenistan,2002,TKM,130.345,-14.337,-21.815,27739.066,,,,,0,0,1.959,,0,0,Low,-21.815
Turkmenistan,2003,TKM,167.964,28.861,37.619,35294.043,,,,,0,0,1.922,,0,0,Low,37.619
Turkmenistan,2004,TKM,186.743,11.18,18.779,38745.031,,,,,0,0,1.886,,0,0,Low,18.779
Turkmenistan,2005,TKM,175.535,-6.002,-11.208,35927.703,,,,,0,0,1.848,,0,0,Low,-11.208
Turkmenistan,2006,TKM,180.042,2.567,4.507,36342.449,,,,,0,0,1.812,,0,0,Low,4.507
Turkmenistan,2007,TKM,165.961,-7.821,-14.08,33027.777,,,,,0,0,1.775,,0,0,Low,-14.08
Turkmenistan,2008,TKM,154.485,-6.915,-11.477,30290.566,,,,,0,0,1.738,,0,0,Low,-11.477
Turkmenistan,2009,TKM,226.943,46.903,72.459,43803.293,,,,,0,0,1.7,,0,0,Low,72.459
Turkmenistan,2010,TKM,246.765,8.734,19.822,46842.559,,,,,5.057,0,1.746,,0,0,Low,19.822
Turkmenistan,2011,TKM,266.977,8.191,20.212,49801.621,,,,,8.971,0.001,1.858,,4.95E-05,0.004947556,Low,20.211
Turkmenistan,2012,TKM,315.054,18.008,48.077,57716.133,,,,,14.531,0.001,2.077,,2.08E-05,0.002079997,Low,48.076
Turkmenistan,2013,TKM,268.034,-14.925,-47.021,48206.617,,,,,20.973,0.002,2.452,,-4.25E-05,-0.004253419,Low,-47.023
Turkmenistan,2014,TKM,283.703,5.846,15.669,50096.188,,,,,25.361,0.003,3,,0.000191461,0.019146085,Low,15.666
Turkmenistan,2015,TKM,322.797,13.78,39.094,55978.691,,,,,33.525,0.006,3.911,,0.000153476,0.015347624,Low,39.088
Turkmenistan,2016,TKM,349.101,8.149,26.303,59486.492,,,,,21.006,0.005,4.622,,0.000190092,0.019009238,Low,26.298
Turkmenistan,2017,TKM,324.881,-6.938,-24.22,54433.586,,,,,-0.188,0,4.51,,0,0,Low,-24.22
Turkmenistan,2018,TKM,366.506,12.812,41.625,60428.902,,,,,0,0,4.412,,0,0,Low,41.625
Turkmenistan,2019,TKM,349.909,-4.528,-16.597,56817.949,,,,,0,0,4.329,,0,0,Low,-16.597
Turkmenistan,2020,TKM,439.797,25.689,89.888,70362.586,,,,,0.274,0,4.261,,0,0,Low,89.888
Turkmenistan,2021,TKM,443.098,0.75,3.301,69868.859,,,,,-0.313,0,4.171,,0,0,Low,3.301
Turkmenistan,2022,TKM,452.809,2.192,9.711,70412.789,,,,,0,0,4.099,,0,0,Low,9.711
Turkmenistan,2023,TKM,444.951,-1.735,-7.858,68284.93,,,,,0,0,4.03,,0,0,Low,-7.858
Turks and Caicos Islands,1980,TCA,0,,,0,,,,,,,,,0,0,Low,0
Turks and Caicos Islands,1981,TCA,0,,0,0,,,,,,,,,0,0,Low,0
Turks and Caicos Islands,1982,TCA,0,,0,0,,,,,,,,,0,0,Low,0
Turks and Caicos Islands,1983,TCA,0,,0,0,,,,,,,,,0,0,Low,0
Turks and Caicos Islands,1984,TCA,0,,0,0,,,,,,,,,0,0,Low,0
Turks and Caicos Islands,1985,TCA,0,,0,0,,,,,,,,,0,0,Low,0
Turks and Caicos Islands,1986,TCA,0,,0,0,,,,,,,,,0,0,Low,0
Turks and Caicos Islands,1987,TCA,0,,0,0,,,,,,,,,0,0,Low,0
Turks and Caicos Islands,1988,TCA,0,,0,0,,,,,,,,,0,0,Low,0
Turks and Caicos Islands,1989,TCA,0,,0,0,,,,,,,,,0,0,Low,0
Turks and Caicos Islands,1990,TCA,0,,0,0,,,,,,,,,0,0,Low,0
Turks and Caicos Islands,1991,TCA,0,,0,0,,,,,,,,,0,0,Low,0
Turks and Caicos Islands,1992,TCA,0,,0,0,,,,,,,,,0,0,Low,0
Turks and Caicos Islands,1993,TCA,0,,0,0,,,,,,,,,0,0,Low,0
Turks and Caicos Islands,1994,TCA,0,,0,0,,,,,,,,,0,0,Low,0
Turks and Caicos Islands,1995,TCA,0.055,,0.055,3664.542,,,,,,,,,0,0,Low,0.055
Turks and Caicos Islands,1996,TCA,0.056,0.274,0,3510.468,,,,,,,,,0,0,Low,0
Turks and Caicos Islands,1997,TCA,0.055,-0.273,0,3350.386,,,,,,,,,0,0,Low,0
Turks and Caicos Islands,1998,TCA,0.061,10.001,0.006,3530.704,,,,,,,,,0,0,Low,0.006
Turks and Caicos Islands,1999,TCA,0.061,0,0,3385.225,,,,,,,,,0,0,Low,0
Turks and Caicos Islands,2000,TCA,0.289,374.221,0.228,15402.543,,,,,,,,,0,0,Low,0.228
Turks and Caicos Islands,2001,TCA,0.307,6.167,0.018,15659.168,,,,,,,,,0,0,Low,0.018
Turks and Caicos Islands,2002,TCA,0.409,33.162,0.102,19820.557,,,,,,,,,0,0,Low,0.102
Turks and Caicos Islands,2003,TCA,0.42,2.829,0.012,19310.029,,,,,,,,,0,0,Low,0.012
Turks and Caicos Islands,2004,TCA,0.433,3.03,0.013,18909.895,,,,,,,,,0,0,Low,0.013
Turks and Caicos Islands,2005,TCA,0.509,17.647,0.076,21208.637,,,,,,,,,0,0,Low,0.076
Turks and Caicos Islands,2006,TCA,0.586,15,0.076,23291.262,,,,,,,,,0,0,Low,0.076
Turks and Caicos Islands,2007,TCA,0.688,17.391,0.102,26156.391,,,,,,,,,0,0,Low,0.102
Turks and Caicos Islands,2008,TCA,0.732,6.481,0.045,26676.77,,,,,,,,,0,0,Low,0.045
Turks and Caicos Islands,2009,TCA,0.739,0.87,0.006,25825.842,,,,,,,,,0,0,Low,0.006
Turks and Caicos Islands,2010,TCA,0.764,3.448,0.025,25683.688,,,,,,,,,0,0,Low,0.025
Turks and Caicos Islands,2011,TCA,0.764,0,0,24776.764,,,,,,,,,0,0,Low,0
Turks and Caicos Islands,2012,TCA,0.764,0,0,23800.51,,,,,,,,,0,0,Low,0
Turks and Caicos Islands,2013,TCA,0.77,0.833,0.006,22917.402,,,,,,,,,0,0,Low,0.006
Turks and Caicos Islands,2014,TCA,0.828,7.438,0.057,23641.734,,,,,,,,,0,0,Low,0.057
Turks and Caicos Islands,2015,TCA,0.853,3.061,0.025,23337.617,,,,,,,,,0,0,Low,0.025
Turks and Caicos Islands,2016,TCA,0.882,3.435,0.029,23060,,,,,,,,,0,0,Low,0.029
Turks and Caicos Islands,2017,TCA,0.955,8.239,0.073,23959.471,,,,,,,,,0,0,Low,0.073
Turks and Caicos Islands,2018,TCA,0.958,0.279,0.003,23070.922,,,,,,,,,0,0,Low,0.003
Turks and Caicos Islands,2019,TCA,0.987,3.052,0.029,22899.154,,,,,,,,,0,0,Low,0.029
Turks and Caicos Islands,2020,TCA,0.832,-15.752,-0.155,18772.568,,,,,,,,,0,0,Low,-0.155
Turks and Caicos Islands,2021,TCA,0.885,6.48,0.054,19615.283,,,,,,,,,0,0,Low,0.054
Tuvalu,1980,TUV,0,,,0,,,,,,,,,0,0,Low,0
Tuvalu,1981,TUV,0,,0,0,,,,,,,,,0,0,Low,0
Tuvalu,1982,TUV,0,,0,0,,,,,,,,,0,0,Low,0
Tuvalu,1983,TUV,0,,0,0,,,,,,,,,0,0,Low,0
Tuvalu,1984,TUV,0,,0,0,,,,,,,,,0,0,Low,0
Tuvalu,1985,TUV,0,,0,0,,,,,,,,,0,0,Low,0
Tuvalu,1986,TUV,0,,0,0,,,,,,,,,0,0,Low,0
Tuvalu,1987,TUV,0,,0,0,,,,,,,,,0,0,Low,0
Tuvalu,1988,TUV,0,,0,0,,,,,,,,,0,0,Low,0
Tuvalu,1989,TUV,0,,0,0,,,,,,,,,0,0,Low,0
Tuvalu,1990,TUV,0,,0,0,,,,,,,,,0,0,Low,0
Tuvalu,1991,TUV,0,,0,0,,,,,,,,,0,0,Low,0
Tuvalu,1992,TUV,0,,0,0,,,,,,,,,0,0,Low,0
Tuvalu,1993,TUV,0,,0,0,,,,,,,,,0,0,Low,0
Tuvalu,1994,TUV,0,,0,0,,,,,,,,,0,0,Low,0
Tuvalu,1995,TUV,0,,0,0,,,,,,,,,0,0,Low,0
Tuvalu,1996,TUV,0,,0,0,,,,,,,,,0,0,Low,0
Tuvalu,1997,TUV,0,,0,0,,,,,,,,,0,0,Low,0
Tuvalu,1998,TUV,0,,0,0,,,,,,,,,0,0,Low,0
Tuvalu,1999,TUV,0,,0,0,,,,,,,,,0,0,Low,0
Tuvalu,2000,TUV,0,,0,0,,,,,,,,,0,0,Low,0
Tuvalu,2001,TUV,0,,0,0,,,,,,,,,0,0,Low,0
Tuvalu,2002,TUV,0,,0,0,,,,,,,,,0,0,Low,0
Tuvalu,2003,TUV,0,,0,0,,,,,,,,,0,0,Low,0
Tuvalu,2004,TUV,0,,0,0,,,,,,,,,0,0,Low,0
Tuvalu,2005,TUV,0,,0,0,,,,,,,,,0,0,Low,0
Tuvalu,2006,TUV,0,,0,0,,,,,,,,,0,0,Low,0
Tuvalu,2007,TUV,0,,0,0,,,,,,,,,0,0,Low,0
Tuvalu,2008,TUV,0,,0,0,,,,,,,,,0,0,Low,0
Tuvalu,2009,TUV,0,,0,0,,,,,,,,,0,0,Low,0
Tuvalu,2010,TUV,0,,0,0,,,,,,,,,0,0,Low,0
Tuvalu,2011,TUV,0,,0,0,,,,,,,,,0,0,Low,0
Tuvalu,2012,TUV,0,,0,0,,,,,,,,,0,0,Low,0
Tuvalu,2013,TUV,0,,0,0,,,,,,,,,0,0,Low,0
Tuvalu,2014,TUV,0,,0,0,,,,,,,,,0,0,Low,0
Tuvalu,2015,TUV,0,,0,0,,,,,,,,,0,0,Low,0
Tuvalu,2016,TUV,0,,0,0,,,,,,,,,0,0,Low,0
Tuvalu,2017,TUV,0,,0,0,,,,,,,,,0,0,Low,0
Tuvalu,2018,TUV,0,,0,0,,,,,,,,,0,0,Low,0
Tuvalu,2019,TUV,0,,0,0,,,,,,,,,0,0,Low,0
Tuvalu,2020,TUV,0,,0,0,,,,,,,,,0,0,Low,0
Tuvalu,2021,TUV,0,,0,0,,,,,,,,,0,0,Low,0
Uganda,1980,UGA,4.68,,,352.27,,,,,,,,,0,0,Low,0
Uganda,1981,UGA,3.334,-28.759,-1.346,245.789,,,,,,,,,0,0,Low,-1.346
Uganda,1982,UGA,3.793,13.762,0.459,273.239,,,,,,,,,0,0,Low,0.459
Uganda,1983,UGA,3.608,-4.863,-0.184,253.579,,,,,,,,,0,0,Low,-0.184
Uganda,1984,UGA,3.968,9.973,0.36,271.448,,,,,,,,,0,0,Low,0.36
Uganda,1985,UGA,4.195,5.719,0.227,278.938,,,,,,,,,0,0,Low,0.227
Uganda,1986,UGA,4.391,4.684,0.196,283.558,,,,,,,,,0,0,Low,0.196
Uganda,1987,UGA,4.03,-8.224,-0.361,252.296,,,,,,,,,0,0,Low,-0.361
Uganda,1988,UGA,5.206,29.176,1.176,315.725,,,,,,,,,0,0,Low,1.176
Uganda,1989,UGA,5.205,-0.024,-0.001,305.652,,,,,,,,,0,0,Low,-0.001
Uganda,1990,UGA,5.71,9.706,0.505,324.679,,,,,,,,,0,0,Low,0.505
Uganda,1991,UGA,6.041,5.803,0.331,332.455,,,,,,,,,0,0,Low,0.331
Uganda,1992,UGA,6.836,13.154,0.795,363.582,,,,,,,,,0,0,Low,0.795
Uganda,1993,UGA,6.892,0.817,0.056,354.102,,,,,,,,,0,0,Low,0.056
Uganda,1994,UGA,7.129,3.435,0.237,354.216,,,,,,,,,0,0,Low,0.237
Uganda,1995,UGA,7.186,0.812,0.058,347.494,,,,,,,,,0,0,Low,0.058
Uganda,1996,UGA,7.487,4.182,0.301,352.338,,,,,,,,,0,0,Low,0.301
Uganda,1997,UGA,7.955,6.255,0.468,363.639,,,,,,,,,0,0,Low,0.468
Uganda,1998,UGA,8.513,7.011,0.558,377.727,,,,,,,,,0,0,Low,0.558
Uganda,1999,UGA,8.533,0.231,0.02,366.538,,,,,,,,,0,0,Low,0.02
Uganda,2000,UGA,10.352,21.316,1.819,430.945,,,,,,,,,0,0,Low,1.819
Uganda,2001,UGA,10.554,1.954,0.202,426.191,,,,,,,,,0,0,Low,0.202
Uganda,2002,UGA,10.818,2.504,0.264,423.493,,,,,,,,,0,0,Low,0.264
Uganda,2003,UGA,11.408,5.45,0.59,432.856,,,,,,,,,0,0,Low,0.59
Uganda,2004,UGA,12.152,6.525,0.744,447.659,,,,,,,,,0,0,Low,0.744
Uganda,2005,UGA,13.791,13.484,1.639,493.468,,,,,,,,,0,0,Low,1.639
Uganda,2006,UGA,13.4,-2.835,-0.391,465.703,,,,,,,,,0,0,Low,-0.391
Uganda,2007,UGA,16.166,20.646,2.766,545.608,,,,,,,,,0,0,Low,2.766
Uganda,2008,UGA,17.003,5.174,0.836,557.287,,,,,,,,,0,0,Low,0.836
Uganda,2009,UGA,17.367,2.142,0.364,552.865,,,,,,,,,0,0,Low,0.364
Uganda,2010,UGA,19.549,12.564,2.182,604.45,,,,,,,,,0,0,Low,2.182
Uganda,2011,UGA,20.453,4.622,0.904,614.269,,,,,,,,,0,0,Low,0.904
Uganda,2012,UGA,19.799,-3.193,-0.653,577.693,,,,,,,,,0,0,Low,-0.653
Uganda,2013,UGA,22.978,16.052,3.178,651.414,,,,,,,,,0,0,Low,3.178
Uganda,2014,UGA,26.488,15.275,3.51,728.951,,,,,,,,,0,0,Low,3.51
Uganda,2015,UGA,26.524,0.139,0.037,707.743,,,,,,,,,0,0,Low,0.037
Uganda,2016,UGA,29.645,11.764,3.12,765.058,,,,,,,,,0,0,Low,3.12
Uganda,2017,UGA,32.298,8.951,2.653,804.894,,,,,,,,,0,0,Low,2.653
Uganda,2018,UGA,34.923,8.127,2.625,841.204,,,,,,,,,0,0,Low,2.625
Uganda,2019,UGA,34.859,-0.184,-0.064,811.628,,,,,,,,,0,0,Low,-0.064
Uganda,2020,UGA,34.032,-2.371,-0.826,766.414,,,,,,,,,0,0,Low,-0.826
Uganda,2021,UGA,35.163,3.322,1.13,766.846,,,,,,,,,0,0,Low,1.13
Ukraine,1985,UKR,2780.66,,,54611.195,,,51018.395,93.421,,,3592.799,6.579,0,0,Low,0
Ukraine,1986,UKR,2792.947,0.442,12.287,54681.379,1.637,42.528,51691.855,94.533,-16.644,-30.241,2989.519,5.467,-2.461219175,-246.1219175,Low,42.528
Ukraine,1987,UKR,2852.486,2.132,59.539,55673.004,1.545,40.781,52326.684,93.989,12.472,18.759,3346.321,6.011,0.315070794,31.50707939,Low,40.78
Ukraine,1988,UKR,2855.35,0.1,2.864,55581.434,-2.434,-65.269,50917.699,91.609,39.842,68.134,4663.741,8.391,23.78980447,2378.980447,High,-65.27
Ukraine,1989,UKR,2732.057,-4.318,-123.293,53055.266,-3.915,-102.4,48808.344,91.995,-8.683,-20.894,4246.922,8.005,0.169466231,16.94662308,Low,-102.399
Ukraine,1990,UKR,3194.697,16.934,462.64,61924.961,17.271,434.085,57132.367,92.261,13.109,28.555,4792.59,7.739,0.061721857,6.172185717,Low,434.085
Ukraine,1991,UKR,2994.568,-6.264,-200.129,57952.488,-6.809,-200.692,53156.699,91.725,0.171,0.563,4795.784,8.275,-0.002813185,-0.28131855,Low,-200.692
Ukraine,1992,UKR,2530.553,-15.495,-464.015,48866.383,-16.339,-448.78,44375.195,90.809,-5.997,-15.235,4491.185,9.191,0.03283299,3.283299031,Low,-448.78
Ukraine,1993,UKR,2218.278,-12.34,-312.275,42841.754,-14.18,-325.843,38087.934,88.904,5.695,13.569,4753.821,11.096,-0.043452086,-4.34520855,Low,-325.844
Ukraine,1994,UKR,1895.852,-14.535,-322.427,36821.68,-15.591,-307.471,32331.451,87.805,-6.161,-14.955,4490.227,12.195,0.046382592,4.638259203,Low,-307.472
Ukraine,1995,UKR,1849.755,-2.431,-46.097,36226.188,-2.67,-44.448,31730.785,87.591,-0.605,-1.649,4495.403,12.409,0.035772393,3.5772393,Low,-44.448
Ukraine,1996,UKR,1724.072,-6.795,-125.683,34061.734,-9.102,-147.468,29096.404,85.423,9.609,21.785,4965.33,14.577,-0.173332909,-17.3332909,Low,-147.468
Ukraine,1997,UKR,1662.889,-3.549,-61.183,33145.512,-4.372,-64.394,28071.971,84.693,1.224,3.211,5073.544,15.307,-0.052481899,-5.248189857,Low,-64.394
Ukraine,1998,UKR,1604.654,-3.502,-58.235,32257.029,-4.526,-63.739,27029.648,83.795,1.895,5.504,5227.383,16.205,-0.094513609,-9.451360865,Low,-63.739
Ukraine,1999,UKR,1580.584,-1.5,-24.07,32047.443,-0.809,-10.88,27042.381,84.382,-5.044,-13.19,5005.063,15.618,0.547985044,54.79850436,Medium,-10.88
Ukraine,2000,UKR,1585.457,0.308,4.873,32435.855,-0.082,-1.088,27263.754,84.054,2.58,5.961,5172.103,15.946,1.223271086,122.3271086,High,-1.088
Ukraine,2001,UKR,1562.9,-1.423,-22.556,32281.633,-1.491,-19.867,27115.381,83.996,-0.456,-2.689,5166.252,16.004,0.1192144,11.92143997,Low,-19.867
Ukraine,2002,UKR,1553.238,-0.618,-9.663,32374.941,-0.468,-6.147,27234.803,84.123,-0.655,-3.516,5140.141,15.877,0.363862155,36.38621546,Low,-6.147
Ukraine,2003,UKR,1591.928,2.491,38.69,33439.895,2.439,31.866,28116.367,84.08,3.464,6.824,5323.525,15.92,0.176376325,17.63763246,Low,31.866
Ukraine,2004,UKR,1585.872,-0.38,-6.056,33554.93,-2.034,-27.224,27744.799,82.685,8.969,21.168,5810.132,17.315,-3.495376486,-349.5376486,Low,-27.224
Ukraine,2005,UKR,1605.493,1.237,19.621,34223.043,1.131,14.833,28267.592,82.598,2.377,4.788,5955.452,17.402,0.24402426,24.40242597,Low,14.833
Ukraine,2006,UKR,1624.431,1.18,18.939,34864.609,1.147,15.205,28788.115,82.571,1.966,3.733,6076.493,17.429,0.1971065,19.71064998,Low,15.206
Ukraine,2007,UKR,1617.882,-0.403,-6.549,34933.594,-0.316,-4.236,28870.381,82.644,-0.131,-2.314,6063.209,17.356,0.353336387,35.33363872,Low,-4.235
Ukraine,2008,UKR,1562.053,-3.451,-55.829,33911.27,-3.784,-50.6,27928.658,82.358,-1.31,-5.229,5982.612,17.642,0.093661001,9.366100056,Low,-50.6
Ukraine,2009,UKR,1330.558,-14.82,-231.495,29011.01,-16.482,-212.042,23426.582,80.751,-6.512,-19.453,5584.429,19.249,0.084032053,8.403205253,Low,-212.042
Ukraine,2010,UKR,1426.915,7.242,96.357,31235.119,7.24,77.787,25222.082,80.749,7.891,18.57,6013.039,19.251,0.192720819,19.27208195,Low,77.787
Ukraine,2011,UKR,1474.744,3.352,47.83,32400.471,4.571,52.672,26471.783,81.702,-1.07,-4.843,5928.69,18.298,-0.101254443,-10.12544428,Low,52.673
Ukraine,2012,UKR,1442.989,-2.153,-31.755,31779.547,-2.484,-29.933,25876.643,81.425,-0.073,-1.822,5902.904,18.575,0.057376791,5.737679106,Low,-29.933
Ukraine,2013,UKR,1369.568,-5.088,-73.421,30228.559,-5.51,-64.74,24504.332,81.064,-2.522,-8.681,5724.225,18.936,0.118235927,11.82359271,Low,-64.74
Ukraine,2014,UKR,1208.371,-11.77,-161.198,26764.613,-14.386,-159.713,21053.104,78.66,0.221,-1.484,5711.511,21.34,0.00920607,0.920606955,Low,-159.714
Ukraine,2015,UKR,1003.408,-16.962,-204.963,22306.594,-20.319,-193.136,16836.994,75.48,-3.947,-11.827,5469.601,24.52,0.057703098,5.770309763,Low,-193.136
Ukraine,2016,UKR,1049.995,4.643,46.587,23419.848,7.842,59.392,18217.676,77.787,-4.716,-12.805,5202.172,22.213,-0.274862086,-27.4862086,Low,59.392
Ukraine,2017,UKR,975.331,-7.111,-74.664,21840.365,-10.96,-89.515,16285.107,74.564,6.975,14.851,5555.255,25.436,-0.198904425,-19.89044252,Low,-89.515
Ukraine,2018,UKR,1011.989,3.758,36.658,22768.459,4.872,35.429,17159.262,75.364,0.907,1.229,5609.196,24.636,0.033526106,3.352610617,Low,35.429
Ukraine,2019,UKR,957.663,-5.368,-54.325,21661.146,-6.224,-47.467,16177.152,74.683,-2.022,-6.858,5483.994,25.317,0.126240221,12.62402209,Low,-47.467
Ukraine,2020,UKR,918.452,-4.095,-39.212,20916.844,-4.8,-34.327,15506.438,74.134,-2.223,-4.884,5410.407,25.866,0.124553708,12.4553708,Low,-34.328
Ukraine,2021,UKR,934.717,1.771,16.265,21472.234,-2.981,-20.294,15174.978,70.673,15.682,36.559,6297.255,29.327,2.247709806,224.7709806,High,-20.294
Ukraine,2022,UKR,646.065,-30.881,-288.652,16272.95,-33.208,-219.366,11113.416,68.294,-25.071,-69.286,5159.534,31.706,0.240032981,24.00329809,Low,-219.366
Ukraine,2023,UKR,616.639,-4.555,-29.425,16781.748,-2.134,-9.415,11751.562,70.026,-9.683,-20.01,5030.188,29.974,0.680033985,68.00339847,Medium,-9.415
United Arab Emirates,1965,ARE,0.855,,,4916.535,,,,,,,0,,0,0,Low,0
United Arab Emirates,1966,ARE,0.912,6.73,0.058,4996.773,,,,,,0,0,,0,0,Low,0.058
United Arab Emirates,1967,ARE,5.407,492.819,4.495,28246.545,,,,,,0,0,,0,0,Low,4.495
United Arab Emirates,1968,ARE,6.945,28.445,1.538,32513.764,,,,,,0,0,,0,0,Low,1.538
United Arab Emirates,1969,ARE,6.969,0.349,0.024,27515.793,,,,,,0,0,,0,0,Low,0.024
United Arab Emirates,1970,ARE,9.606,37.835,2.637,32223.146,,,,,,0,0,,0,0,Low,2.637
United Arab Emirates,1971,ARE,14.638,52.391,5.032,42488.062,,,,,,0,0,,0,0,Low,5.032
United Arab Emirates,1972,ARE,15.65,6.914,1.012,39885.492,,,,,,0,0,,0,0,Low,1.012
United Arab Emirates,1973,ARE,20.293,29.667,4.643,45958.285,,,,,,0,0,,0,0,Low,4.643
United Arab Emirates,1974,ARE,22.296,9.867,2.002,45319.484,,,,,,0,0,,0,0,Low,2.002
United Arab Emirates,1975,ARE,23.859,7.014,1.564,43906.457,,,,,,0,0,,0,0,Low,1.564
United Arab Emirates,1976,ARE,30.19,26.535,6.331,49154.797,,,,,,0,0,,0,0,Low,6.331
United Arab Emirates,1977,ARE,49.632,64.396,19.441,70213.055,,,,,,0,0,,0,0,Low,19.441
United Arab Emirates,1978,ARE,57.501,15.855,7.869,71408.195,,,,,,0,0,,0,0,Low,7.869
United Arab Emirates,1979,ARE,67.56,17.495,10.06,74367.781,,,,,,0,0,,0,0,Low,10.06
United Arab Emirates,1980,ARE,108.156,60.089,40.596,106657.023,,,,,,0,0,,0,0,Low,40.596
United Arab Emirates,1981,ARE,125.928,16.432,17.772,114460.664,,,,,,0,0,,0,0,Low,17.772
United Arab Emirates,1982,ARE,135.966,7.971,10.038,116423.289,,,,,,0,0,,0,0,Low,10.038
United Arab Emirates,1983,ARE,130.515,-4.009,-5.451,105459.898,,,,,,0,0,,0,0,Low,-5.451
United Arab Emirates,1984,ARE,162.547,24.542,32.032,124239.039,,,,,,0,0,,0,0,Low,32.032
United Arab Emirates,1985,ARE,201.634,24.046,39.087,146159.641,,,,,,0,0,,0,0,Low,39.087
United Arab Emirates,1986,ARE,244.387,21.204,42.754,166396.859,,,,,,0,0,,0,0,Low,42.754
United Arab Emirates,1987,ARE,273.077,11.74,28.69,173281.828,,,,,,0,0,,0,0,Low,28.69
United Arab Emirates,1988,ARE,301.883,10.548,28.805,179298.469,,,,,,0,0,,0,0,Low,28.805
United Arab Emirates,1989,ARE,340.165,12.681,38.282,189840.281,,,,,,0,0,,0,0,Low,38.282
United Arab Emirates,1990,ARE,344.953,1.407,4.788,181538.766,,,,,,0,0,,0,0,Low,4.788
United Arab Emirates,1991,ARE,420.837,21.999,75.885,209539.703,,,,,,0,0,,0,0,Low,75.885
United Arab Emirates,1992,ARE,406.696,-3.36,-14.142,192178.875,,,,,,0,0,,0,0,Low,-14.142
United Arab Emirates,1993,ARE,423.47,4.125,16.775,190470.219,,,,,,0,0,,0,0,Low,16.775
United Arab Emirates,1994,ARE,464.674,9.73,41.204,199513.672,,,,,,0,0,,0,0,Low,41.204
United Arab Emirates,1995,ARE,484.871,4.346,20.197,199207.391,,,,,,0,0,,0,0,Low,20.197
United Arab Emirates,1996,ARE,499.688,3.056,14.817,194224.094,,,,,,0,0,,0,0,Low,14.817
United Arab Emirates,1997,ARE,521.456,4.356,21.768,189887.922,,,,,,0,0,,0,0,Low,21.768
United Arab Emirates,1998,ARE,534.113,2.427,12.656,182844.297,,,,,,0,0,,0,0,Low,12.656
United Arab Emirates,1999,ARE,538.369,0.797,4.256,173803.531,,,,,,0,0,,0,0,Low,4.256
United Arab Emirates,2000,ARE,535.782,-0.481,-2.587,163580.656,,,,,,0,0,,0,0,Low,-2.587
United Arab Emirates,2001,ARE,541.566,1.08,5.784,156784.594,,,156784.609,,,,,,0,0,Low,5.784
United Arab Emirates,2002,ARE,591.693,9.256,50.127,162836.453,9.256,50.127,162836.453,,,,,,0,0,Low,50.127
United Arab Emirates,2003,ARE,631.155,6.669,39.462,165507.594,6.669,39.462,165507.594,,,,,,0,0,Low,39.462
United Arab Emirates,2004,ARE,675.065,6.957,43.91,169047.547,6.957,43.91,169047.547,,,,,,0,0,Low,43.91
United Arab Emirates,2005,ARE,704.598,4.375,29.533,164587.453,4.375,29.533,164587.438,,,,,,0,0,Low,29.533
United Arab Emirates,2006,ARE,741.293,5.208,36.695,151316.516,5.208,36.695,151316.516,,,,,,0,0,Low,36.695
United Arab Emirates,2007,ARE,818.361,10.396,77.068,139351.469,10.396,77.068,139351.469,,,,,,0,0,Low,77.068
United Arab Emirates,2008,ARE,938.4,14.668,120.039,134274.219,14.668,120.039,134274.219,,,,,,0,0,Low,120.039
United Arab Emirates,2009,ARE,925.575,-1.367,-12.825,115803.188,-1.369,-12.843,115800.961,,,,,,0,0,Low,-12.825
United Arab Emirates,2010,ARE,972.492,5.069,46.916,114656.625,5.065,46.883,114650.594,,,,,,0,0,Low,46.916
United Arab Emirates,2011,ARE,1020.931,4.981,48.44,119056.133,4.981,48.434,119049.469,,,,,,0,0,Low,48.44
United Arab Emirates,2012,ARE,1074.1,5.208,53.168,123958.766,5.207,53.159,123951.102,,,,,,0,0,Low,53.168
United Arab Emirates,2013,ARE,1133.245,5.506,59.145,129486.25,5.491,58.974,129459.18,,,,,,0,0,Low,59.145
United Arab Emirates,2014,ARE,1130.877,-0.209,-2.367,127985.82,-0.263,-2.974,127890.328,,,,,,0,0,Low,-2.367
United Arab Emirates,2015,ARE,1227.789,8.57,96.912,137692.203,8.579,96.946,137601.406,,,,,,0,0,Low,96.912
United Arab Emirates,2016,ARE,1276.312,3.952,48.524,141902.906,3.952,48.487,141808.859,,,,,,0,0,Low,48.524
United Arab Emirates,2017,ARE,1215.444,-4.769,-60.868,134032.266,-4.861,-62.005,133813.625,,,,,,0,0,Low,-60.868
United Arab Emirates,2018,ARE,1150.513,-5.342,-64.932,125874.32,-5.449,-66.119,125527.523,,,,,,0,0,Low,-64.932
United Arab Emirates,2019,ARE,1219.067,5.959,68.554,132339.578,5.411,62.087,131293.422,,,,,,0,0,Low,68.554
United Arab Emirates,2020,ARE,1204.676,-1.181,-14.391,129712.344,-1.858,-22.474,127804.5,,,,,,0,0,Low,-14.391
United Arab Emirates,2021,ARE,1246.315,3.456,41.639,133080.094,1.391,16.51,128504.875,,,,,,0,0,Low,41.639
United Arab Emirates,2022,ARE,1355.694,8.776,109.379,143594.344,6.789,81.7,136124.219,,,,,,0,0,Low,109.379
United Arab Emirates,2023,ARE,1425.916,5.18,70.222,149830.328,1.894,24.339,137598.375,,,,,,0,0,Low,70.222
United Kingdom,1965,GBR,2316.225,,,42711.473,,,41668.062,97.557,,,1043.405,2.443,0,0,Low,0
United Kingdom,1966,GBR,2327.5,0.487,11.275,42659.059,-0.129,-2.92,41361.805,96.959,25.351,14.196,1297.256,3.041,1.259068736,125.9068736,High,-2.921
United Kingdom,1967,GBR,2328.214,0.031,0.714,42426.539,-0.399,-9.001,40959.719,96.543,13.772,9.715,1466.82,3.457,13.60644258,1360.644258,High,-9.001
United Kingdom,1968,GBR,2411.424,3.574,83.21,43709.57,3.487,78.384,42163.051,96.462,6.214,4.827,1546.521,3.538,0.058009855,5.800985458,Low,78.383
United Kingdom,1969,GBR,2498.73,3.621,87.306,45086.73,3.455,80.355,43421.809,96.307,8.254,6.95,1664.917,3.693,0.079605067,7.960506723,Low,80.356
United Kingdom,1970,GBR,2551.043,2.094,52.313,45840.711,2.384,57.361,44273.379,96.581,-5.661,-5.048,1567.333,3.419,-0.096496091,-9.649609084,Low,57.361
United Kingdom,1971,GBR,2503.85,-1.85,-47.193,44810.902,-1.953,-48.113,43233.445,96.48,1.221,0.919,1577.456,3.52,-0.019473227,-1.947322696,Low,-48.112
United Kingdom,1972,GBR,2540.698,1.472,36.849,45323.223,1.31,31.656,43658.238,96.326,5.918,5.193,1664.982,3.674,0.140926484,14.09264838,Low,31.656
United Kingdom,1973,GBR,2667.083,4.974,126.385,47485.191,5.268,128.928,45868.738,96.596,-2.797,-2.544,1616.455,3.404,-0.020128971,-2.0128971,Low,128.929
United Kingdom,1974,GBR,2533.179,-5.021,-133.904,45047.285,-5.843,-150.54,43136.934,95.759,18.385,16.636,1910.358,4.241,-0.12423826,-12.42382602,Low,-150.54
United Kingdom,1975,GBR,2388.249,-5.721,-144.93,42445.047,-5.563,-134.937,40713.414,95.92,-9.319,-9.993,1731.631,4.08,0.068950528,6.895052784,Low,-134.937
United Kingdom,1976,GBR,2437.358,2.056,49.109,43320.625,1.333,30.539,41258.828,95.241,19.063,18.57,2061.795,4.759,0.378138427,37.81384268,Low,30.539
United Kingdom,1977,GBR,2482.948,1.87,45.59,44145.352,1.566,36.341,41918.441,94.956,8.071,9.249,2226.908,5.044,0.202873437,20.28734372,Low,36.341
United Kingdom,1978,GBR,2497.193,0.574,14.244,44401.824,0.926,21.835,42309.723,95.288,-6.094,-7.591,2092.104,4.712,-0.532926144,-53.29261443,Low,21.835
United Kingdom,1979,GBR,2614.039,4.679,116.846,46459.285,4.752,113.084,44301.227,95.355,3.187,3.762,2158.058,4.645,0.032196224,3.219622409,Low,113.084
United Kingdom,1980,GBR,2381.125,-8.91,-232.913,42273.758,-9.156,-228.235,40201.102,95.097,-3.835,-4.678,2072.659,4.903,0.020084753,2.008475268,Low,-228.235
United Kingdom,1981,GBR,2315.192,-2.769,-65.934,41052.523,-3.091,-69.993,38910.438,94.782,3.443,4.059,2142.082,5.218,-0.061561562,-6.156156156,Low,-69.993
United Kingdom,1982,GBR,2285.169,-1.297,-30.023,40481.203,-2.16,-47.402,38033.301,93.953,14.438,17.38,2447.897,6.047,-0.578889518,-57.8889518,Low,-47.403
United Kingdom,1983,GBR,2294.409,0.404,9.24,40607.848,-0.357,-7.66,37863.07,93.241,12.278,16.9,2744.777,6.759,1.829004329,182.9004329,High,-7.66
United Kingdom,1984,GBR,2293.416,-0.043,-0.993,40542.465,-0.584,-12.49,37597.664,92.737,7.44,11.498,2944.799,7.263,-11.57905337,-1157.905337,Low,-12.491
United Kingdom,1985,GBR,2390.726,4.243,97.31,42206.887,3.707,78.839,38939.875,92.26,11.167,18.471,3267.012,7.74,0.189816052,18.98160518,Low,78.839
United Kingdom,1986,GBR,2457.055,2.774,66.329,43317.57,3.157,69.643,40113.52,92.603,-1.848,-3.313,3204.059,7.397,-0.049947987,-4.994798655,Low,69.642
United Kingdom,1987,GBR,2452.936,-0.168,-4.12,43165.488,0.374,8.501,40189.422,93.105,-6.928,-12.621,2976.067,6.895,3.063349515,306.3349515,High,8.501
United Kingdom,1988,GBR,2485.687,1.335,32.751,43644.805,0.323,7.366,40229.613,92.175,15.005,25.385,3415.189,7.825,0.775090837,77.50908369,Medium,7.366
United Kingdom,1989,GBR,2488.692,0.121,3.005,43603.059,-0.88,-20.164,39789.328,91.254,11.954,23.169,3813.728,8.746,7.71014975,771.014975,High,-20.164
United Kingdom,1990,GBR,2508.393,0.792,19.701,43845.023,1.486,33.75,40285.816,91.882,-6.588,-14.049,3559.206,8.118,-0.71311101,-71.31110096,Low,33.75
United Kingdom,1991,GBR,2561.217,2.106,52.823,44652.039,1.764,40.646,40889.773,91.574,6.023,12.178,3762.263,8.426,0.230543513,23.05435132,Low,40.645
United Kingdom,1992,GBR,2545.327,-0.62,-15.889,44259.449,-1.574,-36.928,40141.156,90.695,9.698,21.039,4118.295,9.305,-1.324123608,-132.4123608,Low,-36.928
United Kingdom,1993,GBR,2574.725,1.155,29.398,44663.285,-0.195,-4.493,39966.969,89.485,14.373,33.891,4696.314,10.515,1.152833526,115.2833526,High,-4.493
United Kingdom,1994,GBR,2543.823,-1.2,-30.902,44021.512,-1.375,-31.669,39323.18,89.327,0.2,0.767,4698.336,10.673,-0.0248204,-2.482039997,Low,-31.669
United Kingdom,1995,GBR,2552.545,0.343,8.722,44062.301,0.336,7.628,39356.789,89.321,0.407,1.094,4705.512,10.679,0.125429947,12.54299473,Low,7.628
United Kingdom,1996,GBR,2676.295,4.848,123.75,46080.582,4.845,110.466,41158.355,89.318,4.924,13.284,4922.225,10.682,0.107345455,10.73454545,Low,110.466
United Kingdom,1997,GBR,2629.999,-1.73,-46.296,45150.043,-2.536,-60.617,39996.461,88.586,4.942,14.321,5153.585,11.414,-0.30933558,-30.93355797,Low,-60.617
United Kingdom,1998,GBR,2651.618,0.822,21.619,45374.645,0.572,13.325,40095.715,88.366,2.674,8.294,5278.927,11.634,0.383644017,38.36440168,Low,13.325
United Kingdom,1999,GBR,2639.219,-0.468,-12.399,45010.832,-0.132,-3.088,39908.41,88.664,-3.131,-9.31,5102.416,11.336,0.750867005,75.08670054,Medium,-3.089
United Kingdom,2000,GBR,2664.116,0.943,24.897,45269.57,2.243,52.481,40654.5,89.805,-9.328,-27.584,4615.071,10.195,-1.10792465,-110.792465,Low,52.481
United Kingdom,2001,GBR,2691.806,1.039,27.69,45552.789,0.673,16.107,40760.605,89.48,4.91,11.583,4792.184,10.52,0.418309859,41.83098592,Low,16.107
United Kingdom,2002,GBR,2630.84,-2.265,-60.966,44323.301,-2.397,-57.733,39606.871,89.359,-0.647,-3.233,4716.43,10.641,0.053029557,5.302955746,Low,-57.733
United Kingdom,2003,GBR,2668.734,1.44,37.894,44740.039,1.618,38.03,40049.129,89.515,0.578,-0.135,4690.907,10.485,-0.003562569,-0.356256927,Low,38.029
United Kingdom,2004,GBR,2690.652,0.821,21.917,44847.297,1.56,37.276,40439.441,90.171,-5.269,-15.358,4407.859,9.829,-0.70073459,-70.07345896,Low,37.275
United Kingdom,2005,GBR,2712.683,0.819,22.031,44924.059,0.408,9.896,40343.555,89.804,5.355,12.134,4580.5,10.196,0.55076937,55.07693704,Medium,9.897
United Kingdom,2006,GBR,2678.337,-1.266,-34.346,44048.914,-0.846,-20.603,39726.074,90.186,-3.766,-13.743,4322.844,9.814,0.400133931,40.01339312,Low,-20.603
United Kingdom,2007,GBR,2604.192,-2.768,-74.145,42510.004,-1.88,-45.42,38688.312,91.01,-9.293,-28.725,3821.696,8.99,0.387416549,38.74165487,Low,-45.42
United Kingdom,2008,GBR,2558.816,-1.742,-45.376,41443.582,-1.15,-27.266,37945.004,91.558,-3.589,-18.11,3498.579,8.442,0.399109661,39.91096615,Low,-27.266
United Kingdom,2009,GBR,2429.637,-5.048,-129.179,39034.461,-7.878,-184.574,34674.074,88.829,26.503,55.396,4360.39,11.171,-0.428831312,-42.88313116,Low,-184.575
United Kingdom,2010,GBR,2481.12,2.119,51.483,39533.43,3.072,66.293,35444.914,89.658,-3.931,-14.81,4088.515,10.342,-0.287667774,-28.76677738,Low,66.293
United Kingdom,2011,GBR,2341.73,-5.618,-139.39,37002.133,-8.12,-180.637,32295.865,87.281,14.645,41.247,4706.266,12.719,-0.295910754,-29.5910754,Low,-180.637
United Kingdom,2012,GBR,2379.26,1.603,37.53,37287.375,0.98,20.026,32345.314,86.746,4.719,17.504,4942.063,13.254,0.466400213,46.64002132,Low,20.026
United Kingdom,2013,GBR,2376.717,-0.107,-2.543,36961.617,-1.802,-37.183,31518.781,85.274,11.187,34.64,5442.836,14.726,-13.62170665,-1362.170665,Low,-37.183
United Kingdom,2014,GBR,2246.046,-5.498,-130.671,34675.379,-7.187,-145.667,29040.625,83.75,4.524,14.996,5634.756,16.25,-0.1147615,-11.47615003,Low,-145.667
United Kingdom,2015,GBR,2281.359,1.572,35.313,34977.094,-1.67,-31.409,28358.326,81.077,16.023,66.722,6618.769,18.923,1.889445813,188.9445813,High,-31.409
United Kingdom,2016,GBR,2243.545,-1.658,-37.814,34171.621,-2.11,-39.019,27577.928,80.704,0.708,1.205,6593.691,19.296,-0.031866504,-3.186650447,Low,-39.019
United Kingdom,2017,GBR,2249.076,0.247,5.532,34043.488,-1.772,-32.087,26921.26,79.079,8.66,37.618,7122.224,20.921,6.800072307,680.0072307,High,-32.086
United Kingdom,2018,GBR,2246.802,-0.101,-2.275,33820.566,-1.26,-22.411,26434.709,78.162,5.593,20.136,7385.857,21.838,-8.850989011,-885.0989011,Low,-22.411
United Kingdom,2019,GBR,2199.069,-2.124,-47.733,32930.707,-3.117,-54.731,25478.295,77.369,2.562,6.997,7452.412,22.631,-0.146586219,-14.65862192,Low,-54.73
United Kingdom,2020,GBR,1971.188,-10.363,-227.881,29394.623,-14.692,-249.974,21643.957,73.632,3.897,22.093,7750.664,26.368,-0.096949724,-9.694972376,Low,-249.974
United Kingdom,2021,GBR,1990.958,1.003,19.77,29591.666,4.389,63.697,22519.404,76.1,-8.244,-43.926,7072.263,23.9,-2.22185129,-222.185129,Low,63.696
United Kingdom,2022,GBR,2018.845,1.401,27.887,29904.859,-0.769,-11.65,22270.809,74.472,10.691,39.537,7634.049,25.528,1.417757378,141.7757378,High,-11.65
United Kingdom,2023,GBR,1930.593,-4.371,-88.252,28501.387,-4.698,-70.629,21153.193,74.218,-2.297,-17.623,7348.195,25.782,0.199689525,19.96895254,Low,-70.629
United States,1965,USA,14439.7,,,76117.297,,,72734.258,95.555,,,3383.04,4.445,0,0,Low,0
United States,1966,USA,15247.363,5.593,807.663,79483.32,5.776,796.921,76081.812,95.72,1.69,10.742,3401.515,4.28,0.013300102,1.330010165,Low,796.921
United States,1967,USA,15778.539,3.484,531.176,81423.992,3.043,444.132,77607.547,95.313,13.44,87.044,3816.447,4.687,0.163870356,16.38703556,Low,444.132
United States,1968,USA,16719.385,5.963,940.846,85414.797,6.11,918.872,81524.328,95.445,3.022,21.972,3890.464,4.555,0.02335345,2.335344998,Low,918.874
United States,1969,USA,17583.422,5.168,864.037,88868.297,4.859,775.33,84571.102,95.165,11.689,88.708,4297.198,4.835,0.1026669,10.26668997,Low,775.329
United States,1970,USA,18205.84,3.54,622.418,90880,3.623,606.326,86555.445,95.241,2.009,16.089,4324.55,4.759,0.025849188,2.584918817,Low,606.329
United States,1971,USA,18589.008,2.105,383.168,91613.023,1.603,277.902,86824.656,94.773,12.392,105.268,4788.369,5.227,0.274730666,27.47306664,Low,277.9
United States,1972,USA,19514.082,4.976,925.074,95080.078,4.836,851.891,89989.508,94.646,7.715,73.181,5090.563,5.354,0.079108266,7.910826593,Low,851.893
United States,1973,USA,20339.793,4.231,825.711,98110.68,3.982,735.402,92635.477,94.419,8.96,90.311,5475.203,5.581,0.109373619,10.93736186,Low,735.4
United States,1974,USA,19842.607,-2.444,-497.186,94814.602,-3.517,-675.383,88539.281,93.381,15.952,178.195,6275.317,6.619,-0.358407115,-35.84071152,Low,-675.381
United States,1975,USA,19319.48,-2.636,-523.127,91442.539,-3.737,-692.41,84425.266,92.326,13.378,169.284,7017.267,7.674,-0.323600197,-32.36001965,Low,-692.411
United States,1976,USA,20376.508,5.471,1057.027,95543.227,5.837,1041.117,88517.016,92.646,1.181,15.912,7026.219,7.354,0.015053542,1.505354168,Low,1041.115
United States,1977,USA,20895.646,2.548,519.139,96991.727,2.79,526.613,90070.898,92.865,-0.013,-7.477,6920.825,7.135,-0.014402694,-1.440269369,Low,526.616
United States,1978,USA,21359.291,2.219,463.645,98031.711,1.055,204.734,90000.211,91.807,17.231,258.91,8031.5,8.193,0.558422931,55.84229313,Medium,204.735
United States,1979,USA,21584.4,1.054,225.109,97904.82,1.462,286.641,90246.461,92.178,-3.602,-61.53,7658.355,7.822,-0.273334251,-27.33342514,Low,286.639
United States,1980,USA,20751.957,-3.857,-832.443,92999.711,-4.077,-811.18,85528.523,91.966,-1.255,-21.263,7471.189,8.034,0.02554289,2.554289002,Low,-811.18
United States,1981,USA,20138.094,-2.958,-613.863,89243.242,-3.325,-634.518,81763.758,91.619,1.383,20.654,7479.483,8.381,-0.033645944,-3.36459438,Low,-634.517
United States,1982,USA,19318.139,-4.072,-819.955,84728.148,-5.378,-992.281,76569.859,90.371,10.101,172.327,8158.293,9.629,-0.210166412,-21.01664116,Low,-992.282
United States,1983,USA,19250.529,-0.35,-67.609,83556.281,-1.026,-179.035,74998.938,89.759,5.946,111.426,8557.355,10.241,-1.648094189,-164.8094189,Low,-179.035
United States,1984,USA,20235.688,5.118,985.158,86935.648,5.201,898.646,78093.992,89.83,4.494,86.51,8841.655,10.17,0.087813325,8.781332538,Low,898.648
United States,1985,USA,20184.246,-0.254,-51.441,85837.016,-0.558,-101.369,76872.523,89.556,2.741,49.926,8964.49,10.444,-0.970548784,-97.0548784,Low,-101.367
United States,1986,USA,20371.605,0.928,187.359,85770.562,0.336,60.752,76362.336,89.031,6.055,126.608,9408.227,10.969,0.675750831,67.57508313,Medium,60.751
United States,1987,USA,21055.266,3.356,683.66,87783.977,3.699,670.945,78414.547,89.327,0.751,12.715,9369.435,10.673,0.018598426,1.859842612,Low,670.945
United States,1988,USA,22014.584,4.556,959.318,90861.297,4.391,825.768,81034.797,89.185,6.198,133.551,9826.492,10.815,0.139214525,13.92145253,Low,825.767
United States,1989,USA,22546.822,2.418,532.238,92045.094,1.844,362.053,81630.789,88.686,6.988,170.186,10414.298,11.314,0.319755448,31.97554478,Low,362.052
United States,1990,USA,22609.195,0.277,62.373,91135.344,-0.889,-177.695,79884.727,87.655,10.61,240.068,11250.609,12.345,3.848908983,384.8908983,High,-177.695
United States,1991,USA,22579.719,-0.13,-29.477,89758.711,-0.679,-134.598,78245.703,87.173,3.956,105.121,11513.006,12.827,-3.566204159,-356.6204159,Low,-134.598
United States,1992,USA,22913.109,1.477,333.391,89793.594,2.059,405.189,78725.062,87.673,-2.223,-71.797,11068.534,12.327,-0.215353744,-21.53537438,Low,405.188
United States,1993,USA,23396.385,2.109,483.275,90410.414,2.069,415.584,79234.469,87.639,2.508,67.69,11175.939,12.361,0.14006518,14.00651803,Low,415.585
United States,1994,USA,23824.129,1.828,427.744,90836.938,1.919,393.436,79679.062,87.717,1.456,34.31,11157.877,12.283,0.080211528,8.021152839,Low,393.434
United States,1995,USA,24343.418,2.18,519.289,91633.539,1.317,275.201,79699.125,86.976,8.261,244.088,11934.421,13.024,0.470042693,47.0042693,Low,275.201
United States,1996,USA,25165.373,3.376,821.955,93557.016,3.374,714.398,81370.211,86.974,2.74,107.556,12186.809,13.026,0.130853879,13.08538789,Low,714.399
United States,1997,USA,25354.094,0.75,188.721,93078.266,1.336,292.391,81424.656,87.48,-2.885,-103.668,11653.618,12.52,-0.549318836,-54.93188357,Low,292.389
United States,1998,USA,25513.361,0.628,159.268,92495.008,0.556,123.402,80856.688,87.417,1.436,35.865,11638.322,12.583,0.225186478,22.51864781,Low,123.403
United States,1999,USA,25965.076,1.771,451.715,93004.266,1.33,296.68,80950.133,87.039,4.905,155.033,12054.125,12.961,0.343209767,34.32097672,Low,296.682
United States,2000,USA,26546.236,2.238,581.16,94002.734,2.768,625.6,82243.281,87.49,-0.92,-44.439,11759.445,12.51,-0.076466033,-7.646603345,Low,625.599
United States,2001,USA,25918.355,-2.365,-627.881,90791.711,-2.045,-475.064,79694.125,87.777,-3.659,-152.815,11097.594,12.223,0.243382106,24.33821058,Low,-475.066
United States,2002,USA,26297.27,1.462,378.914,91199.055,0.84,191.08,79560.883,87.239,6.712,187.833,11638.168,12.761,0.495714067,49.5714067,Low,191.081
United States,2003,USA,26383.084,0.326,85.814,90629.312,0.443,101.691,79156.008,87.34,0.972,-15.877,11473.304,12.66,-0.185016431,-18.50164309,Low,101.691
United States,2004,USA,26899.117,1.956,516.033,91509.82,1.986,457.604,79948.516,87.366,3.201,58.431,11561.31,12.634,0.113231131,11.32311306,Low,457.602
United States,2005,USA,26912.564,0.05,13.447,90662.727,0.063,14.699,79218.383,87.377,1.186,-1.254,11444.341,12.623,-0.093255001,-9.325500112,Low,14.701
United States,2006,USA,26699.963,-0.79,-212.602,89073.188,-1.391,-327.182,77357.711,86.847,5.63,114.581,11715.473,13.153,-0.538946012,-53.89460118,Low,-327.183
United States,2007,USA,27066.711,1.374,366.748,89404.797,1.689,391.699,77887.453,87.118,1.586,-24.951,11517.339,12.882,-0.068033091,-6.803309084,Low,391.699
United States,2008,USA,26407.25,-2.436,-659.461,86384.328,-3.319,-782.516,74575.648,86.33,6.579,123.055,11808.681,13.67,-0.186599359,-18.65993592,Low,-782.516
United States,2009,USA,25110.525,-4.91,-1296.725,81392.367,-6.126,-1396.498,69368.117,85.227,4.281,99.775,12024.258,14.773,-0.076943839,-7.694383929,Low,-1396.5
United States,2010,USA,25953.547,3.357,843.021,83402.883,3.619,774.488,71261.594,85.443,3.731,68.533,12141.289,14.557,0.081294535,8.129453477,Low,774.488
United States,2011,USA,25729.088,-0.865,-224.459,81971.984,-1.906,-422.627,69303.539,84.545,5.959,198.168,12668.445,15.455,-0.882869477,-88.28694773,Low,-422.627
United States,2012,USA,25047.367,-2.65,-681.721,79100.781,-2.579,-561.037,66924.469,84.607,-2.214,-120.685,12176.307,15.393,0.177029899,17.70298993,Low,-561.036
United States,2013,USA,25728.627,2.72,681.26,80559.258,2.497,529.209,68010.711,84.423,5.178,152.053,12548.557,15.577,0.223193788,22.3193788,Low,529.207
United States,2014,USA,25995.912,1.039,267.285,80724.133,0.946,205.49,68087.297,84.346,1.943,61.794,12636.841,15.654,0.231191425,23.11914249,Low,205.491
United States,2015,USA,25747.426,-0.956,-248.486,79318.57,-1.233,-270.438,66714.312,84.109,1.509,21.95,12604.264,15.891,-0.088334956,-8.83349565,Low,-270.436
United States,2016,USA,25727.051,-0.079,-20.375,78625.453,-1.103,-238.777,65453.969,83.248,6.18,218.403,13171.486,16.752,-10.71916564,-1071.916564,Low,-238.778
United States,2017,USA,25823.844,0.376,96.793,78303.609,-0.477,-102.102,64632.117,82.54,4.415,198.896,13671.498,17.46,2.054859339,205.4859339,High,-102.103
United States,2018,USA,26768.986,3.66,945.143,80595.484,4.212,897.748,66877.977,82.98,1.187,47.394,13717.509,17.02,0.050144793,5.01447929,Low,897.749
United States,2019,USA,26578.494,-0.712,-190.492,79500.234,-1.192,-264.713,65650.164,82.579,2.09,74.218,13850.071,17.421,-0.389612162,-38.96121622,Low,-264.71
United States,2020,USA,24622.646,-7.359,-1955.848,73294.336,-9.163,-2011.143,59346.547,80.97,0.16,55.298,13947.792,19.03,-0.028273158,-2.827315824,Low,-2011.146
United States,2021,USA,25956.828,5.419,1334.182,77023.773,6.185,1233.131,62819.816,81.559,3.296,101.05,14203.955,18.441,0.075739292,7.573929194,Low,1233.132
United States,2022,USA,26504.305,2.109,547.477,78347.914,1.461,309.301,63494.16,81.041,5.26,238.176,14853.758,18.959,0.435042933,43.50429333,Low,309.301
United States,2023,USA,26189.199,-1.189,-315.105,77027.836,-1.756,-377.227,62065.93,80.576,3.015,62.122,14961.908,19.424,-0.197146983,-19.71469828,Low,-377.227
United States Virgin Islands,1980,VIR,12.497,,,129300.609,,,,,,,,,0,0,Low,0
United States Virgin Islands,1981,VIR,12.463,-0.273,-0.034,126958.641,,,,,,,,,0,0,Low,-0.034
United States Virgin Islands,1982,VIR,12.463,0,0,125369.938,,,,,,,,,0,0,Low,0
United States Virgin Islands,1983,VIR,12.463,0,0,123942.398,,,,,,,,,0,0,Low,0
United States Virgin Islands,1984,VIR,12.497,0.274,0.034,123175.844,,,,,,,,,0,0,Low,0.034
United States Virgin Islands,1985,VIR,12.463,-0.273,-0.034,122281.289,,,,,,,,,0,0,Low,-0.034
United States Virgin Islands,1986,VIR,12.463,0,0,122268.094,,,,,,,,,0,0,Low,0
United States Virgin Islands,1987,VIR,12.514,0.41,0.051,123181.609,,,,,,,,,0,0,Low,0.051
United States Virgin Islands,1988,VIR,12.235,-2.23,-0.279,120986.867,,,,,,,,,0,0,Low,-0.279
United States Virgin Islands,1989,VIR,12.187,-0.393,-0.048,120952.609,,,,,,,,,0,0,Low,-0.048
United States Virgin Islands,1990,VIR,12.176,-0.094,-0.011,120911.766,,,,,,,,,0,0,Low,-0.011
United States Virgin Islands,1991,VIR,12.239,0.518,0.063,121186.633,,,,,,,,,0,0,Low,0.063
United States Virgin Islands,1992,VIR,12.412,1.417,0.173,122232.094,,,,,,,,,0,0,Low,0.173
United States Virgin Islands,1993,VIR,12.603,1.54,0.191,123372.18,,,,,,,,,0,0,Low,0.191
United States Virgin Islands,1994,VIR,12.259,-2.732,-0.344,119421.938,,,,,,,,,0,0,Low,-0.344
United States Virgin Islands,1995,VIR,12.092,-1.36,-0.167,116870.031,,,,,,,,,0,0,Low,-0.167
United States Virgin Islands,1996,VIR,11.952,-1.162,-0.141,114209.406,,,,,,,,,0,0,Low,-0.141
United States Virgin Islands,1997,VIR,11.927,-0.207,-0.025,112730.516,,,,,,,,,0,0,Low,-0.025
United States Virgin Islands,1998,VIR,11.96,0.274,0.033,111899.016,,,,,,,,,0,0,Low,0.033
United States Virgin Islands,1999,VIR,12.303,2.87,0.343,114082.367,,,,,,,,,0,0,Low,0.343
United States Virgin Islands,2000,VIR,38.923,216.373,26.62,359735.062,,,,,,,,,0,0,Low,26.62
United States Virgin Islands,2001,VIR,56.341,44.749,17.418,521581.844,,,,,,,,,0,0,Low,17.418
United States Virgin Islands,2002,VIR,55.748,-1.052,-0.593,517419.844,,,,,,,,,0,0,Low,-0.593
United States Virgin Islands,2003,VIR,65.644,17.752,9.896,611765.812,,,,,,,,,0,0,Low,9.896
United States Virgin Islands,2004,VIR,67.301,2.524,1.657,630411.375,,,,,,,,,0,0,Low,1.657
United States Virgin Islands,2005,VIR,65.833,-2.182,-1.468,618156.688,,,,,,,,,0,0,Low,-1.468
United States Virgin Islands,2006,VIR,70.048,6.403,4.215,657539.188,,,,,,,,,0,0,Low,4.215
United States Virgin Islands,2007,VIR,65.392,-6.647,-4.656,613870.812,,,,,,,,,0,0,Low,-4.656
United States Virgin Islands,2008,VIR,37.898,-42.046,-27.494,355868.812,,,,,,,,,0,0,Low,-27.494
United States Virgin Islands,2009,VIR,33.08,-12.712,-4.817,310681.125,,,,,,,,,0,0,Low,-4.817
United States Virgin Islands,2010,VIR,29.931,-9.519,-3.149,281959.75,,,,,,,,,0,0,Low,-3.149
United States Virgin Islands,2011,VIR,19.817,-33.792,-10.114,187854.5,,,,,,,,,0,0,Low,-10.114
United States Virgin Islands,2012,VIR,11.355,-42.7,-8.462,108371.031,,,,,,,,,0,0,Low,-8.462
United States Virgin Islands,2013,VIR,5.951,-47.593,-5.404,57181.285,,,,,,,,,0,0,Low,-5.404
United States Virgin Islands,2014,VIR,12.162,104.376,6.211,117629.797,,,,,,,,,0,0,Low,6.211
United States Virgin Islands,2015,VIR,12.055,-0.877,-0.107,117262.195,,,,,,,,,0,0,Low,-0.107
United States Virgin Islands,2016,VIR,9.98,-17.213,-2.075,97531.43,,,,,,,,,0,0,Low,-2.075
United States Virgin Islands,2017,VIR,9.937,-0.438,-0.044,97552.562,,,,,,,,,0,0,Low,-0.044
United States Virgin Islands,2018,VIR,9.955,0.179,0.018,98192.977,,,,,,,,,0,0,Low,0.018
United States Virgin Islands,2019,VIR,9.954,-0.008,-0.001,98710.719,,,,,,,,,0,0,Low,-0.001
United States Virgin Islands,2020,VIR,9.299,-6.579,-0.655,92570.039,,,,,,,,,0,0,Low,-0.655
United States Virgin Islands,2021,VIR,9.807,5.465,0.508,97972.117,,,,,,,,,0,0,Low,0.508
Uruguay,1980,URY,31.649,,,10714.687,,,,,,,,,0,0,Low,0
Uruguay,1981,URY,29.975,-5.288,-1.674,10105.918,,,,,,,,,0,0,Low,-1.674
Uruguay,1982,URY,28.417,-5.198,-1.558,9538.443,,,,,,,,,0,0,Low,-1.558
Uruguay,1983,URY,34.994,23.146,6.577,11690.881,,,,,,,,,0,0,Low,6.577
Uruguay,1984,URY,34.364,-1.802,-0.631,11423.052,,,,,,,,,0,0,Low,-0.631
Uruguay,1985,URY,31.672,-7.832,-2.691,10472.896,,,,,,,,,0,0,Low,-2.691
Uruguay,1986,URY,33.377,5.384,1.705,10975.085,,,,,,,,,0,0,Low,1.705
Uruguay,1987,URY,35.594,6.639,2.216,11636.47,,,,,,,,,0,0,Low,2.216
Uruguay,1988,URY,35.137,-1.281,-0.456,11416.548,,,,,,,,,0,0,Low,-0.456
Uruguay,1989,URY,30.618,-12.863,-4.52,9883.427,,,,,,,,,0,0,Low,-4.52
Uruguay,1990,URY,39.431,28.785,8.813,12650.301,,,,,,,,,0,0,Low,8.813
Uruguay,1991,URY,34.996,-11.248,-4.435,11161.646,,,,,,,,,0,0,Low,-4.435
Uruguay,1992,URY,40.391,15.416,5.395,12807.296,,,,,,,,,0,0,Low,5.395
Uruguay,1993,URY,41.305,2.264,0.914,13022.812,,,,,,,,,0,0,Low,0.914
Uruguay,1994,URY,40.811,-1.195,-0.494,12793.767,,,,,,,,,0,0,Low,-0.494
Uruguay,1995,URY,36.205,-11.287,-4.606,11284.824,,,,,,,,,0,0,Low,-4.606
Uruguay,1996,URY,37.85,4.542,1.645,11730.4,,,,,,,,,0,0,Low,1.645
Uruguay,1997,URY,41.39,9.355,3.541,12754.899,,,,,,,,,0,0,Low,3.541
Uruguay,1998,URY,51.816,25.187,10.425,15881.316,,,,,,,,,0,0,Low,10.425
Uruguay,1999,URY,46.471,-10.314,-5.344,14172.597,,,,,,,,,0,0,Low,-5.344
Uruguay,2000,URY,48.071,3.443,1.6,14601.469,,,,,,,,,0,0,Low,1.6
Uruguay,2001,URY,52.639,9.501,4.567,15946.608,,,,,,,,,0,0,Low,4.567
Uruguay,2002,URY,46.746,-11.195,-5.893,14137.804,,,,,,,,,0,0,Low,-5.893
Uruguay,2003,URY,46.942,0.421,0.197,14181.147,,,,,,,,,0,0,Low,0.197
Uruguay,2004,URY,45.159,-3.799,-1.784,13627.525,,,,,,,,,0,0,Low,-1.784
Uruguay,2005,URY,48.758,7.969,3.599,14696.39,,,,,,,,,0,0,Low,3.599
Uruguay,2006,URY,44.443,-8.849,-4.315,13377.312,,,,,,,,,0,0,Low,-4.315
Uruguay,2007,URY,52.604,18.363,8.161,15803.453,,,,,,,,,0,0,Low,8.161
Uruguay,2008,URY,55.88,6.228,3.276,16750.07,,,,,,,,,0,0,Low,3.276
Uruguay,2009,URY,59.044,5.662,3.164,17655.945,,,,,,,,,0,0,Low,3.164
Uruguay,2010,URY,61.328,3.868,2.284,18292.451,,,,,,,,,0,0,Low,2.284
Uruguay,2011,URY,60.043,-2.095,-1.285,17861.395,,,,,,,,,0,0,Low,-1.285
Uruguay,2012,URY,60.14,0.161,0.097,17839.785,,,,,,,,,0,0,Low,0.097
Uruguay,2013,URY,62.866,4.531,2.725,18592.736,,,,,,,,,0,0,Low,2.725
Uruguay,2014,URY,64.683,2.892,1.818,19071.291,,,,,,,,,0,0,Low,1.818
Uruguay,2015,URY,66.683,3.092,2,19596.402,,,,,,,,,0,0,Low,2
Uruguay,2016,URY,67.641,1.437,0.958,19814.26,,,,,,,,,0,0,Low,0.958
Uruguay,2017,URY,65.31,-3.446,-2.331,19084.248,,,,,,,,,0,0,Low,-2.331
Uruguay,2018,URY,66.96,2.526,1.65,19538.711,,,,,,,,,0,0,Low,1.65
Uruguay,2019,URY,68.517,2.325,1.557,19985.01,,,,,,,,,0,0,Low,1.557
Uruguay,2020,URY,60.46,-11.759,-8.057,17631.439,,,,,,,,,0,0,Low,-8.057
Uruguay,2021,URY,62.759,3.802,2.299,18316.926,,,,,,,,,0,0,Low,2.299
Uzbekistan,1985,UZB,466.061,,,25801.66,,,24912.52,96.554,,,889.14,3.446,0,0,Low,0
Uzbekistan,1986,UZB,457.333,-1.873,-8.727,24640.803,-1.405,-6.323,23905.016,97.014,-14.972,-2.405,735.786,2.986,0.275581529,27.55815286,Low,-6.322
Uzbekistan,1987,UZB,476.599,4.213,19.265,24982.674,2.908,12.901,23933.232,95.799,46.603,6.364,1049.441,4.201,0.330339995,33.03399948,Low,12.901
Uzbekistan,1988,UZB,479.795,0.671,3.196,24479.281,0.445,2.033,23398.496,95.585,5.809,1.163,1080.785,4.415,0.363892365,36.38923655,Low,2.033
Uzbekistan,1989,UZB,496.505,3.483,16.71,24698.16,4.715,21.624,23888.832,96.723,-23.196,-4.914,809.326,3.277,-0.294075404,-29.40754039,Low,21.624
Uzbekistan,1990,UZB,519.68,4.668,23.176,25252.818,4.12,19.787,24297.574,96.217,20.825,3.388,955.244,3.783,0.146185709,14.61857094,Low,19.788
Uzbekistan,1991,UZB,512.175,-1.444,-7.506,24303.273,-1.136,-5.681,23457.049,96.518,-9.281,-1.824,846.225,3.482,0.243005596,24.30055955,Low,-5.682
Uzbekistan,1992,UZB,485.564,-5.196,-26.611,22492.15,-5.533,-27.35,21631.824,96.175,4.145,0.739,860.326,3.825,-0.027770471,-2.777047086,Low,-27.35
Uzbekistan,1993,UZB,506.128,4.235,20.564,22916.314,3.722,17.379,21931.184,95.701,17.147,3.185,985.131,4.299,0.154882319,15.48823186,Low,17.379
Uzbekistan,1994,UZB,500.608,-1.091,-5.52,22185.396,-1.016,-4.923,21247.641,95.773,-2.745,-0.597,937.756,4.227,0.108152174,10.81521739,Low,-4.923
Uzbekistan,1995,UZB,506.948,1.267,6.341,22016.145,1.92,9.203,21221.49,96.391,-13.527,-2.862,794.653,3.609,-0.451348368,-45.13483678,Low,9.203
Uzbekistan,1996,UZB,522.136,2.996,15.188,22250.82,2.904,14.191,21428.59,96.305,5.446,0.997,822.228,3.695,0.065643929,6.564392942,Low,14.191
Uzbekistan,1997,UZB,518.003,-0.792,-4.133,21694.395,-0.382,-1.921,20978.965,96.702,-11.464,-2.212,715.43,3.298,0.535204452,53.5204452,Medium,-1.921
Uzbekistan,1998,UZB,518.166,0.031,0.163,21361.699,0.044,0.219,20659.777,96.714,-0.329,-0.056,701.921,3.286,-0.343558282,-34.35582822,Low,0.219
Uzbekistan,1999,UZB,581.169,12.159,63.003,23622.164,12.611,63.199,22938.045,97.104,-1.146,-0.195,684.119,2.896,-0.003095091,-0.309509071,Low,63.198
Uzbekistan,2000,UZB,594.814,2.348,13.645,23863.627,2.32,13.092,23166.186,97.077,3.285,0.553,697.442,2.923,0.040527666,4.052766581,Low,13.092
Uzbekistan,2001,UZB,596.154,0.225,1.34,23611.516,0.181,1.047,22911.404,97.035,2.347,0.293,700.109,2.965,0.218656716,21.86567164,Low,1.047
Uzbekistan,2002,UZB,611.154,2.516,15,23892.764,2.527,14.621,23186.879,97.046,2.809,0.379,705.887,2.954,0.025266667,2.526666667,Low,14.621
Uzbekistan,2003,UZB,553.156,-9.49,-57.998,21352.488,-10.233,-60.692,20551.516,96.249,15.662,2.694,800.976,3.751,-0.046449878,-4.644987758,Low,-60.692
Uzbekistan,2004,UZB,555.847,0.487,2.691,21187.287,0.888,4.729,20474.047,96.634,-9.245,-2.038,713.239,3.366,-0.757339279,-75.73392791,Low,4.729
Uzbekistan,2005,UZB,561.673,1.048,5.826,21136.646,0.903,4.85,20395.768,96.495,5.886,0.976,740.879,3.505,0.167524888,16.75248884,Low,4.85
Uzbekistan,2006,UZB,524.778,-6.569,-36.895,19489.055,-6.246,-33.852,18870.902,96.828,-14.921,-3.043,618.15,3.172,0.0824773,8.247730045,Low,-33.852
Uzbekistan,2007,UZB,557.18,6.174,32.402,20402.344,6.059,30.789,19733.779,96.723,10.383,1.613,668.564,3.277,0.049780878,4.978087772,Low,30.789
Uzbekistan,2008,UZB,523.792,-5.992,-33.389,18891.15,-5.094,-27.455,18446.648,97.647,-32.076,-5.934,444.502,2.353,0.177723202,17.77232023,Low,-27.455
Uzbekistan,2009,UZB,524.401,0.116,0.61,18617.027,-1.011,-5.171,17974.238,96.547,47.821,5.781,642.789,3.453,9.47704918,947.704918,High,-5.171
Uzbekistan,2010,UZB,526.207,0.344,1.806,18389.709,-0.558,-2.826,17595.076,95.679,26.357,4.632,794.633,4.321,2.564784053,256.4784053,High,-2.826
Uzbekistan,2011,UZB,550.055,4.532,23.847,18929.893,6.118,30.802,18386.725,97.131,-30.161,-6.955,543.168,2.869,-0.291650941,-29.16509414,Low,30.802
Uzbekistan,2012,UZB,542.403,-1.391,-7.651,18384.643,-1.739,-9.293,17794.029,96.787,11.076,1.642,590.615,3.213,-0.214612469,-21.4612469,Low,-9.293
Uzbekistan,2013,UZB,544.203,0.332,1.8,18162.375,0.407,2.137,17592.066,96.86,-1.337,-0.337,570.312,3.14,-0.187222222,-18.72222222,Low,2.137
Uzbekistan,2014,UZB,567.434,4.269,23.231,18637.057,4.47,23.563,18086.721,97.047,-1.356,-0.333,550.335,2.953,-0.014334295,-1.433429469,Low,23.564
Uzbekistan,2015,UZB,538.711,-5.062,-28.723,17406.166,-5.117,-28.18,16882.309,96.99,-2.66,-0.543,523.856,3.01,0.018904711,1.890471051,Low,-28.18
Uzbekistan,2016,UZB,522.397,-3.028,-16.313,16608.516,-3.536,-18.477,16024.277,96.482,14.018,2.163,584.239,3.518,-0.132593637,-13.2593637,Low,-18.476
Uzbekistan,2017,UZB,535.031,2.419,12.634,16748.164,1.962,9.891,16087.056,96.053,15.608,2.743,661.109,3.947,0.217112553,21.71125534,Low,9.891
Uzbekistan,2018,UZB,540.088,0.945,5.057,16643.918,2.054,10.556,16162.536,97.108,-25.602,-5.499,481.384,2.892,-1.087403599,-108.7403599,Low,10.556
Uzbekistan,2019,UZB,542.106,0.374,2.018,16438.932,0.104,0.546,15920.609,96.847,9.828,1.472,518.323,3.153,0.729435084,72.94350842,Medium,0.546
Uzbekistan,2020,UZB,539.976,-0.393,-2.13,16105.863,0.346,1.815,15713.718,97.565,-22.798,-3.945,392.147,2.435,1.852112676,185.2112676,High,1.815
Uzbekistan,2021,UZB,565.774,4.778,25.798,16600.65,4.879,25.704,16212.131,97.66,1.085,0.094,388.522,2.34,0.003643693,0.364369331,Low,25.704
Uzbekistan,2022,UZB,588.812,4.072,23.037,17004.094,3.972,21.947,16590.219,97.566,8.629,1.09,413.874,2.434,0.047315189,4.731518861,Low,21.947
Uzbekistan,2023,UZB,584.521,-0.729,-4.291,16622.736,-1.56,-8.964,16082.265,96.749,33.094,4.674,540.47,3.251,-1.089256584,-108.9256584,Low,-8.965
Vanuatu,1980,VUT,0.519,,,4395.306,,,,,,,,,0,0,Low,0
Vanuatu,1981,VUT,0.453,-12.739,-0.066,3748.843,,,,,,,,,0,0,Low,-0.066
Vanuatu,1982,VUT,0.453,0,0,3662.181,,,,,,,,,0,0,Low,0
Vanuatu,1983,VUT,0.453,0,0,3575.567,,,,,,,,,0,0,Low,0
Vanuatu,1984,VUT,0.454,0.274,0.001,3499.047,,,,,,,,,0,0,Low,0.001
Vanuatu,1985,VUT,0.518,13.973,0.064,3890.693,,,,,,,,,0,0,Low,0.064
Vanuatu,1986,VUT,0.483,-6.806,-0.035,3536.523,,,,,,,,,0,0,Low,-0.035
Vanuatu,1987,VUT,0.427,-11.64,-0.056,3047.258,,,,,,,,,0,0,Low,-0.056
Vanuatu,1988,VUT,0.553,29.553,0.126,3849.698,,,,,,,,,0,0,Low,0.126
Vanuatu,1989,VUT,0.484,-12.43,-0.069,3287.489,,,,,,,,,0,0,Low,-0.069
Vanuatu,1990,VUT,0.484,0,0,3206.816,,,,,,,,,0,0,Low,0
Vanuatu,1991,VUT,0.405,-16.39,-0.079,2615.448,,,,,,,,,0,0,Low,-0.079
Vanuatu,1992,VUT,0.212,-47.556,-0.192,1337.915,,,,,,,,,0,0,Low,-0.192
Vanuatu,1993,VUT,0.212,-0.244,-0.001,1302.044,,,,,,,,,0,0,Low,-0.001
Vanuatu,1994,VUT,0.212,0,0,1270.738,,,,,,,,,0,0,Low,0
Vanuatu,1995,VUT,0.212,0,0,1240.545,,,,,,,,,0,0,Low,0
Vanuatu,1996,VUT,0.212,0.245,0.001,1214.388,,,,,,,,,0,0,Low,0.001
Vanuatu,1997,VUT,0.212,-0.244,-0.001,1183.289,,,,,,,,,0,0,Low,-0.001
Vanuatu,1998,VUT,0.212,0,0,1155.998,,,,,,,,,0,0,Low,0
Vanuatu,1999,VUT,0.212,0.005,0,1129.237,,,,,,,,,0,0,Low,0
Vanuatu,2000,VUT,0.382,80.428,0.17,1988.279,,,,,,,,,0,0,Low,0.17
Vanuatu,2001,VUT,0.425,11.38,0.043,2158.842,,,,,,,,,0,0,Low,0.043
Vanuatu,2002,VUT,0.406,-4.571,-0.019,2008.195,,,,,,,,,0,0,Low,-0.019
Vanuatu,2003,VUT,0.476,17.344,0.07,2298.145,,,,,,,,,0,0,Low,0.07
Vanuatu,2004,VUT,0.383,-19.516,-0.093,1804.732,,,,,,,,,0,0,Low,-0.093
Vanuatu,2005,VUT,0.383,0.001,0,1761.544,,,,,,,,,0,0,Low,0
Vanuatu,2006,VUT,0.356,-7.246,-0.028,1595.11,,,,,,,,,0,0,Low,-0.028
Vanuatu,2007,VUT,0.577,62.125,0.221,2524.643,,,,,,,,,0,0,Low,0.221
Vanuatu,2008,VUT,0.568,-1.396,-0.008,2429.722,,,,,,,,,0,0,Low,-0.008
Vanuatu,2009,VUT,0.657,15.571,0.089,2740.902,,,,,,,,,0,0,Low,0.089
Vanuatu,2010,VUT,0.679,3.362,0.022,2766.514,,,,,,,,,0,0,Low,0.022
Vanuatu,2011,VUT,0.786,15.68,0.106,3125.876,,,,,,,,,0,0,Low,0.106
Vanuatu,2012,VUT,0.659,-16.103,-0.126,2561.162,,,,,,,,,0,0,Low,-0.126
Vanuatu,2013,VUT,0.638,-3.123,-0.021,2422.626,,,,,,,,,0,0,Low,-0.021
Vanuatu,2014,VUT,0.729,14.198,0.091,2701.039,,,,,,,,,0,0,Low,0.091
Vanuatu,2015,VUT,0.687,-5.816,-0.042,2484.069,,,,,,,,,0,0,Low,-0.042
Vanuatu,2016,VUT,0.693,0.88,0.006,2445.868,,,,,,,,,0,0,Low,0.006
Vanuatu,2017,VUT,0.772,11.502,0.08,2661.322,,,,,,,,,0,0,Low,0.08
Vanuatu,2018,VUT,0.995,28.787,0.222,3346.09,,,,,,,,,0,0,Low,0.222
Vanuatu,2019,VUT,0.96,-3.473,-0.035,3154.472,,,,,,,,,0,0,Low,-0.035
Vanuatu,2020,VUT,0.911,-5.104,-0.049,2923.538,,,,,,,,,0,0,Low,-0.049
Vanuatu,2021,VUT,0.944,3.578,0.033,2957.444,,,,,,,,,0,0,Low,0.033
Venezuela,1965,VEN,191.485,,,19764.855,,,19347.014,97.886,,,417.842,2.114,0,0,Low,0
Venezuela,1966,VEN,193.307,0.951,1.822,19310.033,0.931,1.745,18897.973,97.866,1.899,0.077,412.06,2.134,0.042261251,4.226125137,Low,1.745
Venezuela,1967,VEN,203.816,5.436,10.509,19713.588,5.178,9.796,19245.68,97.626,17.276,0.713,467.908,2.374,0.067846608,6.784660767,Low,9.796
Venezuela,1968,VEN,219.933,7.908,16.117,20607.145,6.447,12.829,19845.777,96.305,67.971,3.288,761.367,3.695,0.20400819,20.40081901,Low,12.829
Venezuela,1969,VEN,222.373,1.11,2.44,20194.941,0.535,1.133,19338.299,95.758,16.084,1.307,856.644,4.242,0.535655738,53.56557377,Medium,1.133
Venezuela,1970,VEN,224.475,0.945,2.102,19768.031,-0.282,-0.601,18699.344,94.594,28.652,2.703,1068.69,5.406,1.285918173,128.5918173,High,-0.601
Venezuela,1971,VEN,228.212,1.665,3.736,19495.826,-0.031,-0.066,18134.252,93.016,31.335,3.803,1361.576,6.984,1.017933619,101.7933619,High,-0.067
Venezuela,1972,VEN,241.242,5.71,13.03,20000.764,5.261,11.167,18524.922,92.621,11.688,1.863,1475.844,7.379,0.142977744,14.29777437,Low,11.167
Venezuela,1973,VEN,276.017,14.415,34.775,22214.996,15.292,34.169,20733.504,93.331,3.405,0.606,1481.492,6.669,0.017426312,1.742631201,Low,34.169
Venezuela,1974,VEN,285.524,3.444,9.507,22313.139,1.989,5.124,20532.18,92.018,23.807,4.382,1780.957,7.982,0.46092353,46.092353,Low,5.125
Venezuela,1975,VEN,296.949,4.001,11.425,22536.438,2.971,7.806,20532.18,91.107,15.882,3.619,2004.257,8.893,0.316761488,31.6761488,Low,7.806
Venezuela,1976,VEN,324.691,9.342,27.742,23933.951,8.454,22.872,21628.279,90.367,18.441,4.87,2305.673,9.633,0.175546103,17.55461034,Low,22.872
Venezuela,1977,VEN,361.861,11.448,37.17,25911.5,11.071,32.483,23336.115,90.061,14.984,4.687,2575.381,9.939,0.126096314,12.60963142,Low,32.483
Venezuela,1978,VEN,369.748,2.18,7.888,25725.283,2.358,7.684,23208.76,90.218,0.567,0.204,2516.524,9.782,0.025862069,2.586206897,Low,7.684
Venezuela,1979,VEN,407.654,10.252,37.905,27565.557,9.583,31.968,24718.246,89.671,16.416,5.938,2847.312,10.329,0.156654795,15.66547949,Low,31.967
Venezuela,1980,VEN,456.224,11.915,48.57,29994.125,13.006,47.544,27158.336,90.546,2.437,1.026,2835.789,9.454,0.021124151,2.112415071,Low,47.544
Venezuela,1981,VEN,473.282,3.739,17.058,30264.039,3.771,15.577,27411.127,90.573,3.435,1.481,2852.911,9.427,0.086821433,8.682143276,Low,15.577
Venezuela,1982,VEN,482.674,1.985,9.392,30032.652,1.69,7.246,27123.068,90.312,4.812,2.147,2909.584,9.688,0.228598807,22.85988075,Low,7.245
Venezuela,1983,VEN,480.966,-0.354,-1.708,29132.52,-1.917,-8.358,25897.305,88.895,14.222,6.65,3235.214,11.105,-3.893442623,-389.3442623,Low,-8.358
Venezuela,1984,VEN,490.414,1.964,9.448,28927.447,0.702,3.001,25396.656,87.794,12.069,6.446,3530.79,12.206,0.682260796,68.22607959,Medium,3.002
Venezuela,1985,VEN,503.773,2.724,13.359,28948.621,1.451,6.247,25100.287,86.706,11.881,7.112,3848.333,13.294,0.532375178,53.23751778,Medium,6.247
Venezuela,1986,VEN,541.246,7.439,37.473,30303.463,6.879,30.048,26138.219,86.255,11.087,7.425,4165.244,13.745,0.198142663,19.81426627,Low,30.048
Venezuela,1987,VEN,540.817,-0.079,-0.429,29506.631,-3.692,-17.237,24530.684,83.136,22.592,16.808,4975.946,16.864,-39.17948718,-3917.948718,Low,-17.237
Venezuela,1988,VEN,563.324,4.162,22.507,29962.816,2.796,12.572,24583.363,82.046,10.894,9.935,5379.454,17.954,0.441418225,44.14182254,Low,12.572
Venezuela,1989,VEN,568.061,0.841,4.737,29470.947,0.729,3.368,24152.898,81.955,1.354,1.369,5318.049,18.045,0.289001478,28.90014777,Low,3.368
Venezuela,1990,VEN,603.555,6.248,35.493,30558.836,6.152,28.642,25021.869,81.881,6.684,6.851,5536.968,18.119,0.193023977,19.30239766,Low,28.642
Venezuela,1991,VEN,607.641,0.677,4.086,30042.266,-3.696,-18.265,23530.412,78.324,20.439,22.352,6511.857,21.676,5.470386686,547.0386686,High,-18.266
Venezuela,1992,VEN,657.615,8.224,49.973,31768.111,8.805,41.904,25015.615,78.744,6.127,8.07,6752.499,21.256,0.161487203,16.14872031,Low,41.903
Venezuela,1993,VEN,650.657,-1.058,-6.957,30731.828,-1.462,-7.569,24100.84,78.423,0.438,0.612,6630.988,21.577,-0.087968952,-8.796895213,Low,-7.569
Venezuela,1994,VEN,706.328,8.556,55.671,32638.688,8.705,44.417,25631.277,78.53,8.016,11.254,7007.413,21.47,0.202151928,20.21519283,Low,44.417
Venezuela,1995,VEN,727.397,2.983,21.069,32903.047,3.71,20.578,26021.287,79.085,0.324,0.491,6881.762,20.915,0.023304381,2.330438084,Low,20.578
Venezuela,1996,VEN,708.863,-2.548,-18.534,31404.355,-4.454,-25.622,24350.295,77.538,4.659,7.088,7054.058,22.462,-0.382432287,-38.24322866,Low,-25.622
Venezuela,1997,VEN,749.356,5.712,40.493,32527.557,5.527,30.377,25176.916,77.402,6.353,10.116,7350.642,22.598,0.249820957,24.98209567,Low,30.377
Venezuela,1998,VEN,751.757,0.32,2.402,31984.473,0.08,0.465,24697.244,77.216,1.144,1.937,7287.229,22.784,0.806411324,80.64113239,Medium,0.465
Venezuela,1999,VEN,731.854,-2.648,-19.903,30535.947,-4.792,-27.819,23059.26,75.515,4.622,7.916,7476.689,24.485,-0.397728986,-39.77289856,Low,-27.819
Venezuela,2000,VEN,772.012,5.487,40.158,31603.926,6.043,33.398,23991.543,75.913,3.772,6.76,7612.382,24.087,0.168335076,16.83350764,Low,33.398
Venezuela,2001,VEN,817.002,5.828,44.989,32837.41,9.108,53.38,25700.699,78.267,-3.888,-8.39,7136.71,21.733,-0.186490031,-18.64900309,Low,53.379
Venezuela,2002,VEN,815.842,-0.142,-1.16,32207.334,0.412,2.633,25347.348,78.701,-1.501,-3.793,6859.989,21.299,3.269827586,326.9827586,High,2.633
Venezuela,2003,VEN,734.015,-10.03,-81.827,28470.016,-13.021,-83.607,21660.996,76.084,1.676,1.78,6809.018,23.916,-0.021753211,-2.175321104,Low,-83.607
Venezuela,2004,VEN,816.964,11.301,82.949,31149.805,10.129,56.568,23450.398,75.283,15.765,26.381,7699.405,24.717,0.318038795,31.80387949,Low,56.568
Venezuela,2005,VEN,849.186,3.944,32.222,31841.945,2.182,13.418,23564.996,74.006,10.009,18.804,8276.949,25.994,0.583576438,58.35764385,Medium,13.418
Venezuela,2006,VEN,933.967,9.984,84.781,34461.094,11.753,73.864,25913.639,75.197,5.61,10.918,8547.457,24.803,0.128778854,12.87788538,Low,73.863
Venezuela,2007,VEN,975.662,4.464,41.695,35446.285,5.49,38.559,26916.258,75.935,1.991,3.136,8530.028,24.065,0.075212855,7.521285526,Low,38.559
Venezuela,2008,VEN,1000.321,2.527,24.659,35810.375,2.13,15.78,27087.322,75.641,4.43,8.878,8723.052,24.359,0.36003082,36.00308204,Low,15.781
Venezuela,2009,VEN,1010.782,1.046,10.461,35681.512,1.904,14.405,27219.025,76.283,-1.008,-3.944,8462.482,23.717,-0.377019405,-37.70194054,Low,14.405
Venezuela,2010,VEN,957.009,-5.32,-53.773,33327.812,-3.48,-26.831,25917.682,77.766,-10.691,-26.942,7410.13,22.234,0.501032116,50.10321165,Medium,-26.831
Venezuela,2011,VEN,1009.919,5.529,52.91,34709.691,4.876,36.288,26825.371,77.285,8.473,16.621,7884.317,22.715,0.314137214,31.41372141,Low,36.289
Venezuela,2012,VEN,1054.928,4.457,45.01,35796.172,6.443,50.285,28190.992,78.754,-1.704,-5.275,7605.179,21.246,-0.117196179,-11.71961786,Low,50.285
Venezuela,2013,VEN,1037.009,-1.699,-17.919,34754.629,-1.945,-16.157,27302.201,78.557,-0.185,-1.762,7452.43,21.443,0.09833138,9.83313801,Low,-16.157
Venezuela,2014,VEN,1013.238,-2.292,-23.771,33558.422,-2.414,-19.666,26329.65,78.459,-1.271,-4.106,7228.771,21.541,0.17273148,17.27314795,Low,-19.665
Venezuela,2015,VEN,969.301,-4.336,-43.938,31749.41,-3.439,-27.342,25143.904,79.195,-7.049,-16.596,6605.505,20.805,0.377714052,37.77140516,Low,-27.342
Venezuela,2016,VEN,890.084,-8.173,-79.216,28953.871,-6.045,-46.406,23461.146,81.029,-15.762,-32.81,5492.726,18.971,0.414184003,41.41840032,Low,-46.406
Venezuela,2017,VEN,872.974,-1.922,-17.11,28562.709,-4.847,-34.96,22453.953,78.613,11.224,17.85,6108.755,21.387,-1.043249562,-104.3249562,Low,-34.96
Venezuela,2018,VEN,727.872,-16.622,-145.102,24404.24,-19.125,-131.248,18608.869,76.253,-6.883,-13.854,5795.37,23.747,0.095477664,9.547766399,Low,-131.248
Venezuela,2019,VEN,656.968,-9.741,-70.904,22676.209,-11.482,-63.727,16957.74,74.782,-3.785,-7.177,5718.469,25.218,0.10122137,10.12213697,Low,-63.727
Venezuela,2020,VEN,527.86,-19.652,-129.108,18527.613,-28.486,-139.952,12331.933,66.56,6.938,10.844,6195.679,33.44,-0.083991697,-8.399169687,Low,-139.952
Venezuela,2021,VEN,604.086,14.441,76.226,21421.594,21.392,75.159,15124.241,70.603,0.974,1.067,6297.352,29.397,0.013997849,1.39978485,Low,75.159
Venezuela,2022,VEN,650.279,7.647,46.193,22976.66,10.577,45.112,16663.801,72.525,0.977,1.08,6312.861,27.475,0.023380166,2.338016583,Low,45.113
Venezuela,2023,VEN,703.173,8.134,52.894,24383.117,12.961,61.128,18473.283,75.763,-4.261,-8.234,5909.835,24.237,-0.15566983,-15.56698302,Low,61.128
Vietnam,1965,VNM,29.455,,,786.177,,,,,,,26.834,,0,0,Low,0
Vietnam,1966,VNM,51.482,74.782,22.027,1341.085,,,,,14.706,0.148,30.041,,0.006719027,0.671902665,Low,21.879
Vietnam,1967,VNM,70.941,37.798,19.459,1805.912,,,,,10.256,0.118,32.368,,0.006064032,0.606403207,Low,19.341
Vietnam,1968,VNM,73.566,3.701,2.625,1832.496,,,,,11.628,0.148,35.355,,0.056380952,5.638095238,Low,2.477
Vietnam,1969,VNM,86.89,18.112,13.324,2118.453,,,,,12.5,0.177,38.931,,0.013284299,1.328429901,Low,13.147
Vietnam,1970,VNM,90.643,4.32,3.753,2161.84,,,,,11.111,0.177,42.314,,0.04716227,4.716227018,Low,3.576
Vietnam,1971,VNM,80.825,-10.832,-9.819,1883.297,,,,,2.333,0.041,42.305,,-0.004175578,-0.417557796,Low,-9.86
Vietnam,1972,VNM,78.334,-3.081,-2.49,1784.139,,,,,-31.27,-0.568,28.421,,0.22811245,22.81124498,Low,-1.922
Vietnam,1973,VNM,82.677,5.544,4.343,1841.716,,,,,-0.474,-0.006,27.665,,-0.001381534,-0.13815335,Low,4.349
Vietnam,1974,VNM,61.49,-25.626,-21.187,1339.693,,,,,0,0,27.058,,0,0,Low,-21.187
Vietnam,1975,VNM,68.351,11.157,6.861,1455.21,,,,,19.048,0.237,31.478,,0.03454307,3.454306952,Low,6.624
Vietnam,1976,VNM,39.567,-42.112,-28.784,821.504,,,,,11.4,0.169,34.197,,-0.005871317,-0.58713174,Low,-28.953
Vietnam,1977,VNM,42.325,6.972,2.758,856.468,,,,,7.72,0.127,35.902,,0.046047861,4.604786077,Low,2.631
Vietnam,1978,VNM,43.905,3.733,1.58,865.955,,,,,33.333,0.591,46.657,,0.374050633,37.40506329,Low,0.989
Vietnam,1979,VNM,47.317,7.771,3.412,912.9,,,,,25,0.591,57.05,,0.173212192,17.32121923,Low,2.821
Vietnam,1980,VNM,54.15,14.441,6.833,1022.307,,,,,48.8,1.443,83.069,,0.211181033,21.11810332,Low,5.39
Vietnam,1981,VNM,54.274,0.23,0.125,999.89,,,917.794,91.79,1.277,0.056,82.096,8.21,0.448,44.8,Low,0.069
Vietnam,1982,VNM,57.971,6.811,3.697,1042.047,7.106,3.54,959.129,92.043,3.517,0.157,82.918,7.957,0.042466865,4.246686503,Low,3.54
Vietnam,1983,VNM,60.602,4.538,2.631,1062.978,6.798,3.627,999.545,94.033,-21.603,-0.997,63.433,5.967,-0.378943368,-37.89433675,Low,3.628
Vietnam,1984,VNM,61.138,0.884,0.536,1046.756,-1.011,-0.576,965.802,92.266,30.744,1.112,80.953,7.734,2.074626866,207.4626866,High,-0.576
Vietnam,1985,VNM,61.651,0.839,0.513,1030.753,1.549,0.874,957.732,92.916,-7.63,-0.361,73.021,7.084,-0.703703704,-70.37037037,Low,0.874
Vietnam,1986,VNM,66.832,8.404,5.181,1091.651,9.407,5.388,1023.693,93.775,-4.739,-0.207,67.958,6.225,-0.039953677,-3.99536769,Low,5.388
Vietnam,1987,VNM,75.248,12.593,8.416,1201.461,13.538,8.484,1136.118,94.561,-1.635,-0.068,65.343,5.439,-0.008079848,-0.807984791,Low,8.484
Vietnam,1988,VNM,75.216,-0.043,-0.032,1174.563,-1.737,-1.236,1091.862,92.959,29.408,1.203,82.701,7.041,-37.59375,-3759.375,Low,-1.235
Vietnam,1989,VNM,71.687,-4.692,-3.529,1095.021,-13.704,-9.582,921.665,84.169,114.294,6.053,173.355,15.831,-1.715216775,-171.5216775,Low,-9.582
Vietnam,1990,VNM,77.128,7.59,5.441,1152.668,1.515,0.914,915.402,79.416,39.891,4.527,237.266,20.584,0.832016173,83.20161735,Medium,0.914
Vietnam,1991,VNM,78.514,1.797,1.386,1148.56,-2.314,-1.417,875.306,76.209,17.657,2.803,273.254,23.791,2.022366522,202.2366522,High,-1.417
Vietnam,1992,VNM,85.793,9.27,7.279,1229.321,7.662,4.585,923.067,75.088,14.421,2.694,306.254,24.912,0.370105784,37.01057838,Low,4.585
Vietnam,1993,VNM,97.972,14.197,12.18,1376.473,15.524,10,1045.571,75.96,10.196,2.179,330.902,24.04,0.178899836,17.88998358,Low,10.001
Vietnam,1994,VNM,109.445,11.71,11.473,1509.568,10.338,7.694,1132.588,75.027,16.045,3.779,376.98,24.973,0.329382027,32.93820274,Low,7.694
Vietnam,1995,VNM,127.153,16.179,17.707,1723.892,16.743,13.748,1299.661,75.391,14.487,3.959,424.23,24.609,0.223583893,22.35838934,Low,13.748
Vietnam,1996,VNM,145.773,14.644,18.62,1945.025,15.025,14.403,1471.253,75.642,13.476,4.217,473.772,24.358,0.226476907,22.64769066,Low,14.403
Vietnam,1997,VNM,167.918,15.192,22.146,2207.749,21.025,23.183,1754.551,79.472,-2.923,-1.038,453.198,20.528,-0.046870767,-4.687076673,Low,23.184
Vietnam,1998,VNM,181.61,8.154,13.692,2354.646,11.505,15.354,1929.281,81.935,-4.821,-1.662,425.366,18.065,-0.12138475,-12.13847502,Low,15.354
Vietnam,1999,VNM,188.049,3.545,6.439,2407.067,-0.997,-1.483,1885.72,78.341,24.146,7.922,521.347,21.659,1.230315266,123.0315266,High,-1.483
Vietnam,2000,VNM,214.149,13.879,26.1,2710.707,16.157,23.802,2166.067,79.908,5.641,2.298,544.64,20.092,0.088045977,8.804597701,Low,23.802
Vietnam,2001,VNM,242.045,13.026,27.896,3032.469,10.183,17.426,2362.228,77.898,25.146,10.47,670.241,22.102,0.375322627,37.53226269,Low,17.426
Vietnam,2002,VNM,264.755,9.383,22.71,3283.082,12.247,23.091,2624.408,79.937,-0.066,-0.38,658.674,20.063,-0.016732717,-1.673271686,Low,23.09
Vietnam,2003,VNM,285.329,7.771,20.573,3502.004,8.802,18.629,2826.2,80.702,4.33,1.945,675.805,19.298,0.094541389,9.45413892,Low,18.628
Vietnam,2004,VNM,347.775,21.886,62.446,4225.116,28.733,66.162,3601.323,85.236,-6.152,-3.716,623.794,14.764,-0.059507414,-5.950741441,Low,66.162
Vietnam,2005,VNM,369.791,6.331,22.017,4447.702,8.722,25.856,3876.317,87.153,-6.92,-3.839,571.385,12.847,-0.174365263,-17.43652632,Low,25.856
Vietnam,2006,VNM,338.968,-8.335,-30.823,4037.653,-12.29,-39.61,3367.11,83.393,19.24,8.787,670.543,16.607,-0.285079324,-28.50793239,Low,-39.61
Vietnam,2007,VNM,370.274,9.236,31.306,4368.38,8.456,23.903,3616.92,82.798,13.855,7.402,751.461,17.202,0.236440299,23.6440299,Low,23.904
Vietnam,2008,VNM,457.209,23.479,86.935,5341.395,25.257,77.433,4486.263,83.99,15.654,9.501,855.132,16.01,0.109288549,10.92885489,Low,77.434
Vietnam,2009,VNM,467.725,2.3,10.517,5408.298,-0.061,-0.234,4437.616,82.052,15.399,10.751,970.682,17.948,1.022249691,102.2249691,High,-0.234
Vietnam,2010,VNM,540.225,15.501,72.5,6180.288,20.056,76.971,5271.06,85.288,-4.741,-4.471,909.228,14.712,-0.061668966,-6.166896552,Low,76.971
Vietnam,2011,VNM,597.142,10.536,56.917,6758.891,4.942,22.772,5472.846,80.973,43.849,34.144,1286.045,19.027,0.599891069,59.98910695,Medium,22.773
Vietnam,2012,VNM,624.232,4.537,27.09,6990.175,-1.191,-5.759,5350.003,76.536,29.702,32.849,1640.173,23.464,1.212587671,121.2587671,High,-5.759
Vietnam,2013,VNM,659.404,5.634,35.172,7304.975,4.954,23.669,5554.938,76.043,8.507,11.502,1750.036,23.957,0.327021494,32.70214944,Low,23.67
Vietnam,2014,VNM,728.078,10.415,68.674,7980.199,11.535,57.842,6129.999,76.815,7.501,10.832,1850.2,23.185,0.157730728,15.77307278,Low,57.842
Vietnam,2015,VNM,826.473,13.514,98.395,8964.749,20.651,115.494,7319.206,81.644,-9.597,-17.099,1645.543,18.356,-0.173779155,-17.37791554,Low,115.494
Vietnam,2016,VNM,898.778,8.749,72.306,9651.152,7.691,51.896,7802.978,80.85,14.113,20.409,1848.175,19.15,0.282258734,28.22587337,Low,51.897
Vietnam,2017,VNM,963.632,7.216,64.853,10247.799,0.914,6.64,7798.362,76.098,34.599,58.214,2449.437,23.902,0.897630025,89.76300248,Medium,6.639
Vietnam,2018,VNM,1083.274,12.416,119.642,11413.172,17.354,127.256,9066.697,79.441,-2.807,-7.614,2346.476,20.559,-0.063639859,-6.363985891,Low,127.256
Vietnam,2019,VNM,1202.636,11.019,119.362,12556.66,17.671,152.068,10572.792,84.201,-14.355,-32.706,1983.869,15.799,-0.274006803,-27.40068028,Low,152.068
Vietnam,2020,VNM,1204.393,0.146,1.758,12461.562,-3.114,-31.529,10151.176,81.46,17.971,33.287,2310.385,18.54,18.93458476,1893.458476,High,-31.529
Vietnam,2021,VNM,1208.554,0.345,4.16,12399.49,-5.769,-56.598,9485.157,76.496,27.705,60.759,2914.334,23.504,14.60552885,1460.552885,High,-56.599
Vietnam,2022,VNM,1244.068,2.939,35.514,12670.408,-2.436,-22.524,9186.313,72.502,20.873,58.038,3484.093,27.498,1.634228755,163.4228755,High,-22.524
Vietnam,2023,VNM,1358.732,9.217,114.665,13744.149,16.362,147.58,10616.693,77.245,-9.382,-32.915,3127.455,22.755,-0.287053591,-28.70535909,Low,147.58
Western Sahara,1980,ESH,0.693,,,5935.988,,,,,,,,,0,0,Low,0
Western Sahara,1981,ESH,0.691,-0.273,-0.002,5484.367,,,,,,,,,0,0,Low,-0.002
Western Sahara,1982,ESH,0.754,9.091,0.063,5654.562,,,,,,,,,0,0,Low,0.063
Western Sahara,1983,ESH,0.754,0,0,5415.622,,,,,,,,,0,0,Low,0
Western Sahara,1984,ESH,0.756,0.274,0.002,5227.252,,,,,,,,,0,0,Low,0.002
Western Sahara,1985,ESH,0.817,8.037,0.061,5439.588,,,,,,,,,0,0,Low,0.061
Western Sahara,1986,ESH,0.789,-3.405,-0.028,5065.964,,,,,,,,,0,0,Low,-0.028
Western Sahara,1987,ESH,0.802,1.669,0.013,4972.738,,,,,,,,,0,0,Low,0.013
Western Sahara,1988,ESH,0.804,0.238,0.002,4815.207,,,,,,,,,0,0,Low,0.002
Western Sahara,1989,ESH,0.802,-0.238,-0.002,4644.882,,,,,,,,,0,0,Low,-0.002
Western Sahara,1990,ESH,0.865,7.765,0.062,4843.432,,,,,,,,,0,0,Low,0.062
Western Sahara,1991,ESH,0.865,0,0,4692.059,,,,,,,,,0,0,Low,0
Western Sahara,1992,ESH,0.867,0.241,0.002,4567.228,,,,,,,,,0,0,Low,0.002
Western Sahara,1993,ESH,0.826,-4.685,-0.041,4234.019,,,,,,,,,0,0,Low,-0.041
Western Sahara,1994,ESH,0.826,0,0,4121.363,,,,,,,,,0,0,Low,0
Western Sahara,1995,ESH,0.932,12.804,0.106,4472.292,,,,,,,,,0,0,Low,0.106
Western Sahara,1996,ESH,0.934,0.243,0.002,4250.851,,,,,,,,,0,0,Low,0.002
Western Sahara,1997,ESH,0.932,-0.243,-0.002,4015.368,,,,,,,,,0,0,Low,-0.002
Western Sahara,1998,ESH,0.932,0,0,3810.283,,,,,,,,,0,0,Low,0
Western Sahara,1999,ESH,0.932,0.001,0,3622.245,,,,,,,,,0,0,Low,0
Western Sahara,2000,ESH,1.069,14.691,0.137,3953.299,,,,,,,,,0,0,Low,0.137
Western Sahara,2001,ESH,1.069,0,0,3766.286,,,,,,,,,0,0,Low,0
Western Sahara,2002,ESH,1.069,0,0,3594.004,,,,,,,,,0,0,Low,0
Western Sahara,2003,ESH,1.069,0,0,3434.971,,,,,,,,,0,0,Low,0
Western Sahara,2004,ESH,1.069,0,0,3287.747,,,,,,,,,0,0,Low,0
Western Sahara,2005,ESH,1.069,0,0,3151.369,,,,,,,,,0,0,Low,0
Western Sahara,2006,ESH,1.069,0,0,3022.416,,,,,,,,,0,0,Low,0
Western Sahara,2007,ESH,1.069,0,0,2901.229,,,,,,,,,0,0,Low,0
Western Sahara,2008,ESH,1.069,0,0,2790.339,,,,,,,,,0,0,Low,0
Western Sahara,2009,ESH,1.069,0,0,2686.304,,,,,,,,,0,0,Low,0
Western Sahara,2010,ESH,1.069,0,0,2586.282,,,,,,,,,0,0,Low,0
Western Sahara,2011,ESH,1.069,0,0,2489.957,,,,,,,,,0,0,Low,0
Western Sahara,2012,ESH,1.072,0.274,0.003,2403.526,,,,,,,,,0,0,Low,0.003
Western Sahara,2013,ESH,1.069,-0.273,-0.003,2309.894,,,,,,,,,0,0,Low,-0.003
Western Sahara,2014,ESH,1.069,0,0,2236.145,,,,,,,,,0,0,Low,0
Western Sahara,2015,ESH,1.068,-0.085,-0.001,2171.494,,,,,,,,,0,0,Low,-0.001
Western Sahara,2016,ESH,1.066,-0.226,-0.002,2108.197,,,,,,,,,0,0,Low,-0.002
Western Sahara,2017,ESH,1.088,2.092,0.022,2096.699,,,,,,,,,0,0,Low,0.022
Western Sahara,2018,ESH,1.088,0,0,2044.897,,,,,,,,,0,0,Low,0
Western Sahara,2019,ESH,1.088,0,0,1996.59,,,,,,,,,0,0,Low,0
Western Sahara,2020,ESH,1.039,-4.517,-0.049,1868.086,,,,,,,,,0,0,Low,-0.049
Western Sahara,2021,ESH,1.096,5.517,0.057,1937.933,,,,,,,,,0,0,Low,0.057
Yemen,1980,YEM,27.986,,,3040.326,,,,,,,,,0,0,Low,0
Yemen,1981,YEM,28.53,1.943,0.544,2993.957,,,,,,,,,0,0,Low,0.544
Yemen,1982,YEM,33.491,17.391,4.962,3392.47,,,,,,,,,0,0,Low,4.962
Yemen,1983,YEM,31.011,-7.407,-2.481,3029.151,,,,,,,,,0,0,Low,-2.481
Yemen,1984,YEM,38.559,24.34,7.548,3628.803,,,,,,,,,0,0,Low,7.548
Yemen,1985,YEM,42.795,10.986,4.236,3877.409,,,,,,,,,0,0,Low,4.236
Yemen,1986,YEM,41.182,-3.768,-1.613,3591.844,,,,,,,,,0,0,Low,-1.613
Yemen,1987,YEM,40.839,-0.834,-0.343,3427.334,,,,,,,,,0,0,Low,-0.343
Yemen,1988,YEM,42.122,3.143,1.283,3400.437,,,,,,,,,0,0,Low,1.283
Yemen,1989,YEM,44.991,6.81,2.869,3495.129,,,,,,,,,0,0,Low,2.869
Yemen,1990,YEM,47.06,4.6,2.069,3518.467,,,,,,,,,0,0,Low,2.069
Yemen,1991,YEM,48.701,3.487,1.641,3504.712,,,,,,,,,0,0,Low,1.641
Yemen,1992,YEM,51.048,4.82,2.347,3536.721,,,,,,,,,0,0,Low,2.347
Yemen,1993,YEM,42.062,-17.604,-8.986,2806.359,,,,,,,,,0,0,Low,-8.986
Yemen,1994,YEM,39.834,-5.297,-2.228,2561.124,,,,,,,,,0,0,Low,-2.228
Yemen,1995,YEM,44.171,10.889,4.337,2742.97,,,,,,,,,0,0,Low,4.337
Yemen,1996,YEM,44.434,0.595,0.263,2674.42,,,,,,,,,0,0,Low,0.263
Yemen,1997,YEM,45.845,3.175,1.411,2679.612,,,,,,,,,0,0,Low,1.411
Yemen,1998,YEM,49.638,8.275,3.794,2819.064,,,,,,,,,0,0,Low,3.794
Yemen,1999,YEM,37.27,-24.918,-12.369,2057.448,,,,,,,,,0,0,Low,-12.369
Yemen,2000,YEM,60.137,61.357,22.868,3228.21,,,,,,,,,0,0,Low,22.868
Yemen,2001,YEM,64.713,7.608,4.575,3380.405,,,,,,,,,0,0,Low,4.575
Yemen,2002,YEM,65.28,0.876,0.567,3320.324,,,,,,,,,0,0,Low,0.567
Yemen,2003,YEM,74.844,14.652,9.565,3707.222,,,,,,,,,0,0,Low,9.565
Yemen,2004,YEM,79.023,5.583,4.179,3811.397,,,,,,,,,0,0,Low,4.179
Yemen,2005,YEM,83.285,5.393,4.262,3906.308,,,,,,,,,0,0,Low,4.262
Yemen,2006,YEM,83.214,-0.086,-0.071,3788.246,,,,,,,,,0,0,Low,-0.071
Yemen,2007,YEM,88.354,6.177,5.14,3902.286,,,,,,,,,0,0,Low,5.14
Yemen,2008,YEM,92.777,5.006,4.423,3976.89,,,,,,,,,0,0,Low,4.423
Yemen,2009,YEM,102.78,10.782,10.003,4277.224,,,,,,,,,0,0,Low,10.003
Yemen,2010,YEM,99.737,-2.961,-3.043,4030.759,,,,,,,,,0,0,Low,-3.043
Yemen,2011,YEM,83.801,-15.978,-15.936,3289.451,,,,,,,,,0,0,Low,-15.936
Yemen,2012,YEM,72.614,-13.35,-11.187,2769.04,,,,,,,,,0,0,Low,-11.187
Yemen,2013,YEM,102.481,41.131,29.867,3797.829,,,,,,,,,0,0,Low,29.867
Yemen,2014,YEM,97.007,-5.341,-5.474,3495.329,,,,,,,,,0,0,Low,-5.474
Yemen,2015,YEM,52.388,-45.996,-44.619,1837.103,,,,,,,,,0,0,Low,-44.619
Yemen,2016,YEM,41.937,-19.95,-10.451,1432.552,,,,,,,,,0,0,Low,-10.451
Yemen,2017,YEM,38.711,-7.692,-3.226,1288.877,,,,,,,,,0,0,Low,-3.226
Yemen,2018,YEM,36.047,-6.88,-2.663,1170.726,,,,,,,,,0,0,Low,-2.663
Yemen,2019,YEM,46.562,29.171,10.515,1475.985,,,,,,,,,0,0,Low,10.515
Yemen,2020,YEM,35.254,-24.286,-11.308,1092.002,,,,,,,,,0,0,Low,-11.308
Yemen,2021,YEM,35.621,1.042,0.367,1080.039,,,,,,,,,0,0,Low,0.367
Zambia,1980,ZMB,39.013,,,6819.864,,,,,,,,,0,0,Low,0
Zambia,1981,ZMB,38.826,-0.48,-0.187,6583.403,,,,,,,,,0,0,Low,-0.187
Zambia,1982,ZMB,39.679,2.197,0.853,6514.488,,,,,,,,,0,0,Low,0.853
Zambia,1983,ZMB,39.513,-0.418,-0.166,6280.752,,,,,,,,,0,0,Low,-0.166
Zambia,1984,ZMB,38.237,-3.23,-1.276,5893.371,,,,,,,,,0,0,Low,-1.276
Zambia,1985,ZMB,37.874,-0.948,-0.362,5664.311,,,,,,,,,0,0,Low,-0.362
Zambia,1986,ZMB,37.697,-0.469,-0.178,5470.419,,,,,,,,,0,0,Low,-0.178
Zambia,1987,ZMB,34.94,-7.312,-2.757,4924.463,,,,,,,,,0,0,Low,-2.757
Zambia,1988,ZMB,35.643,2.013,0.703,4886.428,,,,,,,,,0,0,Low,0.703
Zambia,1989,ZMB,30.656,-13.991,-4.987,4092.261,,,,,,,,,0,0,Low,-4.987
Zambia,1990,ZMB,32.95,7.481,2.293,4286.728,,,,,,,,,0,0,Low,2.293
Zambia,1991,ZMB,31.705,-3.776,-1.244,4023.271,,,,,,,,,0,0,Low,-1.244
Zambia,1992,ZMB,32.522,2.575,0.816,4027.771,,,,,,,,,0,0,Low,0.816
Zambia,1993,ZMB,31.087,-4.411,-1.434,3758.614,,,,,,,,,0,0,Low,-1.434
Zambia,1994,ZMB,30.925,-0.52,-0.162,3649.358,,,,,,,,,0,0,Low,-0.162
Zambia,1995,ZMB,29.714,-3.919,-1.212,3421.593,,,,,,,,,0,0,Low,-1.212
Zambia,1996,ZMB,28.266,-4.872,-1.448,3175.215,,,,,,,,,0,0,Low,-1.448
Zambia,1997,ZMB,30.58,8.188,2.315,3348.278,,,,,,,,,0,0,Low,2.315
Zambia,1998,ZMB,29.939,-2.096,-0.641,3194.412,,,,,,,,,0,0,Low,-0.641
Zambia,1999,ZMB,29.044,-2.99,-0.895,3018.763,,,,,,,,,0,0,Low,-0.895
Zambia,2000,ZMB,29.192,0.51,0.148,2951.367,,,,,,,,,0,0,Low,0.148
Zambia,2001,ZMB,30.553,4.659,1.36,2997.712,,,,,,,,,0,0,Low,1.36
Zambia,2002,ZMB,31.591,3.4,1.039,3006.324,,,,,,,,,0,0,Low,1.039
Zambia,2003,ZMB,32.73,3.603,1.138,3019.908,,,,,,,,,0,0,Low,1.138
Zambia,2004,ZMB,33.71,2.994,0.98,3013,,,,,,,,,0,0,Low,0.98
Zambia,2005,ZMB,35.483,5.261,1.773,3068.174,,,,,,,,,0,0,Low,1.773
Zambia,2006,ZMB,36.687,3.392,1.203,3064.469,,,,,,,,,0,0,Low,1.203
Zambia,2007,ZMB,34.643,-5.57,-2.043,2793.334,,,,,,,,,0,0,Low,-2.043
Zambia,2008,ZMB,35.817,3.388,1.174,2786.65,,,,,,,,,0,0,Low,1.174
Zambia,2009,ZMB,36.424,1.694,0.607,2734.891,,,,,,,,,0,0,Low,0.607
Zambia,2010,ZMB,38.178,4.818,1.755,2768.134,,,,,,,,,0,0,Low,1.755
Zambia,2011,ZMB,42.771,12.03,4.593,2998.159,,,,,,,,,0,0,Low,4.593
Zambia,2012,ZMB,45.955,7.444,3.184,3116.737,,,,,,,,,0,0,Low,3.184
Zambia,2013,ZMB,48.73,6.037,2.774,3198.529,,,,,,,,,0,0,Low,2.774
Zambia,2014,ZMB,52.303,7.333,3.573,3323.385,,,,,,,,,0,0,Low,3.573
Zambia,2015,ZMB,50.614,-3.228,-1.688,3115.068,,,,,,,,,0,0,Low,-1.688
Zambia,2016,ZMB,47.733,-5.693,-2.882,2846.699,,,,,,,,,0,0,Low,-2.882
Zambia,2017,ZMB,55.39,16.041,7.657,3202.072,,,,,,,,,0,0,Low,7.657
Zambia,2018,ZMB,62.328,12.527,6.939,3494.537,,,,,,,,,0,0,Low,6.939
Zambia,2019,ZMB,54.845,-12.006,-7.483,2983.882,,,,,,,,,0,0,Low,-7.483
Zambia,2020,ZMB,58.659,6.953,3.813,3099.083,,,,,,,,,0,0,Low,3.813
Zambia,2021,ZMB,66.576,13.497,7.917,3418.863,,,,,,,,,0,0,Low,7.917
Zimbabwe,1980,ZWE,41.461,,,5881.116,,,,,,,,,0,0,Low,0
Zimbabwe,1981,ZWE,41.724,0.632,0.262,5558.31,,,,,,,,,0,0,Low,0.262
Zimbabwe,1982,ZWE,39.537,-5.24,-2.186,5066.383,,,,,,,,,0,0,Low,-2.186
Zimbabwe,1983,ZWE,40.83,3.269,1.292,5036.753,,,,,,,,,0,0,Low,1.292
Zimbabwe,1984,ZWE,40.838,0.02,0.008,4862.486,,,,,,,,,0,0,Low,0.008
Zimbabwe,1985,ZWE,42.914,5.085,2.076,4938.069,,,,,,,,,0,0,Low,2.076
Zimbabwe,1986,ZWE,48.001,11.853,5.087,5343.503,,,,,,,,,0,0,Low,5.087
Zimbabwe,1987,ZWE,54.2,12.914,6.199,5842.102,,,,,,,,,0,0,Low,6.199
Zimbabwe,1988,ZWE,53.48,-1.328,-0.72,5589.067,,,,,,,,,0,0,Low,-0.72
Zimbabwe,1989,ZWE,57.918,8.298,4.438,5882.189,,,,,,,,,0,0,Low,4.438
Zimbabwe,1990,ZWE,61.265,5.779,3.347,6057.528,,,,,,,,,0,0,Low,3.347
Zimbabwe,1991,ZWE,62.641,2.246,1.376,6036.091,,,,,,,,,0,0,Low,1.376
Zimbabwe,1992,ZWE,57.597,-8.053,-5.045,5412.468,,,,,,,,,0,0,Low,-5.045
Zimbabwe,1993,ZWE,55.572,-3.516,-2.025,5147.958,,,,,,,,,0,0,Low,-2.025
Zimbabwe,1994,ZWE,53.191,-4.284,-2.38,4898.543,,,,,,,,,0,0,Low,-2.38
Zimbabwe,1995,ZWE,52.71,-0.905,-0.482,4794.385,,,,,,,,,0,0,Low,-0.482
Zimbabwe,1996,ZWE,54.152,2.736,1.442,4844.43,,,,,,,,,0,0,Low,1.442
Zimbabwe,1997,ZWE,53.431,-1.33,-0.72,4702.475,,,,,,,,,0,0,Low,-0.72
Zimbabwe,1998,ZWE,53.856,0.794,0.424,4663.501,,,,,,,,,0,0,Low,0.424
Zimbabwe,1999,ZWE,62.036,15.188,8.18,5294.742,,,,,,,,,0,0,Low,8.18
Zimbabwe,2000,ZWE,58.221,-6.149,-3.815,4919.522,,,,,,,,,0,0,Low,-3.815
Zimbabwe,2001,ZWE,54.969,-5.586,-3.252,4614.958,,,,,,,,,0,0,Low,-3.252
Zimbabwe,2002,ZWE,54.665,-0.553,-0.304,4561.243,,,,,,,,,0,0,Low,-0.304
Zimbabwe,2003,ZWE,53.102,-2.86,-1.563,4397.342,,,,,,,,,0,0,Low,-1.563
Zimbabwe,2004,ZWE,49.194,-7.359,-3.908,4045.232,,,,,,,,,0,0,Low,-3.908
Zimbabwe,2005,ZWE,50.86,3.387,1.666,4160.413,,,,,,,,,0,0,Low,1.666
Zimbabwe,2006,ZWE,51.28,0.825,0.42,4158.782,,,,,,,,,0,0,Low,0.42
Zimbabwe,2007,ZWE,50.259,-1.99,-1.02,4036.72,,,,,,,,,0,0,Low,-1.02
Zimbabwe,2008,ZWE,41.728,-16.975,-8.531,3324.86,,,,,,,,,0,0,Low,-8.531
Zimbabwe,2009,ZWE,41.264,-1.113,-0.464,3254.282,,,,,,,,,0,0,Low,-0.464
Zimbabwe,2010,ZWE,46.129,11.791,4.865,3592.672,,,,,,,,,0,0,Low,4.865
Zimbabwe,2011,ZWE,50.29,9.02,4.161,3860.79,,,,,,,,,0,0,Low,4.161
Zimbabwe,2012,ZWE,54.48,8.332,4.19,4106.95,,,,,,,,,0,0,Low,4.19
Zimbabwe,2013,ZWE,55.378,1.649,0.898,4085.332,,,,,,,,,0,0,Low,0.898
Zimbabwe,2014,ZWE,54.604,-1.398,-0.774,3940.886,,,,,,,,,0,0,Low,-0.774
Zimbabwe,2015,ZWE,54.651,0.086,0.047,3860.92,,,,,,,,,0,0,Low,0.047
Zimbabwe,2016,ZWE,46.649,-14.643,-8.002,3227.68,,,,,,,,,0,0,Low,-8.002
Zimbabwe,2017,ZWE,45.257,-2.984,-1.392,3068.011,,,,,,,,,0,0,Low,-1.392
Zimbabwe,2018,ZWE,51.809,14.479,6.553,3441.986,,,,,,,,,0,0,Low,6.553
Zimbabwe,2019,ZWE,46.12,-10.982,-5.689,3003.655,,,,,,,,,0,0,Low,-5.689
Zimbabwe,2020,ZWE,41.997,-8.94,-4.123,2680.132,,,,,,,,,0,0,Low,-4.123
Zimbabwe,2021,ZWE,42.145,0.354,0.149,2635.154,,,,,,,,,0,0,Low,0.149
